category,word,def,example
日常生活對話,able,adj. 能;有能力的,
日常生活對話,above,"adj. 上文的,前述的",
日常生活對話,adult,adj. 成年的;成熟的;色情的,
日常生活對話,afraid,adj. 害怕,
日常生活對話,all,adj. 所有的;全部,
日常生活對話,alone,adj. 單獨的;孤單的,
自然與環境,angry,adj. 生氣的,
日常生活對話,another,adj. 另一個,
日常生活對話,any,adj. 任何的,
日常生活對話,back,adj. 後面的;拖欠的;過去的,
日常生活對話,bad,adj. 壞的,
日常生活對話,basic,adj. 基本的,
日常生活對話,beautiful,adj. 漂亮的,
日常生活對話,best,adj. 最好的;最熟練的;最適當的,
日常生活對話,better,adj. 較佳的;更好的;更適當的,
日常生活對話,big,adj. 大的,
日常生活對話,black,adj. 黑色的,
日常生活對話,blue,adj. 藍色的,
日常生活對話,born,adj. 出生的;誕生的,
日常生活對話,both,adj. 兩者,
日常生活對話,bottom,"adj. 最低的;最後的,最下的",
情緒與性格,brave,adj. 勇敢的,
日常生活對話,bright,adj. 光亮的,
日常生活對話,brown,adj. 褐色的;棕色的,
日常生活對話,busy,adj. 忙碌的,
日常生活對話,careful,adj. 小心的,
日常生活對話,certain,adj. 肯定的,
日常生活對話,chief,adj. 為首的;主要的,
日常生活對話,clean,adj. 乾淨的,
日常生活對話,clear,adj. 清楚的;晴朗的,
日常生活對話,close,adj. 近的;密切的,
日常生活對話,cold,adj. 寒冷的,
日常生活對話,common,adj. 常見的,
日常生活對話,cool,adj. 涼快的;很棒的;酷,
日常生活對話,correct,adj. 正確的,
情緒與性格,cute,adj. 可愛的,
日常生活對話,dark,adj. 黑暗的,
日常生活對話,dead,adj. 死的,
情緒與性格,dear,adj. 親愛的,
日常生活對話,deep,adj. 深的,
日常生活對話,different,adj. 不同的,
日常生活對話,difficult,adj. 困難的,
日常生活對話,direct,adj. 直接的,
日常生活對話,dirty,adj. 骯髒的,
日常生活對話,down,"adj. 情緒低落,消沈;(分期付款的)第一期的",
日常生活對話,downstairs,adj. 樓下的,
日常生活對話,dry,adj. 乾的,
日常生活對話,each,adj. 每個,
日常生活對話,early,adj. 早的;提早的,
日常生活對話,east,adj. 東方的,
日常生活對話,easy,adj. 容易的,
日常生活對話,eight,adj. 八的,
日常生活對話,eighteen,adj. 十八的,
日常生活對話,eighty,adj. 八十的,
日常生活對話,either,adj. 兩者之一,
日常生活對話,eleven,adj. 十一的,
日常生活對話,English,adj. 英格蘭的;英國的;英國人的;英語的,
日常生活對話,enough,adj. 足夠的,
日常生活對話,equal,adj. 相等的; 平等的,
日常生活對話,even,adj. 均勻的;偶數的;平手的,
日常生活對話,every,adj. 每一個的,
日常生活對話,false,adj. 假的,
日常生活對話,far,adj. 遠的,
日常生活對話,fast,adj. 快的,
日常生活對話,fat,adj. 胖的,
日常生活對話,few,adj. 少數的;一些,
日常生活對話,fifteen,adj. 十五的,
日常生活對話,fifty,adj. 五十的,
日常生活對話,final,adj. 最終的,
日常生活對話,fine,adj. 好的,
日常生活對話,first,adj. 第一的,
日常生活對話,five,adj. 五的,
交通與旅遊,foreign,"adj. 外國的,陌生的,外來的",
日常生活對話,forty,adj. 四十的,
日常生活對話,four,adj. 四的,
日常生活對話,fourteen,adj. 十四的,
日常生活對話,free,adj. 空閒的;自由的;免費的,
日常生活對話,fresh,adj. 新鮮的,
日常生活對話,front,adj. 前面的;正面的,
飲食與餐飲,full,adj. 飽的;滿的,
日常生活對話,funny,adj. 可笑的;滑稽的,
日常生活對話,general,adj. 普遍的,
日常生活對話,glad,adj. 高興的,
日常生活對話,gold,adj. 金製的,
日常生活對話,good,adj. 好的,
日常生活對話,grand,adj. 雄偉的;總的,
日常生活對話,gray,adj. 灰色的,
日常生活對話,great,adj. 很棒;大的,
日常生活對話,green,adj. 綠色的,
日常生活對話,grey,adj. 灰色的,
日常生活對話,half,"adj. 一半的,二分之一的;不完整的",
休閒與運動,happy,adj. 快樂的,
日常生活對話,hard,adj. 硬的;難的,
日常生活對話,heavy,adj. 重的,
日常生活對話,high,adj. 高的,
居家與生活,home,adj. 家庭的;國內的,
日常生活對話,hot,adj. 熱的,
日常生活對話,huge,adj. 巨大的,
日常生活對話,human,adj. 人類的,
日常生活對話,hundred,adj. 一百的,
飲食與餐飲,hungry,adj. 飢餓的,
日常生活對話,important,adj. 重要的,
日常生活對話,in,adj. 在裡面的,
日常生活對話,inside,"adj. 裡面的,內側的;內幕的",
日常生活對話,iron,adj. 鐵的;剛強的;殘酷的,
日常生活對話,just,adj. 正直的;公平的;應得的;正確的,
日常生活對話,key,"adj. 重要的,基本的,關鍵的",
日常生活對話,kind,adj. 仁慈的,
日常生活對話,large,adj. 大的,
日常生活對話,last,adj. 最後的,
日常生活對話,late,adj. 晚的;遲的,
日常生活對話,lazy,adj. 懶惰的,
日常生活對話,least,adj. 最小的;最少的;最不重要的,
日常生活對話,left,adj. 左邊的,
日常生活對話,less,adj. 較少的,
教育與學術,level,"adj. 水平的,平的;筆直的",
日常生活對話,light,adj. 輕的,
日常生活對話,likely,adj. 有可能的,
日常生活對話,little,adj. 很少的,
日常生活對話,live,"adj. 活的,有生命的;燃著的;實況播送的",
日常生活對話,long,adj. 長的,
日常生活對話,loud,adj. 大聲的,
日常生活對話,low,adj. 低的;矮的,
休閒與運動,lucky,adj. 幸運的,
日常生活對話,mad,adj. 發火;發瘋;發狂的,
日常生活對話,many,adj. 很多的,
日常生活對話,mean,adj. 兇的;吝嗇的,
日常生活對話,middle,adj. 中間的,
日常生活對話,more,adj. 更多的,
日常生活對話,most,adj. 最多的;大部分的,
日常生活對話,much,adj. 很多的,
日常生活對話,near,adj. 近的,
日常生活對話,new,adj. 新的,
日常生活對話,next,adj. 下一個,
日常生活對話,nice,adj. 好的,
日常生活對話,nine,adj. 九的,
日常生活對話,nineteen,adj. 十九的,
日常生活對話,ninety,adj. 九十的,
日常生活對話,no,adj. 沒有;不,
日常生活對話,noisy,adj. 喧鬧的,
日常生活對話,north,adj. 北方的,
日常生活對話,O.K. (adj.),可以的;不錯的;很好的,
日常生活對話,off,adj. 離去的;偏離的;休假的;關著的,
日常生活對話,OK,adj. 好吧,
日常生活對話,okay,adj. 對;可以;不錯,
日常生活對話,old,adj. 年老的,
日常生活對話,one,adj. 一個的,
日常生活對話,open,adj. 打開的;空曠的;未定的;營業的;公開的,
日常生活對話,orange,adj. 橙色的,
日常生活對話,other,adj. 其他的,
日常生活對話,out,adj. 在外的,
日常生活對話,outside,"adj. 外邊的,外部的",
日常生活對話,own,adj. 自己的,
日常生活對話,past,adj. 過去的,
日常生活對話,poor,adj. 貧窮的,
日常生活對話,possible,adj. 可能的,
日常生活對話,pretty,adj. 漂亮的,
日常生活對話,public,adj. 公開的;公立的,
日常生活對話,purple,adj. 紫色的,
日常生活對話,quick,adj. 快的,
日常生活對話,quiet,adj. 安靜的,
日常生活對話,ready,adj. 準備好的,
日常生活對話,real,adj. 真實的,
日常生活對話,red,adj. 紅色的,
日常生活對話,rich,adj. 富有的,
日常生活對話,right,adj. 右邊;對的,
日常生活對話,round,adj. 圓形的,
日常生活對話,sad,adj. 難過的,
日常生活對話,safe,adj. 安全的,
飲食與餐飲,salt,"adj. 鹹水的;含鹽的;(故事,笑話等)猥褻的",
日常生活對話,same,adj. 相同的,
日常生活對話,second,"adj. 第二的;次要的,副的,從屬的",
日常生活對話,selfish,adj. 自私的,
日常生活對話,seven,adj. 七的,
日常生活對話,seventeen,adj. 十七的,
日常生活對話,seventy,adj. 七十的,
日常生活對話,several,adj. 幾個的,
情緒與性格,sharp,adj. 尖銳的;敏銳的,
日常生活對話,short,adj. 矮的;短的,
日常生活對話,shy,adj. 害羞的,
醫療與健康,sick,adj. 生病的,
日常生活對話,silly,adj. 傻的;無聊的,
日常生活對話,silver,adj. 銀的;銀白的,
日常生活對話,simple,adj. 簡單的,
日常生活對話,six,adj. 六的,
日常生活對話,sixteen,adj. 十六的,
日常生活對話,sixty,adj. 六十的,
日常生活對話,slow,adj. 緩慢的,
日常生活對話,small,adj. 小的,
日常生活對話,smart,adj. 聰明的,
日常生活對話,soft,adj. 柔軟的,
日常生活對話,some,adj. 一些的,
日常生活對話,sorry,adj. 抱歉;遺憾的,
日常生活對話,sound,"adj. 完好的;堅固的;合理的,明智的;殷實的",
飲食與餐飲,sour,adj. 酸的,
日常生活對話,south,adj. 南方的,
日常生活對話,special,adj. 特別的,
日常生活對話,still,adj. 靜止的,
日常生活對話,strange,adj. 奇怪的,
日常生活對話,strong,adj. 強壯的,
日常生活對話,stupid,adj. 笨的,
日常生活對話,such,adj. 如此的,
日常生活對話,super,adj. 超級的,
日常生活對話,sure,adj. 確定,
飲食與餐飲,sweet,adj. 甜的,
日常生活對話,tall,adj. 高的,
日常生活對話,ten,adj. 十的,
日常生活對話,that,adj. 那;那個,
日常生活對話,then,adj. 當時的,
日常生活對話,these,adj. 這些 (this 的複數),
日常生活對話,third,adj. 第三,
日常生活對話,thirteen,adj. 十三的,
日常生活對話,thirty,adj. 三十的,
日常生活對話,this,adj. 這,
日常生活對話,those,adj. 那些的;那,
日常生活對話,thousand,adj. 千的,
日常生活對話,three,adj. 三的,
日常生活對話,tiny,adj. 微小的,
日常生活對話,top,adj. 最高的,
日常生活對話,total,adj. 總的,
日常生活對話,true,adj. 真實的;正確的,
日常生活對話,twelve,adj. 十二的,
日常生活對話,twenty,adj. 二十的,
日常生活對話,two,adj. 二的,
日常生活對話,up,adj. 向上的;上行的,
日常生活對話,upstairs,adj. 樓上的,
日常生活對話,useful,adj. 有用的,
日常生活對話,warm,adj. 溫暖的,
日常生活對話,weak,adj. 虛弱的,
日常生活對話,welcome,adj. 受歡迎的;令人愉快的;被允許的,
醫療與健康,well,adj. 健康的,
日常生活對話,west,adj. 西方的,
日常生活對話,what,"adj. 什麼;多麼,何等",
日常生活對話,which,"adj. 哪一個,哪一些;這個,這些",
日常生活對話,white,adj. 白色的,
日常生活對話,whole,adj. 完整的,
日常生活對話,wide,"adj. 寬的,廣泛的",
日常生活對話,worse,"adj. 更壞的,更差的",
日常生活對話,worst,adj. 最壞的;最差的,
日常生活對話,wrong,adj. 錯誤的,
日常生活對話,yellow,adj. 黃色的,
日常生活對話,young,adj. 年輕的,
日常生活對話,yucky,adj. 討人厭的;噁心的,
飲食與餐飲,yummy,adj. 好吃的,
休閒與運動,act,v. 扮演,
日常生活對話,add,v. 添加,
日常生活對話,address,v. 寫上收件人姓名地址;向...致詞,
飲食與餐飲,age,v. 使變老;使(酒之)味道變醇;使成熟,
日常生活對話,agree,v. 同意,
日常生活對話,allow,v. 允許,
休閒與運動,am,"v. 是,在; be 動詞第一人稱,單數,現在式",
日常生活對話,answer,v. 回答,
日常生活對話,ape,v. 模仿,
日常生活對話,appear,v. 出現,
休閒與運動,are,"v. 是,在; be 動詞第一、第三人稱, 複數, 現在式; 第二次人單、複數, 現在式",
日常生活對話,ask,v. 問,
日常生活對話,back,v. 向後;追溯;回覆;贊助,
休閒與運動,ball,v. 使成球形; 呈球狀,
交通與旅遊,balloon,v. 像氣球般鼓起(或膨脹);乘氣球上升;激增,
日常生活對話,bank,v. 存(款)於銀行;築堤防護;堆積,
居家與生活,bar,v. 閂住;阻攔;禁止,
日常生活對話,base,v. 以...為基地,
日常生活對話,bat,v. 揮打;眨(眼),
居家與生活,bathe,v. 洗澡,
日常生活對話,be,v. 是;要;有;在,
交通與旅遊,beach,v. 將(船等)拖上岸,
日常生活對話,beat,v. 擊敗;敲擊,
日常生活對話,become,v. 變成,
日常生活對話,begin,v. 開始,
日常生活對話,believe,v. 相信,
日常生活對話,belong,v. 屬於,
日常生活對話,best,v. 打敗;勝過,
情緒與性格,better,v. 改善;提高;超過;變得較好,
日常生活對話,bite,v. 咬,
日常生活對話,block,v. 阻塞,
日常生活對話,blow,v. 吹,
商務與職場,book,v. 預訂;預雇;預約;登記,
日常生活對話,bottom,"v. 基於,根據;到達底部;降至最低點",
日常生活對話,box,v. 把...裝箱(或盒等),
日常生活對話,break,v. 斷裂;中斷;打破（記錄）,
飲食與餐飲,breakfast,v. 吃早餐; 為...供應早餐,
交通與旅遊,bridge,v. 架橋於;把...連結(或彌合)起來,
日常生活對話,bring,v. 帶來,
日常生活對話,brown,v. 變成褐色(或棕色),
情緒與性格,bug,v. 在...安裝竊聽器;煩擾;激怒,
日常生活對話,build,v. 建造;蓋,
交通與旅遊,bus,v. 用公車運送,
日常生活對話,busy,v. 使忙於,
飲食與餐飲,butter,v. 塗奶油於;以花言巧語討好,
日常生活對話,buy,v. 買,
日常生活對話,cage,v. 把...關進籠子;把...囚禁起來,
日常生活對話,call,v. 喊;打電話,
休閒與運動,camp,v. 露營,
日常生活對話,can,"v. 能,會;可能;可以;必須",
居家與生活,cap,v. 給...戴帽;加蓋於,
日常生活對話,care,v. 關心;照顧,
休閒與運動,carry,v. 提;搬運,
日常生活對話,case,v. 把...裝入箱(或容器)中,
休閒與運動,catch,v. 接(球);捕獲,
日常生活對話,cause,"v. 導致,使發生,引起",
日常生活對話,center,v. 集中;居中,
商務與職場,chair,v. 主持(會議);任(會議的)主席,
日常生活對話,chance,v. 冒...的險;賭(錢); 碰巧,
日常生活對話,chart,v. 繪製...的圖表;詳細計劃,
日常生活對話,chase,v. 追,
日常生活對話,check,v. 檢查,
日常生活對話,class,v. 把...分類;把...分等級,
居家與生活,clean,v. 打掃,
交通與旅遊,clear,v. 使乾淨;收拾;交換票據,
日常生活對話,climb,v. 爬;攀登,
日常生活對話,close,v. 關上,
自然與環境,cloud,v. 陰雲密佈;變暗;變模糊;變混濁,
居家與生活,coat,v. 塗在...上;給...穿上外套,
休閒與運動,color,v. 著色;渲染;文飾;歪曲;影響,
日常生活對話,come,v. 到來,
日常生活對話,continue,v. 繼續,
飲食與餐飲,cook,v. 煮,
日常生活對話,cool,v. 使涼快;使冷卻,
日常生活對話,correct,v. 改正;糾正,
自然與環境,cost,v. 花費,
日常生活對話,count,v. 計算;數,
日常生活對話,course,v. (用獵犬)追獵;追逐,
居家與生活,cover,v. 蓋住,
日常生活對話,cry,v. 哭叫,
日常生活對話,cup,v. 使(手掌)成杯狀;把...放入杯內,
日常生活對話,cut,v. 切割;剪,
休閒與運動,dance,v. 跳舞,
日常生活對話,darken,v. 使變暗;變黑,
商務與職場,date,v. 約會,
日常生活對話,deal,v. 處理;對付;對待[(+with)],
日常生活對話,decide,v. 決定,
日常生活對話,die,v. 死,
日常生活對話,dig,v. 挖掘,
日常生活對話,direct,v. 指引,
日常生活對話,dirty,v. 弄髒; 變髒,
日常生活對話,discover,v. 發現,
日常生活對話,dish,v. 盛...於盤中,
日常生活對話,do,v. 做,
日常生活對話,down,v. 擊倒,
日常生活對話,draw,v. 畫;繪製;描寫,
日常生活對話,dream,v. 做(夢);想像,
飲食與餐飲,drink,v. 喝,
交通與旅遊,drive,v. 開車,
自然與環境,dry,v. 曬乾;風乾,
日常生活對話,duck,v. 躲避;迴避,
日常生活對話,ease,v. 減輕,
飲食與餐飲,eat,v. 吃,
日常生活對話,edge,v. 使鋒利;使漸進,
日常生活對話,end,v. 結束,
日常生活對話,enter,v. 輸入;進入,
日常生活對話,equal,v. 等於,
日常生活對話,even,v. 使平坦;弄平;使相等,
教育與學術,examine,v. 檢查;測驗,
日常生活對話,except,v. 把...除外;反對,
日常生活對話,eye,v. 看;注視;審視,
日常生活對話,face,v. 面向;正對;正視;朝;向,
日常生活對話,fall,v. 掉下,
休閒與運動,fan,v. 扇;煽動;激起,
日常生活對話,farm,v. 耕作;養殖;經營農場;從事畜牧業,
日常生活對話,father,v. 做...的父親; 創始;創立,
情緒與性格,fear,v. 畏懼,
飲食與餐飲,feed,v. 吃;餵養,
日常生活對話,feel,v. 感覺,
日常生活對話,fight,v. 打架;作戰,
日常生活對話,fill,v. 充滿;填充,
日常生活對話,find,v. 找到,
日常生活對話,fine,v. 使純;澄清;使精細,
日常生活對話,finger,v. 撥弄;指出;告密;告發,
日常生活對話,finish,v. 完成,
日常生活對話,fire,"v. 解雇,開除;點燃; 開火;射擊",
休閒與運動,fish,v. 釣魚,
情緒與性格,floor,v. 在...鋪設地板;使大為震驚,
自然與環境,flower,"v. 開花;發育,成熟;繁榮",
日常生活對話,fly,v. 飛,
日常生活對話,fog,v. 以霧籠罩;使困惑;使模糊,
日常生活對話,follow,v. 遵循;跟隨,
日常生活對話,foot,"v. 支付(帳單或費用);合計為,總計",
日常生活對話,force,v. 強迫,
日常生活對話,forget,v. 忘記,
日常生活對話,fork,"v. 分歧,分叉",
日常生活對話,free,v. 使自由;解放;使解脫,
日常生活對話,front,v. 向前;在前面;面對,
飲食與餐飲,fruit,v. 結果實; 使結果實,
休閒與運動,garden,"v. 從事園藝,在園中種植;",
自然與環境,gas,v. 放出氣體;加油;空談;吹牛,
日常生活對話,get,v. 得到;拿到,
日常生活對話,give,v. 給,
交通與旅遊,go,v. 去;走,
日常生活對話,gray,v. 使成灰色(或灰白),
日常生活對話,green,v. 使成為綠色,
日常生活對話,grey,v. 使成灰色,
日常生活對話,ground,"v. 使擱淺;使停飛;依靠,根據,基於",
日常生活對話,group,v. 把...分組(或歸類),
自然與環境,grow,v. 種植;成長,
日常生活對話,guess,v. 猜,
日常生活對話,guest,"v. 款待,招待",
日常生活對話,guide,v. 引導,
日常生活對話,gun,v. 用槍射擊,
日常生活對話,hand,"v. 面交,給,傳遞",
日常生活對話,happen,v. 發生,
情緒與性格,hate,v. 憎恨,
日常生活對話,have,v. 有,
交通與旅遊,head,"v. 率領;出發,駛往",
日常生活對話,hear,v. 聽見,
休閒與運動,heat,v. 把...加熱;使暖;使激動;刺激,
日常生活對話,help,v. 幫忙,
日常生活對話,hit,v. 打;擊,
日常生活對話,hold,v. 拿著,
居家與生活,hole,"v. 鑿洞於,穿孔於;進入洞中",
居家與生活,home,v. 回家;為...提供住處,
日常生活對話,hope,v. 希望,
居家與生活,house,v. 給...房子住,
醫療與健康,hurt,v. 傷害;使疼痛,
休閒與運動,inch,v. 使緩慢地移動,
日常生活對話,interest,v. 使發生興趣,
日常生活對話,iron,v. 熨燙,
休閒與運動,is,"v. 是,在; be 動詞第三人稱,單數,現在式",
日常生活對話,join,v. 加入,
日常生活對話,joke,v. 開玩笑,
休閒與運動,jump,v. 跳躍,
日常生活對話,keep,v. 保留;保持,
居家與生活,key,v. 鎖上;插上;為...調音;用鍵盤輸入,
日常生活對話,kick,v. 踢,
休閒與運動,kid,v. 戲弄,
日常生活對話,kill,v. 殺,
日常生活對話,kiss,v. 親吻,
日常生活對話,knee,v. 用膝蓋碰(撞),
日常生活對話,knife,"v. (用刀)切;戮,刺",
交通與旅遊,know,v. 知道,
日常生活對話,lack,v. 缺乏,
日常生活對話,lamb,v. 產羔羊,
日常生活對話,land,v. 登陸,
日常生活對話,last,v. 持續,
日常生活對話,laugh,v. 笑,
日常生活對話,lay,v. 置放;產卵,
日常生活對話,lead,v. 引導,
日常生活對話,leaf,v. 匆匆翻閱; 生葉片,
教育與學術,learn,v. 學習,
日常生活對話,leave,v. 離開;丟下,
日常生活對話,let,v. 讓,
日常生活對話,lie,v. 說謊;躺,
日常生活對話,lift,v. 舉起,
日常生活對話,light,v. 點(火);點燃;照亮,
情緒與性格,like,v. 喜歡,
日常生活對話,line,v. 排隊,
日常生活對話,list,v. 列成表,
日常生活對話,listen,v. 傾聽,
居家與生活,live,v. 居住,
日常生活對話,long,v. 長久地;始終; 渴望,
日常生活對話,look,v. 看,
情緒與性格,love,"v. 愛好,喜歡",
飲食與餐飲,lunch,v. 吃午餐,
日常生活對話,machine,v. 用機器做,
日常生活對話,mail,v. 寄信,
日常生活對話,make,v. 製造; 使得,
日常生活對話,man,v. 給...配置人員,
日常生活對話,map,v. 繪製...的地圖;詳細計劃,
商務與職場,market,v. (在市場上)銷售,
日常生活對話,marry,v. 結婚,
日常生活對話,master,v. 精通,
日常生活對話,matter,"v. 有關係,要緊",
日常生活對話,mean,v. 意指,
日常生活對話,meet,v. 遇見,
日常生活對話,middle,v. 放在中間;對摺,
飲食與餐飲,milk,v. 擠(奶);榨取;偷聽電訊,
日常生活對話,mind,v. 介意,
日常生活對話,miss,v. 想念;惦記;未達到,
日常生活對話,mistake,"v. 弄錯,誤解;弄錯,搞錯",
日常生活對話,mother,v. 生下;產生出,
日常生活對話,mouth,v. 誇大地說話,
休閒與運動,move,v. 移動,
日常生活對話,name,v. 給...取名;列舉,
日常生活對話,near,"v. 近,接近;幾乎,差不多",
日常生活對話,neck,v. 摟著脖子親吻;變細;變狹窄,
日常生活對話,need,v. 需要,
日常生活對話,nose,"v. 探問,探著;引導;嗅,聞",
日常生活對話,note,v. 注意;記下,
日常生活對話,notice,v. 注意到;通知,
日常生活對話,number,"v. 編號,總數達到,共計",
飲食與餐飲,nurse,"v. 看護,護理;給...餵奶;培育;當奶媽",
日常生活對話,O.K. (v.),尚可;挺好;批准,
日常生活對話,oil,v. 給...加潤滑油;賄賂,
日常生活對話,OK,v. 尚可;挺好;批准,
日常生活對話,okay,"v. 對,很好地;批准,認可",
日常生活對話,open,v. 打開,
飲食與餐飲,order,v. 點菜;訂購,
日常生活對話,out,v. 出現;問世;顯露,
日常生活對話,own,v. 擁有,
日常生活對話,paint,v. 畫圖;油漆,
日常生活對話,pair,"v. 成對,配對",
日常生活對話,paper,"v. 用紙包;掩蓋,粉飾",
交通與旅遊,park,v. 停放車輛; 放置,
日常生活對話,part,"v. 使分開,使分離;斷裂;告別",
日常生活對話,party,v. 開派對;參加派對,
日常生活對話,pass,v. 及格;經過;超過;傳遞,
日常生活對話,pay,v. 付錢,
日常生活對話,pen,v. 寫;寫作;囚禁,
自然與環境,pencil,"v. 草擬,起草",
居家與生活,people,"v. 使人住在,居住於",
自然與環境,pet,v. 把...當作寵兒;寵愛;撫弄;生氣,
日常生活對話,picture,"v. 畫,拍攝;描述",
日常生活對話,piece,v. 拼湊;拼合;修理;修補,
日常生活對話,pig,v. 生小豬;像豬一樣過活,
日常生活對話,place,"v. 放置,安置;任命",
日常生活對話,plan,v. 計劃,
日常生活對話,plant,v. 栽種;播種,
日常生活對話,play,v. 玩,
日常生活對話,please,v. 請;取悅,
休閒與運動,pocket,v. 侵吞;擊(球)落袋;忍受,
日常生活對話,point,v. 瞄準;指出;強調;對準,
日常生活對話,police,"v. 管理,監督",
日常生活對話,pool,"v. 合辦,聯營",
日常生活對話,position,v. 把...放在適當位置,
交通與旅遊,power,v. 給...提供動力; 快速前進,
日常生活對話,practice,v. 練習;訓練,
日常生活對話,prepare,v. 準備,
日常生活對話,price,v. 給...定價,
日常生活對話,print,v. 印刷;用印刷體寫,
日常生活對話,prove,"v. 證明,證實",
日常生活對話,pull,v. 拉,
日常生活對話,push,v. 推開,
日常生活對話,put,v. 放置,
日常生活對話,question,v. 詢問,
日常生活對話,quiet,"v. 使安靜;撫慰,安慰",
休閒與運動,race,v. 與...賽跑,
日常生活對話,radio,v. 用無線電傳送,
自然與環境,rain,v. 下雨,
日常生活對話,raise,v. 舉起;提高,
日常生活對話,reach,v. 到;伸出,
教育與學術,read,v. 閱讀,
日常生活對話,ready,"v. 預先,事先;使準備好",
日常生活對話,reason,"v. 推論,推理",
日常生活對話,receive,v. 收到,
日常生活對話,remember,v. 記得,
日常生活對話,report,v. 報告;報導,
日常生活對話,rest,v. 休息,
日常生活對話,return,v. 回;還,
交通與旅遊,ride,v. 騎;乘,
日常生活對話,ring,"v. (鐘,鈴等)鳴,響",
日常生活對話,rise,v. 起身;升起,
日常生活對話,roll,v. 捲;滾,
居家與生活,roof,"v. 給...蓋屋頂,覆蓋",
居家與生活,room,v. 居住; 為...提供住處,
日常生活對話,root,v. 使生根;使紮根,
日常生活對話,rope,"v. 捆,紮,縛,綁",
日常生活對話,round,"v. 變圓;發胖;兜圈子,環行",
交通與旅遊,row,v. 划船,
日常生活對話,rub,v. 磨擦,
醫療與健康,rule,v. 統治;裁決,
休閒與運動,run,v. 跑,
交通與旅遊,sail,v. 航行,
飲食與餐飲,salt,v. 給...加鹽;用鹽醃,
日常生活對話,sand,v. 磨光;以沙堵塞,
日常生活對話,save,v. 救;省;存錢,
日常生活對話,saw,v. 鋸;鋸開,
日常生活對話,say,v. 說,
情緒與性格,scare,"v. 驚嚇,使恐懼",
教育與學術,school,"v. 教育,訓練",
日常生活對話,seat,v. 使就座,
日常生活對話,see,v. 看見,
自然與環境,seed,"v. (植物)結實,結子;播種",
日常生活對話,seem,v. 似乎是,
休閒與運動,seesaw,v. 玩蹺蹺板;上下(來回)搖動,
日常生活對話,sell,v. 賣,
日常生活對話,send,v. 寄發;送,
日常生活對話,sense,"v. 意識到;了解,領會",
日常生活對話,sentence,v. 宣判;判決,
日常生活對話,serve,v. 服務,
日常生活對話,service,"v. 維修,保養",
日常生活對話,set,v. 安放;沒入,
休閒與運動,shake,v. 搖動;握(手),
日常生活對話,shape,"v. 使成形;塑造,製作",
日常生活對話,shine,v. 照耀,
交通與旅遊,ship,"v. 用船運;郵寄;解雇;上船,乘船",
日常生活對話,shop,v. 購物,
日常生活對話,shoulder,"v. 肩起,挑起;擔負,承擔",
日常生活對話,shout,v. 呼叫,
休閒與運動,show,v. 表演;顯示,
日常生活對話,shut,v. 關閉,
日常生活對話,sight,"v. 看見,發現;瞄準;察看",
休閒與運動,sing,v. 唱歌,
日常生活對話,sit,v. 坐,
日常生活對話,size,v. 按一定尺寸製作;估算,
自然與環境,skin,v. 植皮;癒合;脫皮,
日常生活對話,sleep,v. 睡覺,
日常生活對話,slow,"v. 使慢,放慢",
日常生活對話,smell,v. 聞,
日常生活對話,smile,v. 微笑,
日常生活對話,smoke,v. 抽煙;冒煙,
日常生活對話,snake,v. 蛇行,
自然與環境,snow,v. 下雪,
飲食與餐飲,soap,v. 用肥皂擦洗;向...灌迷魂湯,
日常生活對話,soil,v. 弄髒,
日常生活對話,sound,v. 聽起來,
飲食與餐飲,sour,v. 使變酸;厭煩;變壞,
日常生活對話,space,v. 隔開,
日常生活對話,speak,v. 說;講,
日常生活對話,spell,v. 拼字,
自然與環境,spend,v. 花費(錢或時間),
日常生活對話,spoon,v. 用匙舀;舀取,
交通與旅遊,sport,"v. 炫耀;誇示;遊戲,;開玩笑,嘲弄;突變",
交通與旅遊,stand,v. 站住; 堅持; 面對; 承擔...任務,
休閒與運動,star,v. 主演;表現出色,
日常生活對話,start,v. 開始,
日常生活對話,state,v. 陳述,
日常生活對話,station,"v. 駐紮,部署,配置",
日常生活對話,stay,v. 停留,
日常生活對話,step,v. 跨(步);踏(腳),
自然與環境,stone,v. 用石頭鋪;用磨刀石磨,
日常生活對話,stop,v. 停止,
日常生活對話,store,v. 貯存;收存;供應;蓄有,
教育與學術,study,v. 學習;讀書,
飲食與餐飲,sugar,v. 加糖於;粉飾,
日常生活對話,sun,"v. 曬,曝; 曬太陽",
情緒與性格,surprise,v. 使驚奇,
休閒與運動,swim,v. 游泳,
日常生活對話,tail,"v. 尾隨;盯梢;變少,縮小",
日常生活對話,take,v. 拿;帶;採用,
日常生活對話,talk,v. 講話,
日常生活對話,taste,v. 嘗,
教育與學術,teach,v. 教,
日常生活對話,tell,v. 告訴,
日常生活對話,thank,v. 感謝,
日常生活對話,think,v. 想,
日常生活對話,throw,v. 投;拋,
日常生活對話,ticket,v. 加標籤於;開違規罰單,
日常生活對話,tie,v. 綁;繫,
日常生活對話,time,v. 記錄...的時間;使合拍子,
醫療與健康,tire,v. 疲勞,
商務與職場,tool,v. 使用工具,
日常生活對話,top,v. 向高處升;達到頂點;高出;超越,
日常生活對話,total,"v. 總計,合計",
日常生活對話,touch,v. 觸摸,
休閒與運動,toy,"v. 玩弄,戲耍;調情,調戲",
休閒與運動,train,"v. 訓練,培養;瞄準; 接受訓練,鍛鍊",
交通與旅遊,trip,"v. 絆,絆倒;失足,犯錯誤;旅行",
情緒與性格,trouble,v. 麻煩;煩惱;費心,
日常生活對話,true,"v. 配準,擺正",
教育與學術,try,v. 試做,
日常生活對話,turn,v. 轉,
日常生活對話,understand,v. 了解,
交通與旅遊,up,v. 提高;增加;舉起;突然站起,
日常生活對話,use,v. 利用,
日常生活對話,view,v. 察看;將...看成是,
日常生活對話,visit,v. 訪問,
日常生活對話,voice,"v. (用言語)表達,說出",
日常生活對話,wait,v. 等候,
交通與旅遊,walk,v. 走路,
居家與生活,wall,v. 用牆圍住,
日常生活對話,want,v. 想要,
日常生活對話,war,"v. 戰爭,打仗;鬥爭;對抗",
日常生活對話,warm,v. 使暖和,
居家與生活,wash,v. 洗,
日常生活對話,waste,v. 浪費,
日常生活對話,watch,v. 注意看,
日常生活對話,water,v. 給...澆水;加水稀釋;流口水,
居家與生活,wear,"v. 穿著, 磨損, 使力竭",
自然與環境,weather,v. 經受到;使風化;褪色;損壞,
日常生活對話,weekend,v. 度週末,
日常生活對話,weigh,v. 稱...的重量,
日常生活對話,welcome,v. 歡迎,
日常生活對話,while,"v. 消磨(時光),輕鬆地度過",
日常生活對話,will,"v. 將;願,要;能;願意",
日常生活對話,win,v. 贏得,
日常生活對話,wind,"v. 纏繞;包,裹;蜿蜒;迂迴",
飲食與餐飲,wine,v. 喝酒,
日常生活對話,wish,v. 祝福,
日常生活對話,word,v. 用言詞表達,
商務與職場,work,v. 工作; 運轉,
休閒與運動,worm,v. 蠕動;潛行;鑽入,
日常生活對話,worry,v. 擔心,
情緒與性格,worst,"v. 最壞地,最惡劣地;最不利地",
日常生活對話,write,v. 寫,
日常生活對話,wrong,"v. 冤枉,委屈;無禮地對待",
日常生活對話,yellow,"v. 使變黃,使發黃",
日常生活對話,zero,v. 把...調整歸零,
日常生活對話,can,v. 能,
日常生活對話,cannot,v. 不能,
日常生活對話,do,"v. 構成否定句,疑問句,或強調句",
日常生活對話,have,v. 已經,
日常生活對話,may,v. 可能,
日常生活對話,must,v. 必須,
日常生活對話,need,"v. (用於疑問句和否定句)需要,必須",
日常生活對話,shall,v. 將;應該,
日常生活對話,will,v. 將,
商務與職場,about,adv. 在四周;在附近;大約,
日常生活對話,above,adv. 在上面;在上文;更高,
日常生活對話,across,adv. 橫過;寬;在對面;向對面,
日常生活對話,after,"adv. 以後,之後;在後面,隨後",
日常生活對話,again,adv. 再一次,
日常生活對話,ago,adv. 以前,
日常生活對話,ahead,adv. 在前;向前;預先;事前,
日常生活對話,all,adv. 完全地;(比分等)雙方相等,
日常生活對話,almost,adv. 幾乎,
日常生活對話,alone,adv. 單獨地;獨自地,
日常生活對話,along,adv. 向前;一起;帶著;來到;去到,
日常生活對話,already,adv. 已經,
日常生活對話,also,adv. 也,
日常生活對話,always,adv. 總是,
日常生活對話,any,"adv. (用於疑問句,否定句,if子句中)少許,稍微",
商務與職場,around,"adv. 到處,四處;周圍,附近;環繞;大約",
日常生活對話,as,"adv. 跟...一樣地,同樣地;如同;例如",
日常生活對話,away,adv. 離開,
日常生活對話,back,adv. 回原處,
日常生活對話,before,adv. 較早;以前;曾經;在前;向前,
日常生活對話,behind,adv. 在背後;向背後;遲;落後,
日常生活對話,below,adv. 在下面;到下面,
日常生活對話,best,adv. 最好地;最適當地;最;極,
日常生活對話,better,adv. 更好地;更適當地,
日常生活對話,between,adv. 在中間;介乎兩者之間,
日常生活對話,both,adv. 並;又;兩者皆,
日常生活對話,bright,adv. 明亮地;歡快地,
日常生活對話,but,"adv. 只,僅僅,才;絕對地",
日常生活對話,by,adv. 經過;過去;在旁邊,
日常生活對話,clean,"adv. 完全地,全然地;乾淨地",
日常生活對話,clear,"adv. 清晰地,明瞭地",
日常生活對話,close,"adv. 接近,靠近地;緊密地,緊緊地",
情緒與性格,dear,"adv. 疼愛地;高價地,昂貴地",
日常生活對話,deep,"adv. 深深地;晚,遲",
教育與學術,direct,adv. 筆直地;直接地;直達地,
日常生活對話,down,"adv. 向下;下降;(境況)變差;減少,減弱",
日常生活對話,downstairs,adv. 樓下地,
日常生活對話,each,adv. 各個(地);各自(地);每一個,
日常生活對話,early,adv. 早;提早,
日常生活對話,east,adv. 向東方,
日常生活對話,either,adv. 也,
日常生活對話,else,"adv. 其他,另外;否則,要不然",
日常生活對話,enough,"adv. 足夠地;充分地;很,十分",
日常生活對話,even,adv. 即使,
日常生活對話,ever,adv. 從來;曾經,
日常生活對話,far,adv. 遠;遙遠地;久遠地,
交通與旅遊,fast,"adv. 快,迅速;緊緊地,牢固地;接近著",
日常生活對話,fine,adv. 細微地;精巧地;很好地;妙,
日常生活對話,first,"adv. 先,首先;第一;首次",
商務與職場,free,adv. 免費地;無約束地;鬆開著;脫開著,
日常生活對話,good,adv. (非正式) well,
日常生活對話,half,adv. 部分地;相當地;一半地;幾乎,
飲食與餐飲,hard,adv. 辛苦地;猛烈地;牢固地,
日常生活對話,here,adv. 在這裡,
日常生活對話,high,adv. 高;強烈地;高聲地,
居家與生活,home,adv. 在家;回家;到家,
日常生活對話,how,adv. 如何,
居家與生活,in,adv. 進;在裡頭;在家,
日常生活對話,inside,adv. 在裡面;往裡面,
日常生活對話,just,adv. 正好;剛才,
日常生活對話,last,adv. 最後地,
日常生活對話,late,"adv. 遲到,來不及;晚",
日常生活對話,least,adv. 最小;最少;最不,
日常生活對話,left,adv. 在左邊;向左,
日常生活對話,less,"adv. 較小地,較少地;不如",
日常生活對話,light,adv. 輕地;輕裝地,
日常生活對話,likely,adv. 很可能,
日常生活對話,little,adv. 一點點,
日常生活對話,long,adv. 長久地;始終,
日常生活對話,loud,"adv. 大聲地,響亮地",
日常生活對話,low,"adv. 低,向下地;低聲地;低價地",
日常生活對話,maybe,adv. 可能;也許,
日常生活對話,more,adv. 更多;另外;再,
日常生活對話,most,"adv. 最;最多;非常,很",
日常生活對話,much,"adv. 非常;很;差不多,幾乎",
日常生活對話,near,adv. 近地,
日常生活對話,never,adv. 永不,
日常生活對話,next,"adv. 接下去,然後;下次;第二",
日常生活對話,no,adv. 不,
日常生活對話,nope,adv. (否定的答話)不是;沒有;不可以,
日常生活對話,north,adv. 向北方,
日常生活對話,not,adv. 不,
日常生活對話,now,adv. 現在,
日常生活對話,O.K. (adv.),尚可;挺好;對吧,
日常生活對話,off,adv. 脫下,
日常生活對話,often,adv. 常常,
日常生活對話,OK,adv. 尚可;挺好;對吧,
日常生活對話,okay,"adv. 對,很好地;不錯",
日常生活對話,on,adv. 繼續;向前;開著;在進行中,
日常生活對話,once,adv. 一次,
日常生活對話,only,"adv. 只,僅僅,才;不料;反而",
日常生活對話,out,adv. 在外地,
日常生活對話,outside,adv. 外面地,
日常生活對話,over,"adv. 在上方;越過;過分,太;再一次",
日常生活對話,past,adv. 過;經過;越過,
日常生活對話,perhaps,adv. 或許;可能,
日常生活對話,pretty,adv. 十分地,
交通與旅遊,quick,"adv. 快,迅速地",
日常生活對話,quite,adv. 完全地;相當,
日常生活對話,right,adv. 向右地;馬上,
日常生活對話,round,"adv. 環繞地;循環地;在附近;逐一,挨次",
日常生活對話,same,adv. 同樣地,
日常生活對話,second,"adv. 居第二位;第二,其次",
日常生活對話,sharp,adv. 整(指時刻);銳利地;機警地,
日常生活對話,since,"adv. 此後;之前,以前",
日常生活對話,slow,adv. 慢慢地;遲遲地;慢了地,
日常生活對話,small,"adv. 小聲地;小小地,細小地",
日常生活對話,so,adv. 這麼;也如此,
日常生活對話,sometimes,adv. 有時候,
日常生活對話,soon,adv. 即刻;不久,
日常生活對話,south,adv. 向南方,
日常生活對話,still,adv. 仍然,
日常生活對話,super,adv. 很;極,
日常生活對話,sure,adv. 的確;一定;當然,
日常生活對話,that,"adv. 那樣,那麼",
日常生活對話,then,adv. 當時;之後;那麼,
日常生活對話,there,adv. 在那裡,
日常生活對話,third,adv. 第三名,
日常生活對話,this,"adv. 這麼,這樣地",
日常生活對話,though,"adv. (一般放在句尾)然而,還是",
日常生活對話,thus,"adv. 如此,這樣",
自然與環境,today,adv. 今天,
日常生活對話,together,adv. 一同,
自然與環境,tomorrow,adv. 明天,
日常生活對話,tonight,adv. 今夜;今晚,
日常生活對話,too,adv. 也是;過於,
日常生活對話,true,adv. 準確地;真實地,
日常生活對話,twice,adv. 兩次,
日常生活對話,under,"adv. 在下面,在下方;從屬地",
日常生活對話,up,adv. 向上,
日常生活對話,upstairs,adv. 樓上地,
日常生活對話,very,adv. 很;非常,
日常生活對話,well,adv. 很好地;充分地,
日常生活對話,west,adv. 向西方,
日常生活對話,when,adv. 何時,
日常生活對話,where,adv. 在哪兒,
日常生活對話,why,adv. 為什麼,
日常生活對話,wide,adv. 張得(或開得)很大地;充分地,
日常生活對話,worse,"adv. 更壞,更糟,更厲害地",
情緒與性格,worst,"adv. 最壞地,最惡劣地;最不利地",
情緒與性格,wrong,"adv. 錯誤地;邪惡地,不正當地",
日常生活對話,yeah,adv. 是,
日常生活對話,yes,adv. 是,
自然與環境,yesterday,adv. 昨天,
日常生活對話,yet,adv. 尚未;但是,
商務與職場,about,prep. 大約;關於,
日常生活對話,above,prep. 在…之上,
日常生活對話,according to,prep. 根據;按照,
居家與生活,across,prep. 橫越;穿過,
日常生活對話,after,prep. 在…之後,
日常生活對話,against,prep. 反對,
日常生活對話,along,prep. 沿著,
日常生活對話,among,prep. 在...之中,
日常生活對話,around,prep. 差不多;環繞,
日常生活對話,as,prep. 以…的身份；作為,
日常生活對話,at,prep. 在,
日常生活對話,before,prep. 在…之前,
日常生活對話,behind,prep. 在…後面,
日常生活對話,below,prep. 在…之下,
日常生活對話,beside,prep. 在...旁側,
日常生活對話,between,prep. 在…和…之間,
日常生活對話,but,prep. 除...以外,
日常生活對話,by,prep. 經由,
日常生活對話,down,prep. 向下,
日常生活對話,during,prep. 在…期間,
日常生活對話,except,prep. 除…之外,
日常生活對話,excepting,prep. 除...之外,
日常生活對話,for,prep. 為…做的;給,
日常生活對話,from,prep. 從,
日常生活對話,in,prep. 在…之內,
日常生活對話,inside,prep. 在…裡面,
日常生活對話,into,prep. 進入,
日常生活對話,less,prep. 減去;扣除;差...,
日常生活對話,like,prep. 像;如,
日常生活對話,near,prep. 接近,
日常生活對話,of,prep. …的，屬於,
日常生活對話,off,prep. 離去,
日常生活對話,on,prep. 在…上面,
日常生活對話,out,prep. 通過...而出,
日常生活對話,outside,prep. 在外,
日常生活對話,over,prep. 在…之上,
交通與旅遊,past,prep. 走過,
商務與職場,round,"prep. 圍繞,環繞;在...附近;大約",
日常生活對話,since,prep. 由於;自從...之後,
日常生活對話,than,prep. 比; 超過,
日常生活對話,till,prep. 直到,
日常生活對話,to,prep. 到;向,
日常生活對話,toward,prep. 向;對,
商務與職場,towards,"prep. 向,朝;面對;將近;大約",
日常生活對話,under,prep. 在…下面,
日常生活對話,until,prep. 直到,
日常生活對話,up,prep. 向...上,
日常生活對話,with,prep. 跟...在一起;有,
日常生活對話,after,conj. 在...之後,
日常生活對話,and,conj. 和；及；而；就,
日常生活對話,as,conj. 依照;當...時,
日常生活對話,because,conj. 因為,
日常生活對話,before,"conj. 在...以前;與其...寧可;否則,要不然",
日常生活對話,but,conj. 但是,
日常生活對話,either,conj. 或者(和or連用),
日常生活對話,for,"conj. 因為,由於",
飲食與餐飲,if,conj. 如果,
日常生活對話,nor,conj. 亦不,
日常生活對話,once,"conj. 一旦,一經...便",
日常生活對話,only,"conj. 可是,不過;要不是,若非",
日常生活對話,or,conj. 或,
日常生活對話,since,conj. 自...以來;因為,
日常生活對話,so,conj. 因此,
日常生活對話,than,conj. 比較,
日常生活對話,that,conj. 以致,
日常生活對話,though,conj. 雖然,
日常生活對話,till,conj. 直到...為止,
日常生活對話,until,conj. 直到...時,
日常生活對話,when,conj. 當...時;既然;然而,
日常生活對話,where,conj. 在...處;到...的地方;...的地方,
日常生活對話,whether,conj. 是否,
日常生活對話,while,conj. 當...的時候,
日常生活對話,yet,conj. 然而,
休閒與運動,act,"n. 行動,法案",
休閒與運動,action,n. 動作,
休閒與運動,actor,n. 男演員,
休閒與運動,actress,n. 女演員,
休閒與運動,address,n. 地址; 演說,
日常生活對話,adult,n. 成年人,
日常生活對話,afternoon,n. 下午;午後,
日常生活對話,age,n. 年齡,
日常生活對話,agreement,n. 同意,
自然與環境,air,n. 空氣,
交通與旅遊,airmail,n. 航空郵件,
交通與旅遊,airplane,n. 飛機,
交通與旅遊,airport,n. 飛機場,
日常生活對話,all,"n. 全體,一切;全部財產",
自然與環境,anger,n. 生氣,
休閒與運動,animal,n. 動物,
日常生活對話,answer,n. 答案,
日常生活對話,ant,n. 螞蟻,
日常生活對話,ape,n. 大猩猩,
飲食與餐飲,apple,n. 蘋果,
自然與環境,April,n. 四月,
日常生活對話,area,n. 地區;面積,
日常生活對話,arm,n. 手臂,
日常生活對話,army,n. 軍隊;大群,
休閒與運動,art,n. 藝術,
自然與環境,August,n. 八月,
日常生活對話,aunt,n. 姨媽;姑媽,
日常生活對話,auntie,n. (aunt 的暱稱)伯母;嬸母;姑母;姨母;舅母,
日常生活對話,aunty,n. (aunt 的暱稱)伯母;嬸母;姑母;姨母;舅母,
日常生活對話,autumn,n. 秋季,
日常生活對話,baby,n. 嬰兒,
日常生活對話,back,n. 背部;後面,
日常生活對話,bag,n. 袋子,
休閒與運動,ball,n. 球,
休閒與運動,balloon,n. 汽球,
日常生活對話,banana,n. 香蕉,
休閒與運動,band,n. 樂團;樂隊,
日常生活對話,bank,n. 銀行;堤;岸,
飲食與餐飲,bar,"n. 棒,條;酒吧",
日常生活對話,barber,n. 男理髮師,
日常生活對話,base,n. 基;底;基部,
休閒與運動,baseball,n. 棒球,
日常生活對話,basket,n. 籃子,
休閒與運動,basketball,n. 籃球,
休閒與運動,bat,n. 球棒;蝙蝠,
居家與生活,bath,n. 洗澡,
居家與生活,bathroom,n. 廁所;浴室,
日常生活對話,beach,n. 海灘,
日常生活對話,bear,n. 熊,
休閒與運動,beat,n. 敲打;敲擊聲;心跳聲;滴答聲;拍子,
日常生活對話,beauty,n. 美貌;美人,
居家與生活,bed,n. 床,
日常生活對話,bee,n. 蜜蜂,
日常生活對話,bell,n. 鈴;鐘,
日常生活對話,best,n. 最好;最佳;最好,
日常生活對話,better,"n. (人或事物)較優者,較好者",
交通與旅遊,bicycle,n. 腳踏車,
交通與旅遊,bike,n. 腳踏車,
自然與環境,bird,n. 鳥,
日常生活對話,birth,n. 出生;起源,
日常生活對話,bit,"n. 小片,;少量,一點點;片刻;位元",
日常生活對話,bite,"n. 咬,叮",
日常生活對話,black,n. 黑色;美國黑人,
日常生活對話,block,n. 街區,
醫療與健康,blood,n. 血,
休閒與運動,blow,"n. 吹動,吹氣;強風;吹牛",
日常生活對話,blue,n. 藍色,
交通與旅遊,boat,n. 小船,
日常生活對話,body,n. 身體,
醫療與健康,bone,n. 骨頭,
教育與學術,book,n. 書本,
商務與職場,bottom,n. 底部;屁股,
日常生活對話,bowl,n. 碗,
日常生活對話,box,n. 箱;盒;匣,
日常生活對話,boy,n. 男孩,
飲食與餐飲,bread,n. 麵包,
日常生活對話,break,n. 暫停,
飲食與餐飲,breakfast,n. 早餐,
交通與旅遊,bridge,n. 橋,
日常生活對話,brother,n. 兄;弟,
日常生活對話,brown,n. 棕色,
休閒與運動,buck,n. 雄性動物(鹿、羊或兔等),
自然與環境,bug,n. 小蟲,
日常生活對話,building,n. 建築物,
交通與旅遊,bus,n. 公車,
飲食與餐飲,butter,n. 奶油,
日常生活對話,butterfly,n. 蝴蝶,
日常生活對話,buy,n. 購買;便宜貨,
休閒與運動,bye,n. 次要的東西;(體育比賽中)輪空,
交通與旅遊,cab,n. 計程車;出租馬車,
自然與環境,cage,n. 鳥籠;獸籠,
飲食與餐飲,cake,n. 蛋糕,
日常生活對話,call,n. 呼叫;請求;通話;(紙牌)叫牌;判決,
日常生活對話,camel,n. 駱駝,
日常生活對話,camera,n. 照相機,
日常生活對話,camp,n. 營地,
日常生活對話,can,n. 罐頭,
飲食與餐飲,candy,n. 糖果,
居家與生活,cap,n. 無邊便帽;蓋子,
交通與旅遊,car,n. 汽車,
日常生活對話,card,n. 卡片,
日常生活對話,care,n. 看護;保護;照料;管理;關懷;小心,
日常生活對話,case,n. 盒子;案件,
日常生活對話,cat,n. 貓,
居家與生活,catch,"n. 抓住,捕捉;接球;把手;圈套",
日常生活對話,cause,n. 原因;理由,
日常生活對話,cent,n. 分(錢幣),
日常生活對話,center,n. 中心(點),
日常生活對話,chance,n. 機會,
日常生活對話,chart,n. 圖表,
日常生活對話,chase,n. 追逐;追擊,
交通與旅遊,check,n. 支票;買單,
日常生活對話,chick,n. 小雞,
飲食與餐飲,chicken,n. 雞;雞肉,
日常生活對話,chief,n. 首領;長官,
日常生活對話,child,n. 小孩,
日常生活對話,Christmas,n. 耶誕節,
教育與學術,church,n. 教堂,
日常生活對話,city,n. 都市,
教育與學術,class,n. 階級;班級;上課,
居家與生活,clean,n. 打掃;去垢,
日常生活對話,climb,"n. 攀登,攀爬",
日常生活對話,clock,n. 鐘,
日常生活對話,close,"n. 結束,終止;(金融)收盤價",
自然與環境,cloud,n. 雲,
日常生活對話,coast,n. 海岸,
日常生活對話,coat,n. 外套,
自然與環境,cocoa,n. 可可粉;可可樹;可可色,
飲食與餐飲,coffee,n. 咖啡,
休閒與運動,Coke,n. 可口可樂,
休閒與運動,cola,n. 可樂,
日常生活對話,cold,n. 感冒,
日常生活對話,color,n. 顏色,
日常生活對話,common,"n. 公共用地,公有地",
飲食與餐飲,cook,n. 廚師,
飲食與餐飲,cookie,n. 餅乾,
日常生活對話,cooky,n. cookie,
日常生活對話,cool,n. 涼爽,
日常生活對話,cop,n. 警察,
日常生活對話,corn,n. 玉米,
日常生活對話,cost,n. 費用;成本,
日常生活對話,count,n. 計數;計算,
居家與生活,country,n. 國家;鄉下,
教育與學術,course,n. 課程;科目,
日常生活對話,cover,n. 封面,
日常生活對話,cow,n. 母牛,
日常生活對話,cowboy,n. 牛仔,
日常生活對話,crow,"n. 鴉,烏鴉",
日常生活對話,cry,n. 叫喊;呼叫;(一陣)哭,
日常生活對話,cub,n. 幼鯨;牛棚,
日常生活對話,cup,n. 杯子,
交通與旅遊,cut,n. 傷口;刻痕;削減;近路;曠課,
日常生活對話,dad,n. 父親,
日常生活對話,daddy,n. 父親,
休閒與運動,dance,n. 舞會,
居家與生活,dancer,n. 舞蹈演員;舞蹈家,
日常生活對話,danger,n. 危險,
日常生活對話,dark,"n. 黑暗,暗處;曖昧;隱晦",
自然與環境,date,n. 日期,
日常生活對話,daughter,n. 女兒,
自然與環境,day,n. 白天;日,
商務與職場,deal,n. 交易,
情緒與性格,dear,n. (常作稱呼)親愛的(人),
日常生活對話,death,n. 死亡,
自然與環境,December,n. 十二月,
日常生活對話,deer,n. 鹿,
教育與學術,desk,n. 書桌,
飲食與餐飲,dig,"n. 刺,戳,碰;挖苦",
飲食與餐飲,dinner,n. 晚餐,
飲食與餐飲,dish,n. 盤子;一盤菜,
日常生活對話,dog,n. 狗,
日常生活對話,doll,n. 洋娃娃,
日常生活對話,dollar,n. 美元,
居家與生活,door,n. 門,
日常生活對話,dove,n. 鴿,
自然與環境,down,n. 下降;蕭條;絨毛;有草丘陵地,
日常生活對話,downstairs,n. 樓下,
日常生活對話,dozen,n. 一打,
日常生活對話,draw,n. 平局;平手,
日常生活對話,dream,n. 夢,
飲食與餐飲,drink,n. 飲料,
飲食與餐飲,drinking,n. 喝酒,
交通與旅遊,drive,n. 兜風;車程;幹勁;比賽,
日常生活對話,driver,n. 司機,
日常生活對話,duck,n. 鴨,
日常生活對話,duckling,n. 小鴨,
日常生活對話,eagle,n. 老鷹,
日常生活對話,ear,n. 耳朵,
休閒與運動,earth,n. 地球;土地,
日常生活對話,ease,"n. 容易;不費力;舒適;悠閒,放鬆,緩和",
日常生活對話,east,n. 東方,
日常生活對話,edge,n. 邊緣;優勢,
飲食與餐飲,egg,n. 蛋,
日常生活對話,eight,n. 八,
日常生活對話,eighteen,n. 十八,
日常生活對話,eighty,n. 八十,
日常生活對話,elephant,n. 大象,
日常生活對話,eleven,n. 十一,
日常生活對話,end,n. 盡頭;結局,
日常生活對話,English,n. 英語,
日常生活對話,enough,"n. 足夠,充分",
日常生活對話,equal,n. 相等的事物;相等的數量,
日常生活對話,evening,n. 傍晚,
教育與學術,exam,n. 考試,
日常生活對話,examination,"n. 檢查,調查",
日常生活對話,example,n. 例子,
日常生活對話,eye,n. 眼睛,
日常生活對話,face,n. 臉,
日常生活對話,fact,n. 事實,
商務與職場,factory,n. 工廠,
自然與環境,fall,n. 秋天,
居家與生活,family,n. 家庭,
日常生活對話,farm,n. 農場,
日常生活對話,farmer,n. 農夫,
休閒與運動,fat,"n. (動,植物)脂肪;油脂",
日常生活對話,father,n. 父親,
情緒與性格,fear,n. 懼怕,
自然與環境,February,n. 二月,
飲食與餐飲,feed,n. (動物或嬰兒的)一餐;飼料,
自然與環境,feel,"n. 觸覺;手感;觸,摸;感覺,氣氛",
日常生活對話,feeling,n. 感覺,
日常生活對話,feelings,"n. 感覺,觸覺",
日常生活對話,fifteen,n. 十五,
日常生活對話,fifty,n. 五十,
日常生活對話,fight,n. 打架;戰鬥,
日常生活對話,fill,n. 填滿的量;裝填物,
教育與學術,final,n. 決賽;期末考;(當日報紙的)末版,
日常生活對話,find,n. 發現;發現物,
自然與環境,fine,"n. 好天氣; 罰金,罰款",
日常生活對話,finger,n. 手指,
交通與旅遊,finish,n. 結束;(傢具等)末道漆,
日常生活對話,fire,n. 火,
日常生活對話,first,n. 第一;第一個;第一名;優等;開始;開始時間,
自然與環境,fish,n. 魚,
日常生活對話,five,n. 五,
日常生活對話,floor,n. 地板;樓;室內地上,
自然與環境,flower,n. 花,
日常生活對話,fly,n. 蒼蠅,
日常生活對話,fog,n. 霧,
飲食與餐飲,food,n. 食物,
日常生活對話,foot,n. 腳;一尺長,
日常生活對話,force,n. 力量;暴力,
自然與環境,forest,n. 森林,
日常生活對話,fork,n. 叉子,
日常生活對話,forty,n. 四十,
日常生活對話,four,n. 四,
日常生活對話,fourteen,n. 十四,
自然與環境,Friday,n. 星期五,
日常生活對話,friend,n. 朋友,
日常生活對話,frog,n. 青蛙,
日常生活對話,front,n. 前方,
飲食與餐飲,fruit,n. 水果,
休閒與運動,fun,n. 樂趣,
交通與旅遊,game,n. 比賽;遊戲,
自然與環境,garden,n. 花園,
日常生活對話,ghost,n. 鬼,
日常生活對話,gift,n. 禮物,
日常生活對話,girl,n. 女孩,
日常生活對話,glass,n. 玻璃杯;玻璃,
日常生活對話,glasses,n. 眼鏡,
教育與學術,go,n. 輪到的機會;嘗試,
日常生活對話,god,n. 上帝,
日常生活對話,goddess,n. 女神,
日常生活對話,gold,n. 黃金,
日常生活對話,good,n. 利益;好處;優點,
交通與旅遊,good-by,"n. 告別,再見,道別的話",
日常生活對話,good-bye,n. 告別,
日常生活對話,goose,n. 鵝,
日常生活對話,grandchild,n. 孫子;孫女;外孫;外孫女,
日常生活對話,granddaughter,n. 孫女;外孫女,
日常生活對話,grandfather,n. 祖父;外祖父,
日常生活對話,grandma,n. 祖母;外祖母,
日常生活對話,grandmother,n. 祖母;外祖母,
日常生活對話,grandpa,n. 祖父;外祖父,
日常生活對話,grandson,n. 孫子;外孫,
自然與環境,grass,n. 草,
日常生活對話,gray,n. 灰色,
日常生活對話,great,"n. 偉人們,大人物們",
日常生活對話,green,n. 綠色,
日常生活對話,grey,n. 灰色;暗淡的光線,
日常生活對話,ground,n. 地面,
日常生活對話,group,n. 一群,
日常生活對話,guess,n. 猜測,
日常生活對話,guest,n. 客人,
日常生活對話,guide,n. 嚮導,
日常生活對話,gun,n. 槍,
日常生活對話,hair,n. 頭髮,
日常生活對話,haircut,n. 理髮,
日常生活對話,half,n. 一半,
日常生活對話,ham,n. 火腿,
日常生活對話,hand,n. 手,
居家與生活,hat,n. 帽子,
情緒與性格,hate,"n. 仇恨,憎恨;厭惡",
日常生活對話,head,n. 頭;首長,
醫療與健康,health,n. 健康,
醫療與健康,heart,n. 心臟,
自然與環境,heat,n. 熱氣,
日常生活對話,hello,n. 表示問候的叫聲,
日常生活對話,help,"n. 幫助;幫手,助手",
日常生活對話,here,n. 這裡;今世,
自然與環境,high,n. 高水準;高峰;天空,
日常生活對話,hill,n. 丘陵,
教育與學術,history,n. 歷史,
自然與環境,hit,n. 打擊;成功而風行一時的事物;安打,
居家與生活,hold,"n. 抓住,握住;延遲;延期;耽擱",
日常生活對話,hole,n. 洞,
自然與環境,holiday,n. 假日,
居家與生活,home,n. 家,
居家與生活,homework,n. 家庭作業,
日常生活對話,hope,"n. 希望,期望",
日常生活對話,horse,n. 馬,
日常生活對話,hour,n. 小時,
居家與生活,house,n. 房子,
日常生活對話,human,n. 人,
日常生活對話,hundred,n. 一百,
醫療與健康,hurt,n. (精神上的)創傷;傷;痛,
日常生活對話,husband,n. 丈夫,
日常生活對話,ice,n. 冰,
日常生活對話,idea,n. 主意,
日常生活對話,inch,n. 英吋,
日常生活對話,inside,"n. 內部,裡面;內幕",
日常生活對話,interest,n. 興趣,
日常生活對話,iron,n. 鐵;熨斗,
自然與環境,January,n. 一月,
商務與職場,job,n. 職業;工作,
日常生活對話,join,n. 接合點;接連處,
日常生活對話,joke,n. 笑話,
休閒與運動,joy,n. 歡喜;樂趣,
飲食與餐飲,juice,n. 果汁,
自然與環境,July,n. 七月,
休閒與運動,jump,n. 跳躍;暴漲,
自然與環境,June,n. 六月,
日常生活對話,keep,"n. 生活費,生計",
日常生活對話,keeper,n. 保管人;守衛,
日常生活對話,key,n. 鑰匙,
日常生活對話,kick,"n. 踢;反衝,後座力;刺激,快感",
日常生活對話,kid,n. 小孩,
日常生活對話,kill,n. 獵獲物;屠殺,
日常生活對話,kind,n. 種類,
日常生活對話,king,n. 國王,
日常生活對話,kiss,n. 吻,
飲食與餐飲,kitchen,n. 廚房,
自然與環境,kite,n. 風箏,
日常生活對話,kitten,n. 小貓,
日常生活對話,kitty,n. 小貓,
日常生活對話,knee,n. 膝蓋,
日常生活對話,knife,n. 刀子,
日常生活對話,lack,n. 缺乏,
日常生活對話,lady,n. 淑女,
自然與環境,lake,n. 湖,
日常生活對話,lamb,n. 小羊,
日常生活對話,lamp,n. 燈,
日常生活對話,land,n. 陸地,
日常生活對話,last,n. 最後的人(或東西);最後;上回,
日常生活對話,laugh,"n. 笑,笑聲",
日常生活對話,law,n. 法律,
日常生活對話,leader,n. 領袖,
自然與環境,leaf,n. 樹葉,
日常生活對話,leave,n. 准假;休假,
日常生活對話,left,"n. 左,左邊;激進分子們",
日常生活對話,leg,n. 腿,
教育與學術,lesson,n. 課;教訓,
日常生活對話,letter,n. 信;字母,
日常生活對話,level,n. 水平線,
日常生活對話,lie,n. 謊言,
日常生活對話,life,n. 人生;生命,
休閒與運動,lift,"n. 提,吊,升;鼓舞",
日常生活對話,light,n. 光線;燈,
情緒與性格,like,n. 愛好,
自然與環境,lily,n. 百合花,
日常生活對話,line,n. 線;隊伍,
日常生活對話,lion,n. 獅子,
日常生活對話,lip,n. 嘴唇,
日常生活對話,list,n. 單子,
日常生活對話,little,n. 沒有多少;短時間;短距離,
日常生活對話,look,n. 看;瞥;臉色;眼神;表情,
日常生活對話,lot,"n. 很多,多數;一批;一塊地",
情緒與性格,love,n. 愛,
交通與旅遊,low,"n. 低水平,低點;低速",
飲食與餐飲,lunch,n. 午餐,
飲食與餐飲,luncheon,"n. 午餐,(正式的)午餐會",
日常生活對話,ma,n. 媽,
日常生活對話,machine,n. 機器,
日常生活對話,mail,n. 信件,
日常生活對話,mama,n. (兒語)媽媽,
日常生活對話,mamma,n. mama,
日常生活對話,man,n. 男人; 人類,
日常生活對話,map,n. 地圖,
商務與職場,market,n. 市場,
日常生活對話,master,n. 主人,
日常生活對話,matter,n. 事情,
自然與環境,May,n. 五月,
飲食與餐飲,meat,n. 肉類,
休閒與運動,meet,n. 集會;競賽大會,
日常生活對話,middle,n. 中央,
日常生活對話,mile,n. 英哩,
飲食與餐飲,milk,n. 牛奶,
日常生活對話,mind,n. 心智,
日常生活對話,minute,n. 分鐘,
日常生活對話,miss,n. 少女,
日常生活對話,mistake,n. 錯誤,
日常生活對話,mister,n. 先生,
日常生活對話,mom,n. 母親,
日常生活對話,moment,n. 片刻,
日常生活對話,mommy,n. 母親,
自然與環境,Monday,n. 星期一,
日常生活對話,money,n. 錢,
日常生活對話,monkey,n. 猴子,
自然與環境,month,n. 月份,
自然與環境,moon,n. 月亮,
日常生活對話,morning,n. 早晨,
日常生活對話,mother,n. 母親,
日常生活對話,mountain,n. 山,
日常生活對話,mouse,n. 老鼠; 滑鼠,
日常生活對話,mouth,n. 嘴巴,
休閒與運動,movement,n. 動作,
休閒與運動,movie,n. 電影,
自然與環境,mud,n. 泥巴,
日常生活對話,mug,n. (有柄)大杯子,
自然與環境,mummy,n. 木乃伊;(兒語)媽媽,
休閒與運動,music,n. 音樂,
日常生活對話,must,n. 必須做的事;不可少的事物,
日常生活對話,name,n. 名字,
居家與生活,nation,n. 國家,
日常生活對話,nature,n. 自然,
日常生活對話,neck,n. 脖子,
日常生活對話,need,n. 需要;需求;貧窮,
日常生活對話,news,n. 新聞,
日常生活對話,newspaper,n. 報紙,
日常生活對話,night,n. 夜晚,
日常生活對話,nine,n. 九,
日常生活對話,nineteen,n. 十九,
日常生活對話,ninety,n. 九十,
交通與旅遊,no,n. 不;沒有;拒絕;反對票,
日常生活對話,noise,n. 噪音,
日常生活對話,noon,n. 中午,
日常生活對話,north,n. 北方,
日常生活對話,nose,n. 鼻子,
教育與學術,note,n. 筆記;音符;記錄;便條,
日常生活對話,nothing,n. 無事;無物;沒什麼,
日常生活對話,notice,n. 注意;通知,
自然與環境,November,n. 十一月,
日常生活對話,now,"n. 現在,目前,此刻",
日常生活對話,number,n. 號碼;數字,
醫療與健康,nurse,n. 護士,
日常生活對話,O.K. (n.),"認可,批准",
日常生活對話,ocean,n. 海洋,
日常生活對話,o'clock (n.),點鐘,
自然與環境,October,n. 十月,
商務與職場,office,n. 辦公室,
日常生活對話,officer,n. 軍官;官員,
日常生活對話,oil,n. 油,
日常生活對話,OK,"n. 認可,批准",
日常生活對話,okay,n. 同意;批准,
日常生活對話,once,"n. 一次,一回",
日常生活對話,one,n. 一;一個人;一件事物,
休閒與運動,open,"n. 戶外,野外;曠野,空地;公開賽",
日常生活對話,orange,n. 柳橙;橙色,
日常生活對話,order,n. 定單,
休閒與運動,out,n. 託辭;(棒球等)出局,
日常生活對話,outside,"n. 外面,外部;外側;外表",
日常生活對話,pa,n. 爸,
日常生活對話,page,n. 頁,
日常生活對話,paint,"n. 油漆,塗料",
日常生活對話,pair,n. 一副,
居家與生活,pants,n. 褲子,
日常生活對話,papa,n. 爸爸,
日常生活對話,paper,n. 紙張,
日常生活對話,parent,n. 雙親之一,
日常生活對話,park,n. 公園,
日常生活對話,part,n. 部份,
日常生活對話,party,n. 派對,
交通與旅遊,pass,n. 通行證;護照;及格;傳球動作;山隘,
自然與環境,past,"n. 過去,昔日;往事;經歷;過去式",
日常生活對話,payment,"n. 支付,付款",
教育與學術,pen,n. 原子筆;墨水筆,
教育與學術,pencil,n. 鉛筆,
日常生活對話,people,n. 人們,
日常生活對話,person,n. 人,
日常生活對話,pet,n. 寵物,
休閒與運動,piano,n. 鋼琴,
日常生活對話,picture,n. 圖畫;照片,
飲食與餐飲,pie,n. 派(食品),
日常生活對話,piece,n. 件;片,
日常生活對話,pig,n. 豬,
日常生活對話,place,n. 地方,
日常生活對話,plan,n. 計畫,
交通與旅遊,plane,n. 飛機,
商務與職場,plant,"n. 植物,農作物;工廠",
交通與旅遊,play,n. 遊戲;戲劇,
交通與旅遊,player,n. 遊戲者;運動者;表演者,
交通與旅遊,playground,n. 遊樂場;運動場,
日常生活對話,pocket,n. 口袋,
日常生活對話,poetry,"n. 詩,詩歌,韻文",
日常生活對話,point,n. 點;要點,
日常生活對話,police,n. 警察,
日常生活對話,policeman,"n. 警察,警員",
日常生活對話,pond,n. 池塘,
休閒與運動,pool,n. 水池;美式撞球,
日常生活對話,pop,n. 砰的一聲,
自然與環境,popcorn,n. 爆米花,
日常生活對話,position,n. 位置,
休閒與運動,power,n. 權力;動力,
日常生活對話,practice,n. 練習,
日常生活對話,price,n. 價錢,
日常生活對話,print,n. 圖片印刷品;出版物,
日常生活對話,problem,n. 問題,
日常生活對話,public,"n. 公眾,民眾",
日常生活對話,pull,"n. 拉,拖",
日常生活對話,purple,n. 紫色,
日常生活對話,purpose,n. 目的,
日常生活對話,push,n. 推;推進;奮發;緊迫,
日常生活對話,queen,n. 皇后,
日常生活對話,question,n. 問題,
日常生活對話,quiet,n. 安靜;寂靜;安穩;和平,
休閒與運動,race,n. 競賽;(生物的)種類,
日常生活對話,radio,n. 收音機,
交通與旅遊,railroad,n. 鐵路,
自然與環境,rain,n. 雨,
日常生活對話,rainbow,n. 彩虹,
商務與職場,raise,n. 加薪;賭注加碼,
日常生活對話,rat,n. 老鼠,
日常生活對話,reach,n. 可及之範圍,
日常生活對話,reason,n. 理由,
日常生活對話,red,n. 紅色,
日常生活對話,report,n. 報告,
日常生活對話,rest,n. 休息;靜止;安息;休止符;其餘,
交通與旅遊,return,n. 回答;收益;利息;來回票;退貨,
飲食與餐飲,rice,n. 稻米;飯,
交通與旅遊,ride,n. 搭乘;兜風,
日常生活對話,right,n. 公理;權利,
日常生活對話,ring,n. 指環;鈴聲,
日常生活對話,rise,"n. (數量,程度等)增加,上漲;上升",
自然與環境,river,n. 河流,
交通與旅遊,road,n. 道路,
日常生活對話,robot,n. 機器人,
休閒與運動,rock,n. 岩石;搖滾樂,
居家與生活,roof,n. 屋頂,
居家與生活,room,n. 房間,
日常生活對話,rooster,n. 雄雞;狂妄自負的人,
日常生活對話,root,n. 根,
日常生活對話,rope,n. 粗繩,
日常生活對話,rose,n. 玫瑰,
日常生活對話,round,"n. 一輪,一回合,一場,一局;圓形物",
日常生活對話,row,n. 行列,
日常生活對話,rub,"n. 摩擦,擦;阻難;疑難點",
日常生活對話,rubber,n. 橡膠,
日常生活對話,rule,n. 規則,
日常生活對話,safe,n. 保險箱,
交通與旅遊,sail,"n. 帆,篷;帆狀物;船隻",
日常生活對話,sale,n. 售賣;賤賣,
飲食與餐飲,salt,n. 鹽,
日常生活對話,sand,n. 沙,
自然與環境,Saturday,n. 星期六,
日常生活對話,saw,n. 鋸子;鋸條,
情緒與性格,scare,n. 驚恐;驚嚇,
交通與旅遊,scene,n. 景色;場面,
教育與學術,school,n. 學校,
日常生活對話,sea,n. 海,
日常生活對話,season,n. 季節,
日常生活對話,seat,n. 座位,
日常生活對話,second,n. 第二;秒,
日常生活對話,seed,n. 種子,
日常生活對話,seesaw,n. 蹺蹺板,
日常生活對話,self,"n. 自身,自己;自我",
日常生活對話,sense,n. 感官;官能,
日常生活對話,sentence,n. 句子,
自然與環境,September,n. 九月,
日常生活對話,service,n. 服務,
日常生活對話,set,n. 套;組,
日常生活對話,seven,n. 七,
日常生活對話,seventeen,n. 十七,
日常生活對話,seventy,n. 七十,
飲食與餐飲,shake,n. 搖動;奶昔,
日常生活對話,shape,n. 形狀,
自然與環境,shark,n. 鯊魚,
日常生活對話,sheep,n. 綿羊,
居家與生活,sheet,n. 一張(紙);床單,
自然與環境,shine,"n. 光,光亮;光澤;擦亮;陽光,晴天",
交通與旅遊,ship,n. 船,
日常生活對話,shirt,n. 襯衫,
居家與生活,shoe,n. 鞋子,
商務與職場,shop,n. 商店,
日常生活對話,shore,n. 岸邊,
日常生活對話,shot,"n. 射擊,開槍;投籃;拍攝",
日常生活對話,shoulder,n. 肩膀,
日常生活對話,shout,n. 呼喊;喊叫聲,
休閒與運動,show,n. 展覽;電影,
日常生活對話,side,n. 邊,
交通與旅遊,sight,n. 視力;景象,
日常生活對話,silver,n. 銀,
日常生活對話,singer,n. 歌手,
日常生活對話,sir,n. 先生,
日常生活對話,sister,n. 姊妹,
日常生活對話,six,n. 六,
日常生活對話,sixteen,n. 十六,
日常生活對話,sixty,n. 六十,
日常生活對話,size,n. 大小;尺寸,
日常生活對話,skill,n. 技能,
日常生活對話,skin,n. 皮膚,
自然與環境,sky,n. 天空,
日常生活對話,sleep,n. 睡眠;死亡;冬眠,
日常生活對話,small,n. 細小的部分;小件物品,
飲食與餐飲,smell,"n. 氣味;香味;臭味;嗅覺;一嗅,一聞;少許;跡象,影蹤",
日常生活對話,smile,n. 微笑,
日常生活對話,smoke,n. 煙,
日常生活對話,snake,n. 蛇,
自然與環境,snow,n. 雪,
日常生活對話,soap,n. 肥皂,
日常生活對話,soda,n. 蘇打;汽水,
日常生活對話,sofa,n. 沙發,
自然與環境,soil,"n. 土,泥土,土壤",
自然與環境,someone,n. 某人;有名氣的人,
日常生活對話,something,n. 某人;某事;重要的人(或事物);,
日常生活對話,son,n. 兒子,
日常生活對話,song,n. 歌曲,
日常生活對話,soul,n. 靈魂,
日常生活對話,sound,n. 聲音,
飲食與餐飲,soup,n. 湯,
飲食與餐飲,sour,n. 酸味;酸的東西,
日常生活對話,south,n. 南方,
日常生活對話,space,n. 空位;太空,
休閒與運動,speech,n. 言論;演講,
飲食與餐飲,spoon,n. 湯匙,
休閒與運動,sport,n. 消遣;運動;突變,
居家與生活,stair,n. 梯級;樓梯,
交通與旅遊,stand,"n. 攤子;停止,站立； 立場;態度",
自然與環境,star,n. 星星;明星,
交通與旅遊,start,n. 出發;開端;啟動,
日常生活對話,state,n. 狀態；美國的州,
日常生活對話,statement,"n. 陳述,說明;結單",
交通與旅遊,station,n. 車站;場所,
日常生活對話,stay,"n. 停留,逗留;停止;延後;持續力",
日常生活對話,step,n. 步;臺階,
自然與環境,stone,n. 石頭,
交通與旅遊,stop,n. 車站,
商務與職場,store,n. 商店,
日常生活對話,story,n. 故事;樓層,
交通與旅遊,street,n. 街道,
教育與學術,student,n. 學生,
居家與生活,study,n. 書房,
飲食與餐飲,sugar,n. 糖,
自然與環境,summer,n. 夏天,
日常生活對話,sun,n. 太陽,
自然與環境,Sunday,n. 星期日,
飲食與餐飲,supper,n. 晚餐,
日常生活對話,surprise,n. 意外之事物,
飲食與餐飲,sweet,"n. (餐後的)甜點;(用作稱呼語)親愛的,寶貝",
休閒與運動,swim,"n. 游泳;暈眩,眼花;潮流",
日常生活對話,table,"n. 桌子;表,目錄",
日常生活對話,tail,n. 尾巴,
日常生活對話,tale,"n. 故事,傳說;謊話",
商務與職場,talk,n. 談話;交談;空話;話題;談判,
飲食與餐飲,taste,"n. 味道,滋味;體驗;風雅;得體;興趣",
交通與旅遊,taxi,n. 計程車,
交通與旅遊,taxicab,n. 計程車,
飲食與餐飲,tea,n. 茶,
日常生活對話,teacher,n. 老師,
日常生活對話,ten,n. 十,
日常生活對話,thank,n. 感謝;謝意;謝辭,
日常生活對話,then,"n. 那時,當時",
日常生活對話,there,"n. 那個地方,那裡",
日常生活對話,thing,n. 事物;東西,
日常生活對話,third,n. 第三;三分之一,
日常生活對話,thirteen,n. 十三,
日常生活對話,thirty,n. 三十,
日常生活對話,thought,n. 思想,
日常生活對話,thousand,n. 千,
日常生活對話,three,n. 三,
居家與生活,throw,n. 投擲;披巾;(沙發等的)罩單,
自然與環境,Thursday,n. 星期四,
交通與旅遊,ticket,n. 票;罰單,
日常生活對話,tie,n. 結;領帶;平手,
日常生活對話,tiger,n. 老虎,
日常生活對話,time,n. 時間;次數,
日常生活對話,tire,n. 輪胎,
自然與環境,today,n. 今天,
自然與環境,tomorrow,n. 明天,
日常生活對話,tone,"n. 音色,音調;色調",
日常生活對話,tonight,n. 今夜;今晚,
商務與職場,tool,n. 工具,
日常生活對話,top,n. 頂部; 陀螺,
日常生活對話,total,n. 總額,
日常生活對話,touch,"n. 觸,碰;接觸;潤色;特長,才能;少許",
日常生活對話,town,n. 城市,
日常生活對話,toy,n. 玩具,
交通與旅遊,train,n. 火車,
自然與環境,tree,n. 樹木,
交通與旅遊,trip,n. 旅行,
情緒與性格,trouble,n. 麻煩,
教育與學術,try,n. 嘗試;努力,
休閒與運動,T-shirt,n. 短袖圓領運動衫,
自然與環境,Tuesday,n. 星期二,
日常生活對話,turn,n. 輪到,
日常生活對話,twelve,n. 十二,
日常生活對話,twenty,n. 二十,
日常生活對話,two,n. 二,
日常生活對話,uncle,n. 叔叔,
日常生活對話,unit,n. 單位;單元;組件,
交通與旅遊,up,n. 上升;走運,
日常生活對話,upstairs,n. 樓上,
日常生活對話,use,n. 用途,
飲食與餐飲,vegetable,n. 蔬菜,
日常生活對話,view,n. 視力;視野;看法,
日常生活對話,visit,n. 訪問,
日常生活對話,voice,n. (人的)聲音,
日常生活對話,wait,n. 等待;等待的時間,
交通與旅遊,walk,n. 散步;人行道;四壞球保送上一壘,
日常生活對話,wall,n. 牆,
日常生活對話,want,n. 需要的東西;必需品;缺乏;匱乏,
日常生活對話,war,n. 戰爭,
日常生活對話,warm,"n. 暖和的地方;取暖,加熱",
日常生活對話,warming,n. 暖和；加溫,
居家與生活,wash,"n. 洗,洗滌;要洗的(洗好的)衣服",
日常生活對話,waste,n. 浪費,
日常生活對話,watch,n. 手錶,
日常生活對話,water,n. 水,
交通與旅遊,way,n. 方法;路,
居家與生活,wear,n. 穿;戴;佩;磨損,
自然與環境,weather,n. 天氣,
日常生活對話,wedding,n. 婚禮,
自然與環境,Wednesday,n. 星期三,
自然與環境,week,n. 星期,
日常生活對話,weekend,n. 周末,
日常生活對話,weight,n. 重量,
日常生活對話,welcome,"n. 歡迎,款待;歡迎辭",
自然與環境,well,"n. 井,水井;採光井;通風井",
日常生活對話,west,n. 西方,
日常生活對話,where,"n. 哪裡,何處; 地點",
日常生活對話,while,n. 一會兒,
日常生活對話,white,n. 白色,
日常生活對話,whole,"n. 全部,全體;整體",
日常生活對話,why,"n. 原因,理由;難解的問題,謎",
休閒與運動,wide,"n. 歪球,壞球",
日常生活對話,wife,n. 妻子,
日常生活對話,will,n. 意志;決心;遺囑,
日常生活對話,win,"n. 獲勝,成功,贏;贏得物",
自然與環境,wind,n. 風,
居家與生活,window,n. 窗戶,
飲食與餐飲,wine,n. 葡萄酒,
自然與環境,winter,n. 冬天,
日常生活對話,wish,"n. 希望,願望;祝福,祈頌",
日常生活對話,woman,n. 女人,
自然與環境,wood,n. 木材,
日常生活對話,word,n. 字,
商務與職場,work,"n. 工作,作品",
商務與職場,worker,n. 工人,
日常生活對話,world,n. 世界,
自然與環境,worm,n. 蠕蟲,
情緒與性格,worry,n. 煩惱;焦慮;擔心,
日常生活對話,worse,n. 更糟的事,
日常生活對話,worst,n. 最壞者;最壞的部分;最壞的情況,
居家與生活,writer,n. 作家,
交通與旅遊,wrong,"n. 錯誤;不道德;違法,犯罪;壞事",
日常生活對話,Xmas,n. 耶誕節 (=Christmas),
自然與環境,yam,n. 山芋類植物,
日常生活對話,year,n. 年,
日常生活對話,yellow,n. 黃色,
交通與旅遊,yes,"n. 肯定的回答,同意;贊成票",
自然與環境,yesterday,n. 昨天;往昔,
日常生活對話,young,n. 青年們;雛,
日常生活對話,zero,n. 零,
休閒與運動,zoo,n. 動物園,
日常生活對話,absent,"adj. 缺席的,不在場的",
日常生活對話,active,adj. 活躍的,
日常生活對話,alike,adj. 相似的,
日常生活對話,alive,adj. 活著的;活躍的,
日常生活對話,ancient,adj. 古代的,
日常生活對話,asleep,adj. 睡著的,
日常生活對話,backward,adj. 向後的;落後的,
日常生活對話,believable,adj. 可信的,
飲食與餐飲,bitter,adj. 苦的;嚴酷的,
日常生活對話,blank,"adj. 空白的;空的,無內容的;茫然的",
日常生活對話,blind,adj. 瞎的,
醫療與健康,bloody,adj. 流血的,
醫療與健康,bony,adj. 骨的;似骨的,
日常生活對話,brief,adj. 短暫的,
日常生活對話,broad,adj. 寬廣的,
日常生活對話,calm,adj. 寧靜的,
日常生活對話,central,adj. 中央的,
日常生活對話,cheap,adj. 便宜的,
教育與學術,chemical,adj. 化學的,
日常生活對話,childish,adj. 幼稚的,
自然與環境,childlike,adj. 天真爛漫的,
日常生活對話,choice,"adj. 上等的,精選的;挑三揀四的",
日常生活對話,classic,adj. 典型的;古典的,
日常生活對話,clever,adj. 聰明伶俐的,
自然與環境,cloudy,adj. 多雲的;陰天的,
日常生活對話,colorful,adj. 富有色彩的,
日常生活對話,comfortable,adj. 舒適的,
日常生活對話,complete,adj. 完整的；徹底的,
日常生活對話,convenient,adj. 方便的,
日常生活對話,costly,adj. 昂貴的;代價高的,
日常生活對話,crazy,adj. 古怪的;著迷的,
飲食與餐飲,cream,"adj. 奶油色的,淡黃色的,乳黃色的",
日常生活對話,cruel,adj. 殘酷的,
日常生活對話,curious,adj. 好奇的,
自然與環境,daily,adj. 每日的,
日常生活對話,dangerous,adj. 危險的,
日常生活對話,deaf,adj. 聾的,
飲食與餐飲,delicious,adj. 好吃的,
情緒與性格,dishonest,adj. 不誠實的,
日常生活對話,distant,adj. 遠離的,
日常生活對話,dizzy,adj. 暈眩的,
日常生活對話,double,adj. 雙重的,
商務與職場,downtown,adj. 城市商業區的,
日常生活對話,dull,adj. 晦暗的;無光澤的,
日常生活對話,dumb,adj. 愚笨的;啞的,
日常生活對話,eastern,adj. 東方的,
日常生活對話,effective,adj. 有效的,
日常生活對話,elder,adj. 年紀較長的,
日常生活對話,elect,"adj. 選定的,當選的",
日常生活對話,entire,"adj. 全部的,整個的",
日常生活對話,exact,"adj. 確切的,精確的",
日常生活對話,excellent,adj. 非常好的,
日常生活對話,expensive,adj. 貴的,
居家與生活,expert,"adj. 熟練的,老練的;專家的",
休閒與運動,express,"adj. 快遞的,快運的;明確的",
日常生活對話,extra,adj. 額外的,
日常生活對話,fair,adj. 公平的;美好的,
日常生活對話,famous,adj. 著名的,
情緒與性格,favorite,adj. 最喜愛的,
日常生活對話,fearful,adj. 可怕的;害怕的,
日常生活對話,female,adj. 女性的,
日常生活對話,firm,adj. 牢固的,
日常生活對話,fit,adj. 適合的;恰當的;相稱的;能勝任的,
日常生活對話,flat,adj. 平的,
日常生活對話,foggy,adj. 有霧的,
日常生活對話,following,"adj. 接著的,其次的;下面的",
日常生活對話,foolish,adj. 愚蠢的,
日常生活對話,formal,adj. 正式的,
日常生活對話,former,adj. 前者,
日常生活對話,forward,adj. 前面的,
日常生活對話,frank,adj. 坦白的,
情緒與性格,friendly,adj. 友善的,
日常生活對話,further,adj. 較遠的;另外的,
日常生活對話,future,"adj. 未來的,將來的;將來(時)的",
日常生活對話,generous,adj. 慷慨的,
情緒與性格,gentle,adj. 溫柔的,
日常生活對話,giant,adj. 巨大的,
日常生活對話,golden,adj. 金色的,
自然與環境,grassy,adj. 長滿草的;似草的,
日常生活對話,greedy,adj. 貪心的,
日常生活對話,handsome,adj. 英俊的,
情緒與性格,hateful,adj. 可恨的;充滿憎恨的,
醫療與健康,healthy,adj. 健康的,
日常生活對話,helpful,adj. 有益的,
居家與生活,homesick,adj. 想家的,
情緒與性格,honest,adj. 誠實的,
情緒與性格,humble,adj. 謙恭的;微賤的,
日常生活對話,humid,adj. 潮濕的,
醫療與健康,ill,adj. 生病的,
日常生活對話,independent,adj. 獨立的,
日常生活對話,instant,adj. 即時的,
日常生活對話,international,adj. 國際的,
日常生活對話,joint,adj. 接頭;連接,
日常生活對話,juicy,adj. 多汁的,
日常生活對話,latest,adj. 最新的;最近的;最遲的,
日常生活對話,legal,adj. 合法的,
日常生活對話,local,adj. 本地的,
日常生活對話,lone,adj. 孤單的;無伴的,
日常生活對話,lonely,adj. 寂寞的,
休閒與運動,lovely,adj. 動人的,
日常生活對話,magic,adj. 不可思議的;有魔力的,
日常生活對話,main,adj. 最主要的,
日常生活對話,male,adj. 男性的,
日常生活對話,measurable,adj. 可測量的;可預見的,
日常生活對話,military,adj. 軍事的,
日常生活對話,minus,"adj. 負的,減去的",
日常生活對話,modern,adj. 現代的,
休閒與運動,movable,"adj. 可動的,可移動的",
日常生活對話,naked,adj. 裸體的,
日常生活對話,narrow,adj. 窄的,
居家與生活,national,adj. 國家的,
自然與環境,natural,adj. 天然的,
日常生活對話,naughty,adj. 頑皮的,
日常生活對話,nearby,adj. 附近的,
居家與生活,neat,adj. 整潔的;整齊的,
日常生活對話,necessary,adj. 需要的,
日常生活對話,negative,adj. 否定的;負面的,
日常生活對話,neither,adj. 兩者都不,
日常生活對話,northern,adj. 北方的;向北方的,
日常生活對話,novel,"adj. 新的,新穎的,新奇的",
日常生活對話,official,"adj. 官方的,法定的",
日常生活對話,ordinary,adj. 平常的,
日常生活對話,overseas,adj. 國外的,
醫療與健康,painful,adj. 痛的,
日常生活對話,particular,adj. 特殊的;,
日常生活對話,patient,"adj. 有耐心的,能忍受的",
日常生活對話,peaceful,adj. 寧靜的;和平的,
日常生活對話,perfect,adj. 完美的,
日常生活對話,personal,adj. 個人的,
日常生活對話,pink,adj. 粉紅色的,
日常生活對話,plain,adj. 簡樸的;清楚的,
情緒與性格,playful,adj. 愛玩耍的;開玩笑的,
日常生活對話,pleasant,adj. 愉快的;美好的,
日常生活對話,plus,adj. 正的;外加的;有益的;陽性的;正電的,
日常生活對話,polite,adj. 有禮貌的,
日常生活對話,popular,adj. 流行的;受歡迎的,
日常生活對話,positive,adj. 正面的;確信的,
日常生活對話,powerful,adj. 強有力的,
日常生活對話,present,adj. 出席的;當前的;現在式的,
日常生活對話,principal,"adj. 主要的,首要的;資本的,本金的",
日常生活對話,private,adj. 私人的,
情緒與性格,proud,adj. 感光榮的;驕傲的,
自然與環境,rainy,adj. 下雨的;多雨的,
交通與旅遊,rapid,adj. 迅速的,
日常生活對話,rare,adj. 罕見的,
日常生活對話,recent,adj. 最近的,
日常生活對話,regular,adj. 通常的;定期的,
日常生活對話,responsible,adj. 負責任的,
自然與環境,rocky,adj. 岩石的;多岩石的,
居家與生活,royal,adj. 皇家的,
日常生活對話,rude,adj. 無禮的,
飲食與餐飲,salty,adj. 有鹽分的;鹹味濃的,
日常生活對話,secret,"adj. 神祕的,奧祕的",
日常生活對話,select,adj. 精選的;卓越的,
日常生活對話,separate,"adj. 單獨的,個別的",
日常生活對話,serious,adj. 嚴肅的;嚴重的;認真的,
情緒與性格,shocked,adj. 震驚的,
日常生活對話,silent,adj. 寂靜的,
日常生活對話,similar,adj. 相似的,
日常生活對話,single,adj. 單一的;獨身的,
日常生活對話,skilled,adj. 熟練的;有技能的,
科技與數位,skillful,"adj. 有技術的, 熟練的",
日常生活對話,skinny,adj. 很瘦的,
日常生活對話,sleepy,adj. 想睡的,
日常生活對話,slender,adj. 纖細的,
日常生活對話,slim,adj. 細長的;微小的,
自然與環境,snowy,adj. 似雪的;多雪的,
日常生活對話,social,adj. 社會的;交際的,
日常生活對話,southern,adj. 南方的;向南方的,
日常生活對話,square,adj. 正方形的,
日常生活對話,standard,adj. 一般性的,
日常生活對話,straight,adj. 直的,
日常生活對話,strict,"adj. 嚴謹的,精確的",
日常生活對話,successful,adj. 成功的,
日常生活對話,sudden,adj. 突然的,
日常生活對話,sunny,adj. 晴朗的,
日常生活對話,talkative,adj. 好說話的,
日常生活對話,tasty,adj. 高雅的;大方的,
日常生活對話,teenage,adj. 十幾歲的,
日常生活對話,terrible,adj. 可怕的,
日常生活對話,terrific,adj. 非常好的;可怕的,
日常生活對話,thick,adj. 粗的;厚的,
日常生活對話,thin,adj. 瘦的,
日常生活對話,thirsty,adj. 口渴的,
日常生活對話,traditional,adj. 傳統的,
日常生活對話,ugly,adj. 醜的,
日常生活對話,uniform,"adj. 相同的,一致的;不變的",
日常生活對話,upper,adj. 較高的,
日常生活對話,used,adj. 習慣於; 舊的;用舊了的,
日常生活對話,usual,adj. 例常的,
休閒與運動,video,adj. 電視的;電視影像的;錄影的,
日常生活對話,western,adj. 西方的,
日常生活對話,wet,adj. 潮溼的,
日常生活對話,whatever,adj. 無論怎麼的,
自然與環境,wild,adj. 野生的;無法無天的,
休閒與運動,willing,"adj. 願意的,樂意的",
自然與環境,windy,adj. 多風的,
日常生活對話,wise,adj. 有智慧的,
日常生活對話,wonderful,adj. 很棒的;奇妙的,
自然與環境,wooden,adj. 木製的;僵硬的;笨拙的,
日常生活對話,absent,v. 缺席,
日常生活對話,accept,v. 接受,
日常生活對話,advance,v. 推進;提升;貸(款),
日常生活對話,aid,v. 有助於,
日常生活對話,aim,"v. 瞄準,對準",
情緒與性格,alarm,v. 向...報警;使驚慌不安,
日常生活對話,amount,"v. 合計,共計",
日常生活對話,apply,"v. 塗,敷;應用",
日常生活對話,argue,v. 爭論,
日常生活對話,arm,"v. 用武器裝備;提供,配備; 武裝起來",
日常生活對話,arrange,v. 排列;整理,
日常生活對話,arrest,v. 逮捕;拘留,
日常生活對話,arrive,v. 到達,
日常生活對話,attack,v. 進攻;襲擊,
日常生活對話,attend,"v. 出席,參加;照料;伴隨",
日常生活對話,avoid,v. 避免,
日常生活對話,baby-sit,v. 當臨時保姆,
飲食與餐飲,bake,v. 烘;烤,
飲食與餐飲,barbecue,"v. (在戶外)烤,炙(肉類)",
日常生活對話,bark,v. 狗叫,
日常生活對話,battle,v. 與...作戰,
飲食與餐飲,BBQ,v. 烤肉 barbecue,
日常生活對話,bead,v. 用珠裝飾,
日常生活對話,bear,v. 承受,
日常生活對話,beep,v. 作嗶嗶聲;吹警笛,
日常生活對話,beg,v. 乞討;懇求,
日常生活對話,belt,v. 用皮帶抽打;環繞;猛擊,
日常生活對話,bend,v. 折彎;轉彎,
日常生活對話,bet,v. 以(錢;物等)打賭,
日常生活對話,bill,v. 記入帳,
日常生活對話,bind,v. 捆;綁,
日常生活對話,blind,"v. 使看不見,使失明;使失去理智",
交通與旅遊,board,v. 上車;上船,
日常生活對話,boil,v. (水等)沸騰;開;滾,
飲食與餐飲,bomb,"v. 轟炸,投彈;慘敗",
日常生活對話,borrow,v. 借,
日常生活對話,boss,v. 指揮;作威作福,
情緒與性格,bother,v. 煩擾,
商務與職場,bottle,"v. 把...裝入瓶中;約束,抑制(感情);隱藏",
日常生活對話,bow,v. 鞠躬,
日常生活對話,branch,v. 出枝;分支;分岔,
商務與職場,brand,v. 印...商標於,
日常生活對話,brief,v. 簡報;作...的提要,
日常生活對話,broadcast,v. 廣播,
日常生活對話,brush,v. 刷,
醫療與健康,burn,v. 燒;燙傷,
日常生活對話,burst,v. 爆開;闖入,
日常生活對話,button,v. 扣鈕扣,
日常生活對話,cable,v. 發越洋電報,
日常生活對話,calm,v. 變安靜;使鎮定,
日常生活對話,cancel,v. 取消,
居家與生活,carpet,v. 在...上鋪地毯;斥責,
交通與旅遊,cart,v. 用運貨車裝運,
自然與環境,cartoon,v. 畫漫畫;畫草圖,
日常生活對話,cash,v. 兌現,
日常生活對話,cave,"v. 塌落,倒坍",
自然與環境,chalk,v. 使變白;畫出...的草圖;規劃;記下,
日常生活對話,change,v. 改變;更改,
日常生活對話,charge,v. 索價;充電,
日常生活對話,cheat,v. 欺騙;作弊,
日常生活對話,choose,v. 選擇;挑選,
日常生活對話,circle,v. 畫圓圈;圈出;盤旋;流傳,
日常生活對話,claim,v. 聲稱,
日常生活對話,clap,v. 拍(手);鼓(掌),
日常生活對話,claw,v. 用爪子抓,
居家與生活,clothe,v. 給...穿衣;為...提供衣服,
日常生活對話,clown,v. 開玩笑;裝傻,
日常生活對話,club,v. 募集;捐獻;集資;聯合起來,
交通與旅遊,coach,"v. 訓練,指導,輔導;乘馬車旅行",
日常生活對話,coin,"v. 鑄造(貨幣);創造,杜撰(新詞等)",
日常生活對話,collect,v. 收集,
日常生活對話,comb,v. 用梳子梳理,
日常生活對話,compare,v. 比較,
日常生活對話,complain,v. 抱怨,
日常生活對話,complete,v. 完成,
日常生活對話,confirm,v. 確認,
日常生活對話,conflict,"v. 矛盾,衝突",
教育與學術,consider,v. 考慮,
日常生活對話,contact,v. 接觸;聯繫,
日常生活對話,contain,v. 包含;容納,
日常生活對話,control,v. 控制,
日常生活對話,copy,v. 拷貝;抄襲,
醫療與健康,cough,v. 咳嗽,
日常生活對話,couple,v. 連接;結合;成婚;交配,
日常生活對話,court,v. 向...獻殷勤;追求;引誘;求婚,
日常生活對話,crane,v. 伸(頸),
日常生活對話,create,v. 創造,
日常生活對話,crop,v. 收成,
日常生活對話,cross,v. 越過;渡過,
休閒與運動,crow,"v. 得意洋洋,幸災樂禍",
日常生活對話,crowd,v. 擠滿;聚集,
醫療與健康,cure,v. 治癒,
日常生活對話,curtain,"v. (用簾子)遮掉,隔開",
日常生活對話,damage,v. 損害,
日常生活對話,dawn,"v. 破曉, 頓悟",
日常生活對話,debate,v. 辯論,
日常生活對話,decorate,v. 佈置,
日常生活對話,delay,v. 延緩;使延期,
日常生活對話,deliver,"v. 遞送;發表,講;給……接生",
日常生活對話,deny,"v. 否定,否認",
日常生活對話,depend,v. 依賴,
日常生活對話,describe,v. 描述,
休閒與運動,desert,v. 遺棄;離棄;逃跑,
日常生活對話,design,v. 設計,
日常生活對話,desire,v. 渴望;要求;想與...發生性關係,
日常生活對話,detect,v. 查出,
日常生活對話,develop,v. 發展,
日常生活對話,dial,v. 撥(電話號碼),
日常生活對話,disagree,"v. 不一致,不符",
日常生活對話,disappear,v. 消失,
日常生活對話,discuss,v. 討論,
日常生活對話,display,v. 陳列;展出,
日常生活對話,distance,v. 使疏遠,
日常生活對話,divide,v. 分開;除以,
日常生活對話,dot,"v. 點綴; 打點,加點",
日常生活對話,double,v. 加倍,
日常生活對話,doubt,v. 懷疑,
日常生活對話,drag,"v. 拉,拖",
居家與生活,dress,v. 穿著,
日常生活對話,drop,v. (使)滴落;丟下,
醫療與健康,drug,v. 使服麻醉藥;使服毒品,
日常生活對話,drum,v. 打鼓;咚咚地敲,
日常生活對話,dull,v. 弄鈍;使不活躍;減少;減輕,
日常生活對話,earn,v. 賺到,
日常生活對話,effect,v. 造成;招致,
日常生活對話,elect,v. 選出,
日常生活對話,encourage,v. 鼓勵;助長,
情緒與性格,enjoy,v. 喜歡;享受,
休閒與運動,excite,v. 使興奮;使激動,
日常生活對話,excuse,v. 原諒;借光,
休閒與運動,exercise,"v. 鍛鍊;操練;練習;運用,行使",
日常生活對話,exist,v. 存在,
日常生活對話,expect,v. 期待,
日常生活對話,experience,v. 經歷;感受,
日常生活對話,explain,v. 解釋,
日常生活對話,express,v. 表示,
日常生活對話,fail,v. 失敗;不及格,
醫療與健康,fault,v. 挑...的毛病;產生斷層,
日常生活對話,favor,"v. 支持,擁護;有利於",
日常生活對話,fence,v. 用柵(或籬)圍起來;防護;保衛,
日常生活對話,figure,v. 估計;描繪,
休閒與運動,film,v. 把...拍成電影;生薄膜,
日常生活對話,firm,v. 使穩固;使牢固;變堅實,
日常生活對話,fit,v. 合身;適合,
日常生活對話,fix,v. 修理,
日常生活對話,flag,"v. 打旗號表示;衰退,低落",
日常生活對話,flash,v. 使閃光;使閃爍,
日常生活對話,flat,v. 使變平;降半音,
日常生活對話,flood,v. 淹沒;使泛濫,
日常生活對話,flour,v. 撒粉於;把...磨成粉,
休閒與運動,flow,v. (河水等)流動,
休閒與運動,flute,v. 用長笛奏(樂曲),
日常生活對話,focus,v. 集中,
日常生活對話,fool,v. 愚弄,
日常生活對話,forgive,v. 原諒,
日常生活對話,form,v. 形成,
日常生活對話,forward,v. 轉遞,
飲食與餐飲,frighten,v. 害怕;吃驚,
日常生活對話,function,v. 起作用,
日常生活對話,further,v. 更遠地;進一步地;促進;助長,
日常生活對話,gain,v. 得到;增進,
交通與旅遊,garage,v. 把(汽車等)送入車庫(或修理廠),
日常生活對話,gather,v. 集合,
居家與生活,glue,v. 黏住;緊附,
休閒與運動,golf,v. 打高爾夫球,
醫療與健康,govern,v. 統治;管理,
日常生活對話,grade,v. 將...分等級;將...分類,
日常生活對話,greet,v. 問候;致敬,
日常生活對話,guard,v. 保衛;看守,
日常生活對話,hammer,v. 敲打,
日常生活對話,handle,v. 處理;搬弄,
日常生活對話,hang,v. 把…掛起;吊,
日常生活對話,hide,v. 躲;隱藏,
日常生活對話,hire,v. 雇用,
休閒與運動,hop,v. 單足跳,
日常生活對話,hum,v. 哼曲子,
情緒與性格,humble,v. 使謙卑;使威信掃地,
日常生活對話,hunt,v. 追獵,
日常生活對話,hurry,v. 趕快,
日常生活對話,ignore,v. 不理睬,
日常生活對話,imagine,v. 想像,
情緒與性格,improve,v. 改善,
日常生活對話,include,v. 包含,
日常生活對話,increase,v. 增加,
日常生活對話,indicate,v. 指出,
休閒與運動,influence,"v. 影響,感化;左右",
日常生活對話,ink,v. 用墨水寫;簽署;簽訂(合同等),
日常生活對話,insist,v. 堅持,
日常生活對話,instance,v. 舉...為例;引證,
日常生活對話,interview,v. 面談;採訪,
日常生活對話,introduce,v. 介紹,
日常生活對話,invent,v. 發明,
日常生活對話,invite,v. 邀請,
醫療與健康,jam,v. 擠;夾傷,
交通與旅遊,jazz,v. 使活潑;奏爵士樂;遊蕩,
休閒與運動,jog,v. 慢跑,
日常生活對話,joint,"v. 連接,接合",
日常生活對話,judge,v. 判斷;審判,
日常生活對話,knock,v. 敲,
日常生活對話,lend,v. 出借,
日常生活對話,lick,v. 舔,
日常生活對話,limit,v. 限定,
日常生活對話,link,v. 聯繫,
日常生活對話,locate,v. 把...設置在;使...座落於,
居家與生活,lock,v. 鎖住,
交通與旅遊,log,v. 伐(林木);把...記入航海日誌,
日常生活對話,lose,v. 輸;失去,
日常生活對話,lower,"v. 放下,降下;放低;減低;減弱",
日常生活對話,maintain,v. 維持;保養,
日常生活對話,mark,v. 做記號,
日常生活對話,mask,v. 在(臉上)戴面具;掩飾,
日常生活對話,match,v. 相配,
日常生活對話,mate,v. 使交配,
日常生活對話,measure,v. 計量,
自然與環境,mine,v. 開礦;佈雷;破壞,
日常生活對話,mirror,"v. 反映,反射",
日常生活對話,mix,v. 混合,
日常生活對話,model,v. 塑像;當模特兒,
交通與旅遊,motion,"v. 打手勢;搖(或點)頭示意;擺動,走",
交通與旅遊,multiply,"v. 乘,使相乘",
日常生活對話,nail,"v. 將...釘牢;捕獲;揭露;擊,打",
日常生活對話,narrow,v. 變窄;收縮;減少,
醫療與健康,needle,"v. (用話)刺激,挑逗;用針縫",
居家與生活,neighbor,v. 與...為鄰,
日常生活對話,nest,v. 築巢;巢居;伏窩,
日常生活對話,net,v. 用網捕;使淨賺,
日常生活對話,nod,v. 點頭,
日常生活對話,obey,v. 服從,
日常生活對話,object,v. 反對,
日常生活對話,occur,v. 發生;出現,
日常生活對話,offer,v. 提供,
日常生活對話,omit,v. 略過,
休閒與運動,operate,v. 運作;運轉;動手術,
日常生活對話,organize,v. 使有條理;安排,
日常生活對話,pack,v. 包裝,
日常生活對話,package,v. 把...打包;包裝,
飲食與餐飲,pain,"v. 使煩惱,使痛苦;使疼痛",
日常生活對話,pardon,v. 寬恕,
科技與數位,parrot,v. 機械地模仿,
日常生活對話,paste,v. 黏貼,
日常生活對話,pat,"v. 輕拍,撫拍",
日常生活對話,pattern,"v. 仿造,模仿",
日常生活對話,pepper,v. 加胡椒粉於;使佈滿;嚴懲,
日常生活對話,perfect,v. 使完美;做完,
日常生活對話,phone,v. 打電話,
日常生活對話,photo,v. 給...拍照; 拍照;在照片上顯得,
日常生活對話,photograph,v. 拍照,
日常生活對話,phrase,"v. 用言語表達,用(詞)",
日常生活對話,pick,v. 採收;撿起;選,
飲食與餐飲,picnic,"v. 去野餐,參加野餐;在戶外用餐",
日常生活對話,pile,v. 堆起,
日常生活對話,pillow,v. 枕著頭;靠,
居家與生活,pin,v. 釘住;壓住;按住;把...歸罪於,
交通與旅遊,pipe,v. 用管道輸送;吹奏管樂;尖聲叫嚷,
日常生活對話,pitch,v. 搭(帳篷);紮(營);為...定調,
日常生活對話,plate,v. 鍍;電鍍,
醫療與健康,poison,"v. 放毒,下毒",
日常生活對話,pose,v. 擺姿勢,
日常生活對話,post,v. 郵寄;登入(分類帳等);發表,
日常生活對話,pot,v. 把...放在罐(或鍋)裡;亂射,
交通與旅遊,pound,v. 敲打;(心等)劇跳;腳步沈重地走,
日常生活對話,praise,v. 讚美,
日常生活對話,pray,v. 禱告,
情緒與性格,prefer,v. 更喜歡,
日常生活對話,present,v. 提出,
日常生活對話,press,"v. 壓,擠;催逼",
日常生活對話,pride,"v. 使得意,以...自豪",
日常生活對話,prize,"v. 重視,珍視;估價",
日常生活對話,produce,v. 製造;出產,
日常生活對話,progress,"v. 前進;進行;上進,提高,進步",
商務與職場,project,"v. 計劃;企劃;突出,伸出;投射",
日常生活對話,promise,v. 答應,
日常生活對話,pronounce,v. 發...音,
日常生活對話,propose,v. 提議,
日常生活對話,protect,v. 保護,
日常生活對話,provide,v. 供應,
休閒與運動,pump,v. 跳動;使用唧筒,
日常生活對話,punish,v. 處罰,
日常生活對話,puzzle,v. 使迷惑,
居家與生活,quarter,v. 把...四等分;供...住宿;駐紮,
商務與職場,quit,v. 放棄;離職,
飲食與餐飲,quiz,"v. 挖苦,嘲弄;考問",
日常生活對話,range,v. 排列,
日常生活對話,realize,v. 認知;實現,
日常生活對話,record,v. 記錄;錄音,
日常生活對話,refuse,v. 拒絕,
日常生活對話,regard,v. 把...看作;尊重,
日常生活對話,reject,v. 拒絕,
日常生活對話,repeat,v. 重複,
日常生活對話,reply,v. 回答,
日常生活對話,require,v. 需要,
日常生活對話,respect,v. 尊敬,
飲食與餐飲,result,"v. 發生,產生;結果;導致",
日常生活對話,review,v. 溫習;回顧,
休閒與運動,rock,v. 搖動,
日常生活對話,rush,v. 催促;急送,
日常生活對話,sample,v. 取...的樣品;抽樣檢查,
日常生活對話,sandwich,"v. 將..夾在中間,擠進",
情緒與性格,satisfy,v. 使滿意,
飲食與餐飲,sauce,v. 給...加調味汁,
日常生活對話,score,v. 得分,
休閒與運動,screen,v. 篩選;放映電影,
日常生活對話,search,v. 搜尋;搜查,
日常生活對話,section,v. 把...分成段(或組等);將...切片,
日常生活對話,select,v. 挑選,
日常生活對話,separate,v. 分隔,
日常生活對話,settle,v. 安放;安頓;解決(問題等),
日常生活對話,share,v. 分享,
日常生活對話,shell,v. 剝...的殼;砲轟;射擊,
休閒與運動,shock,v. 使震動,
日常生活對話,shoot,v. 注射;射擊;拍攝,
居家與生活,shower,v. 傾注;洗淋浴,
日常生活對話,sign,v. 簽字;做信號,
日常生活對話,silence,v. 使沈默;使啞口無言;使安靜,
日常生活對話,single,"v. 選出,挑出;擊出一壘安打",
日常生活對話,sink,v. 沉下;陷於,
日常生活對話,skirt,"v. 繞開,避開",
休閒與運動,slide,v. 滑壘滑動,
日常生活對話,slim,"v. 減肥;減少,縮減",
休閒與運動,slip,v. 滑動;鬆脫,
飲食與餐飲,snack,v. 吃快餐;吃點心,
日常生活對話,solve,v. 解決,
日常生活對話,sort,v. 把...分類,
交通與旅遊,speed,v. 加速;促進,
日常生活對話,spot,v. 沾污;察出,
日常生活對話,spread,v. 展開;散布,
日常生活對話,spring,v. 彈開;湧現;源(於),
休閒與運動,stage,v. 上演;籌劃;發動,
日常生活對話,stamp,v. 頓足;蓋印,
日常生活對話,steal,v. 偷竊,
日常生活對話,steam,v. 蒸,
日常生活對話,steel,v. 鋼化;給...包上鋼,
居家與生活,stick,v. 黏貼;刺;戮;釘住;插牢;堅持,
日常生活對話,storm,v. 猛攻,
日常生活對話,stream,v. 流;蜂擁而進,
日常生活對話,stress,v. 強調,
日常生活對話,stretch,"v. 舒展肢體,伸懶腰",
日常生活對話,strike,v. 打擊;(鐘)敲響,
日常生活對話,string,"v. (用線,繩)縛,紮,掛",
日常生活對話,struggle,v. 掙扎;對抗,
日常生活對話,subtract,"v. 減,減去",
日常生活對話,succeed,v. 成功,
日常生活對話,suit,v. 適合;相稱;彼此協調,
日常生活對話,supply,"v. 供給,供應",
日常生活對話,support,v. 支持,
居家與生活,surface,"v. 顯露,呈現;起床,露面",
日常生活對話,survive,v. 在...之後仍然活著,
日常生活對話,swallow,v. 吞嚥,
日常生活對話,sweep,v. 掃,
休閒與運動,swing,v. 搖擺;揮動,
休閒與運動,tape,v. 用帶子捆紮;用錄音帶為...錄音(或影),
日常生活對話,target,v. 把...作為目標(或對象),
商務與職場,task,v. 派給...任務;要...做一項工作,
日常生活對話,team,v. 使合作;結成一隊,
日常生活對話,tear,v. 撕,
日常生活對話,telephone,"v. 打電話,通電話",
日常生活對話,term,"v. 把...稱為,把...叫做",
教育與學術,test,v. 試驗;測驗,
交通與旅遊,thumb,v. 用拇指翻動;迅速翻閱;豎起拇指要求搭車,
自然與環境,thunder,v. 打雷;大聲斥責;威嚇,
日常生活對話,tip,v. 給小費;使傾斜,
日常生活對話,title,v. 加標題於;授頭銜於,
飲食與餐飲,toast,v. 烤;乾杯,
交通與旅遊,toe,v. 用腳尖走(或站),
休閒與運動,tongue,v. 舔;用舌吹(管樂器);發(音),
休閒與運動,tour,v. 帶...作巡迴演出,
居家與生活,towel,v. 用毛巾擦,
日常生活對話,tower,"v. 高聳,屹立;勝過;高飛,翱翔",
交通與旅遊,track,v. 跟蹤;沿著(道路)走,
商務與職場,trade,"v. 交換; 做買賣,進行交易",
商務與職場,traffic,"v. 在...上通行;交易,來來往往",
日常生活對話,trap,v. 設陷阱,
交通與旅遊,travel,v. 旅行,
情緒與性格,treasure,v. 珍愛,
醫療與健康,treat,v. 對待;治療,
日常生活對話,trick,v. 欺騙,
交通與旅遊,truck,v. 用卡車運送,
日常生活對話,trumpet,v. 吹喇叭,
日常生活對話,trust,v. 信任,
交通與旅遊,tunnel,v. 挖掘隧道,
日常生活對話,type,v. 打字,
日常生活對話,uniform,v. 使成一樣;使一律化,
日常生活對話,vacation,v. 度假,
日常生活對話,value,"v. 估價,評價;尊重;重視",
交通與旅遊,vote,v. 投票,
日常生活對話,wake,v. 叫醒,
休閒與運動,wave,v. 揮動,
日常生活對話,wed,v. 娶;嫁,
日常生活對話,wet,"v. 把...淋濕,打濕,弄濕;尿濕",
休閒與運動,wheel,"v. 旋轉,轉動",
日常生活對話,whisper,"v. 低語,耳語",
日常生活對話,widen,v. 加寬;擴大,
日常生活對話,wing,v. 在...裝翼;飛行,
日常生活對話,wire,v. 用金屬絲縛;拍電報,
日常生活對話,wonder,v. 納悶,
醫療與健康,wound,v. 傷害,
日常生活對話,abroad,adv. 在國外,
日常生活對話,alike,"adv. 一樣地,相似地",
日常生活對話,aloud,adv. 大聲地,
日常生活對話,altogether,adv. 完全地;總共,
日常生活對話,anyhow,"adv. 無論如何,總之",
日常生活對話,anyplace,adv. 任何地方(=anywhere),
日常生活對話,anytime,adv. 在任何時候,
日常生活對話,anyway,adv. 不管怎樣,
日常生活對話,anywhere,adv. 任何地方,
日常生活對話,backward,adv. 向後地;落後地,
日常生活對話,backwards,"adv. 向後;倒,逆;往回,向原處",
日常生活對話,besides,adv. 並且,
日常生活對話,beyond,adv. 在更遠處,
日常生活對話,cheap,adv. 便宜地;卑鄙地,
自然與環境,daily,adv. 每日,
日常生活對話,double,adv. 雙倍地;加倍地;雙重地,
商務與職場,downtown,adv. 往城市商業區,
日常生活對話,especially,adv. 特別地,
交通與旅遊,express,adv. 用快遞;由直達快車;特意地,
日常生活對話,extra,"adv. 額外地;另外;特別地,非常地",
日常生活對話,fair,"adv. 公平地,公正地;正面地",
日常生活對話,firm,adv. 穩固地;牢固地,
日常生活對話,flat,"adv. 平直地,仰臥地;恰恰,正好;斷然地",
日常生活對話,forward,adv. 向前地,
日常生活對話,forwards,"adv. 向前;往後,今後;提前地",
日常生活對話,further,adv. 而且;再者,
日常生活對話,hardly,"adv. 幾乎不,簡直不",
日常生活對話,however,"adv. 無論如何,不管怎樣",
情緒與性格,ill,adv. 惡劣地;困難地;不利地,
日常生活對話,increasingly,adv. 漸增地,
日常生活對話,nearby,adv. 在附近,
日常生活對話,nearly,"adv. 幾乎,差不多;密切地,親密地",
日常生活對話,neither,adv. 也不,
日常生活對話,none,"adv. 毫不,決不",
日常生活對話,overseas,adv. 在海外,
日常生活對話,rather,adv. 寧可;頗為,
日常生活對話,simply,"adv. 簡單地,簡易地;簡明地;只不過",
日常生活對話,somewhere,adv. 在某處,
日常生活對話,straight,"adv. 直,挺直地;正直地;立刻",
日常生活對話,therefore,adv. 因此,
居家與生活,through,"adv. 穿過,通過;從頭至尾;(電話)接通",
日常生活對話,throughout,adv. 處處;始終;在所有方面,
日常生活對話,whenever,adv. 無論什麼時候,
日常生活對話,wherever,adv. 無論什麼地方,
日常生活對話,wild,adv. 狂暴地;無控制地;胡亂地,
日常生活對話,within,adv. 在內部,
日常生活對話,without,adv. 在沒有(或缺少)的情況下,
日常生活對話,besides,prep. 除...之外,
日常生活對話,beyond,prep. 越出;晚於;在...那一邊,
日常生活對話,following,prep. 在...以後,
日常生活對話,minus,prep. 減（去）,
日常生活對話,per,"prep. 經,由;每;按照",
日常生活對話,plus,prep. 加(上),
日常生活對話,through,prep. 經過,
日常生活對話,throughout,prep. 遍及,
日常生活對話,upon,prep. 在...之上,
日常生活對話,within,prep. 在…裡; 不超過,
日常生活對話,without,prep. 沒有,
日常生活對話,worth,prep. 值得(做...),
日常生活對話,although,conj. 雖然,
日常生活對話,neither,conj. 也不,
日常生活對話,whenever,conj. 無論什麼時候;每當,
日常生活對話,wherever,conj. 無論在哪裡,
居家與生活,ability,n. 能力;專門技能,
日常生活對話,absence,n. 缺席,
日常生活對話,addition,n. 加;附加,
日常生活對話,advance,n. 前進;發展;預付,
休閒與運動,affair,n. 事件;風流韻事;喜慶活動,
日常生活對話,aid,n. 幫助;助手;助聽器,
日常生活對話,aim,"n. 目標,目的",
交通與旅遊,aircraft,n. 航空器;飛機,
交通與旅遊,airline,n. 航空公司,
情緒與性格,alarm,n. 警鈴;警報;驚慌,
休閒與運動,album,n. 相簿;集郵簿;唱片集,
日常生活對話,almond,n. 杏仁,
日常生活對話,alphabet,n. 字母,
日常生活對話,amount,n. 總數,
日常生活對話,ankle,n. 腳踝,
日常生活對話,apartment,n. 公寓,
日常生活對話,appearance,n. 出現;顯露;外貌,
飲食與餐飲,appetite,"n. 胃口,食慾",
居家與生活,apron,n. 圍裙;工作裙,
日常生活對話,argument,n. 爭論,
日常生活對話,armchair,n. 扶手椅子,
商務與職場,arrangement,n. 安排;準備工作,
日常生活對話,arrest,n. 逮捕;遏止,
日常生活對話,arrow,n. 箭;箭號,
居家與生活,artist,n. 藝術家,
日常生活對話,assistant,n. 助手,
日常生活對話,attack,n. 攻擊,
日常生活對話,attention,n. 注意;專心,
日常生活對話,baby-sitter,n. 保姆,
飲食與餐飲,bakery,n. 麵包店,
日常生活對話,balcony,n. 陽臺,
日常生活對話,bamboo,n. 竹子,
居家與生活,banker,n. 銀行家;莊家,
飲食與餐飲,barbecue,n. 烤肉,
日常生活對話,bark,n. 吠聲,
日常生活對話,basement,n. 地下室,
日常生活對話,basics,n. 基礎;基本原理(或原則),
日常生活對話,basis,n. 基礎,
日常生活對話,battle,n. 戰鬥;戰役,
日常生活對話,bead,n. 有孔小珠,
日常生活對話,bean,n. 豆莢;豆子,
日常生活對話,beard,n. 鬍子,
居家與生活,bedroom,n. 臥房,
飲食與餐飲,beef,n. 牛肉,
日常生活對話,beep,n. 嗶嗶的聲音,
飲食與餐飲,beer,n. 啤酒,
自然與環境,beetle,n. 甲蟲,
日常生活對話,beginner,n. 新手,
日常生活對話,belief,n. 相信;信仰,
日常生活對話,belt,n. 腰帶,
日常生活對話,bench,n. 長凳;長椅,
日常生活對話,bend,n. 彎;曲;俯,
日常生活對話,bet,n. 打賭,
交通與旅遊,bill,n. 帳單; 鈔票,
日常生活對話,blackboard,n. 黑板,
日常生活對話,blank,n. 空白,
飲食與餐飲,board,n. 木板;膳食;車上;船上; 董事會,
飲食與餐飲,boil,n. 沸騰;煮沸;翻滾,
飲食與餐飲,bomb,n. 炸彈,
教育與學術,bookcase,n. 書架,
日常生活對話,boss,n. 老闆,
情緒與性格,bother,"n. 煩惱,麻煩;使人煩惱的人(或事物)",
日常生活對話,bottle,n. 瓶子,
日常生活對話,bow,n. 弓,
休閒與運動,bowling,n. 保齡球戲,
日常生活對話,brain,"n. 腦;智力,頭腦",
自然與環境,branch,n. 樹枝;支部,
商務與職場,brand,n. 商標,
日常生活對話,brick,n. 磚塊,
居家與生活,brief,n. 概要;訴書;短而緊的內褲;簡報,
日常生活對話,broadcast,n. 廣播;廣播節目;散佈;播種,
飲食與餐飲,brunch,n. 早午餐,
日常生活對話,brush,n. 刷子,
飲食與餐飲,bun,n. 小圓麵包,
日常生活對話,bundle,n. 捆;大量,
飲食與餐飲,burger,n. 漢堡牛肉餅,
醫療與健康,burn,n. 灼傷,
飲食與餐飲,burst,n. 爆炸;破裂;缺口,
商務與職場,business,n. 商業;事,
日常生活對話,button,n. 鈕扣,
飲食與餐飲,cabbage,n. 包心菜,
日常生活對話,cable,n. 纜索;有線電視,
飲食與餐飲,café (n.),小餐館;咖啡廳,
飲食與餐飲,cafeteria,n. 自助餐館,
自然與環境,calendar,n. 日曆;月曆;行事曆,
自然與環境,calm,n. 安靜;鎮定;平靜;無風,
醫療與健康,cancer,n. 癌症,
日常生活對話,candle,n. 蠟燭,
日常生活對話,captain,n. 隊長;機長;艦長,
居家與生活,carpet,n. 地毯,
日常生活對話,carrot,n. 胡蘿蔔,
交通與旅遊,cart,n. 手推車,
日常生活對話,cartoon,n. 卡通,
日常生活對話,cash,n. 現款,
日常生活對話,cassette,n. 卡式磁帶,
日常生活對話,castle,n. 城堡,
飲食與餐飲,catsup,n. 果醬;番茄醬,
日常生活對話,cave,"n. 洞穴,洞窟",
自然與環境,ceiling,n. 天花板,
居家與生活,cell,n. 單人牢房;細胞;蜂房的巢室;電池,
日常生活對話,century,n. 一世紀,
日常生活對話,cereal,n. 麥片,
教育與學術,chalk,n. 粉筆,
日常生活對話,change,n. 零錢,
日常生活對話,character,n. 特性;角色;(中文)字,
日常生活對話,charge,n. 費用;充電,
日常生活對話,cheat,"n. 騙子;欺詐,欺騙,作弊",
教育與學術,chemical,n. 化學製品;化學藥品,
日常生活對話,chess,n. 西洋棋,
日常生活對話,chin,n. 下巴,
日常生活對話,chocolate,n. 巧克力,
日常生活對話,choice,n. 選擇,
日常生活對話,chopstick,n. 筷子,
日常生活對話,circle,n. 圓圈;集團,
日常生活對話,citizen,n. 市民;公民,
日常生活對話,claim,"n. 主張,斷言",
飲食與餐飲,clap,n. 拍手喝采(聲);霹靂聲;輕拍,
日常生活對話,classic,n. 古典著作,
休閒與運動,claw,"n. (動物的)爪,腳爪;(蟹,蝦等的)鉗,螯",
自然與環境,clay,n. 黏土,
居家與生活,cleaner,n. 清潔工;乾洗店;吸塵器;清潔劑,
商務與職場,clerk,n. 店員;辦事員;職員,
自然與環境,climate,n. 氣候,
居家與生活,closet,n. 壁櫥;衣櫥,
居家與生活,cloth,"n. 布;(棉,毛,合成纖維等)織物;衣料",
居家與生活,clothes,n. 衣服,
居家與生活,clothing,"n. (總稱)衣服,衣著",
日常生活對話,clown,"n. 小丑,丑角",
休閒與運動,club,n. 俱樂部;夜總會;社團,
教育與學術,coach,n. 教練,
日常生活對話,coal,n. 煤,
日常生活對話,cock,n. 公雞,
日常生活對話,cockroach,n. 蟑螂,
日常生活對話,coin,n. 硬幣,
日常生活對話,comb,n. 梳子,
商務與職場,company,n. 公司,
日常生活對話,completion,"n. 完成,實現",
科技與數位,computer,n. 電腦,
日常生活對話,conflict,"n. 抵觸,不一致",
日常生活對話,Confucius,n. 孔子,
日常生活對話,congratulation,n. 祝賀,
日常生活對話,contact,n. 接觸;隱形眼鏡,
日常生活對話,control,n. 支配;控制;操縱裝置;指揮部,
商務與職場,controller,n. 主計官;主管;控制器,
日常生活對話,conversation,n. 會話,
飲食與餐飲,cooker,"n. 炊具,烹調器具",
日常生活對話,copy,n. 拷貝;副本,
日常生活對話,corner,n. 角落,
自然與環境,cotton,n. 棉花,
醫療與健康,cough,n. 咳嗽,
日常生活對話,countryside,"n. 鄉間,農村",
日常生活對話,county,n. 郡,
日常生活對話,couple,n. 一對,
自然與環境,courage,n. 勇氣,
休閒與運動,court,n. 法庭；(網球等的)場地,
日常生活對話,cousin,n. 表(堂)兄弟姊妹,
日常生活對話,crab,n. 螃蟹,
交通與旅遊,crane,"n. 起重機,吊車",
教育與學術,crayon,n. 蠟筆,
飲食與餐飲,cream,n. 奶油,
日常生活對話,crime,n. 犯罪,
日常生活對話,crisis,n. 危機;緊急關頭,
日常生活對話,crop,n. 作物,
日常生活對話,cross,n. 十字架,
日常生活對話,crowd,n. 群眾,
日常生活對話,culture,n. 文化,
日常生活對話,cure,n. 痊癒,
居家與生活,curtain,n. 窗簾;(舞臺上的)幕,
日常生活對話,custom,n. 習俗,
日常生活對話,customer,n. 顧客,
自然與環境,daily,n. 日報,
日常生活對話,damage,n. 損害,
日常生活對話,data,"n. 資料,數據",
日常生活對話,dawn,n. 黎明,
日常生活對話,debate,n. 辯論,
日常生活對話,debt,"n. 債,借款",
日常生活對話,decision,n. 決定,
日常生活對話,degree,n. 程度,
日常生活對話,delay,n. 延遲;耽擱,
醫療與健康,dentist,n. 牙醫,
居家與生活,department,n. 部門,
日常生活對話,depth,"n. 深度,厚度",
日常生活對話,desert,n. 沙漠;(常複數)賞罰;(尤指)懲罰,
日常生活對話,design,n. 圖案;設計,
日常生活對話,desire,n. 渴望,
飲食與餐飲,dessert,n. 餐後甜點,
日常生活對話,development,n. 生長;發展,
自然與環境,dew,n. 露水;朝氣,
日常生活對話,dial,n. 刻度盤;調節器;撥號盤,
自然與環境,diamond,n. 鑽石,
自然與環境,diary,n. 日記,
日常生活對話,dictionary,n. 字典,
日常生活對話,difference,n. 差別,
日常生活對話,difficulty,n. 困難,
情緒與性格,dinosaur,n. 恐龍,
日常生活對話,direction,n. 方向; 指示,
休閒與運動,director,n. 董事;局長;主任;導演,
日常生活對話,disagreement,n. 意見不一;不一致,
日常生活對話,discussion,n. 討論,
日常生活對話,display,"n. 展覽,陳列",
日常生活對話,distance,n. 距離,
日常生活對話,divide,"n. 分歧,不和;分水嶺",
日常生活對話,division,n. 區域;部分;除(法),
日常生活對話,dolphin,n. 海豚,
日常生活對話,donkey,n. 驢子,
日常生活對話,dot,n. 點;小圓點,
日常生活對話,double,n. 兩倍,
日常生活對話,doubt,n. 懷疑,
飲食與餐飲,doughnut,n. 油炸圈餅,
商務與職場,downtown,n. 城市商業區,
日常生活對話,drag,n. 拖曳,
日常生活對話,dragon,n. 龍,
日常生活對話,dragonfly,n. 蜻蜓,
休閒與運動,drama,n. 戲劇,
日常生活對話,drawer,n. 抽屜,
日常生活對話,drawing,"n. 描繪,素描;製圖;抽籤;提款",
日常生活對話,dress,n. 洋裝,
醫療與健康,drop,n. (一)滴;點滴;空投;點藥水,
醫療與健康,drug,n. 藥品;毒品,
居家與生活,drugstore,n. (常兼售雜貨的)藥房,
日常生活對話,drum,n. 鼓,
居家與生活,dryer,n. 烘衣機,
日常生活對話,dumpling,n. 餃子,
商務與職場,duty,n. 義務;關稅,
自然與環境,earthquake,n. 地震,
教育與學術,education,n. 教育,
日常生活對話,effect,n. 效力;作用,
日常生活對話,effort,n. 努力,
日常生活對話,elder,n. 長輩,
日常生活對話,element,"n. 要素,成分",
居家與生活,elevator,n. 電梯;升降機,
日常生活對話,emotion,n. 情緒,
日常生活對話,encouragement,n. 鼓勵;獎勵;促進,
日常生活對話,ending,"n. 結局,結尾;終結;字尾",
日常生活對話,enemy,n. 敵人,
日常生活對話,energy,n. 精力;能量,
休閒與運動,enjoyment,"n. 樂趣,享受",
日常生活對話,entrance,n. 入口,
日常生活對話,envelope,n. 信封,
日常生活對話,environment,n. 環境,
日常生活對話,eraser,n. 橡皮擦,
日常生活對話,error,n. 錯誤,
日常生活對話,event,n. 事件,
休閒與運動,excitement,"n. 刺激;興奮,激動",
日常生活對話,excuse,n. 藉口,
休閒與運動,exercise,n. 運動;習題,
日常生活對話,experience,n. 經驗,
居家與生活,expert,n. 專家;能手,
交通與旅遊,express,n. 快車;快遞;快運,
日常生活對話,extra,n. 附加的人物或錢;號外,
日常生活對話,eyebrow,"n. 眉,眉毛",
日常生活對話,fail,n. 不及格,
日常生活對話,failure,n. 失敗,
商務與職場,fair,n. 商品展覽會,
日常生活對話,fault,n. 過錯,
情緒與性格,favor,n. 偏愛;偏袒,
情緒與性格,favorite,n. 特別喜愛的人(或物),
日常生活對話,fee,n. 費用,
日常生活對話,fellow,n. 伙伴;同事,
休閒與運動,female,n. 雌性動物,
日常生活對話,fence,n. 柵欄;籬笆,
自然與環境,festival,n. 節日,
醫療與健康,fever,n. 發燒,
休閒與運動,field,n. 原野;田賽場地;野外,
日常生活對話,fighter,"n. 戰士,鬥士",
自然與環境,figure,n. 外形;數字;圖表;(溜冰等)花式,
休閒與運動,film,n. 膠捲;影片,
日常生活對話,fireman,n. 消防隊員,
日常生活對話,firewoman,n. 女消防隊員,
日常生活對話,fisherman,n. 漁夫,
日常生活對話,fit,n. 適合;合身,
日常生活對話,fix,n. 困境;窘境;賄賂;定位,
日常生活對話,flag,n. 旗子,
日常生活對話,flash,"n. 閃光,閃爍",
日常生活對話,flashlight,n. 手電筒,
日常生活對話,flat,n. 平坦部分,
日常生活對話,flight,n. 飛行,
日常生活對話,flood,"n. 洪水,水災",
飲食與餐飲,flour,n. 麵粉,
休閒與運動,flow,n. 流動,
日常生活對話,flu,n. 流行性感冒,
日常生活對話,flute,n. 橫笛,
日常生活對話,focus,n. 焦點,
日常生活對話,following,n. 一批追隨者;下列事物(或人員),
日常生活對話,fool,n. 呆子,
休閒與運動,football,n. 美式足球,
交通與旅遊,foreigner,n. 外國人,
日常生活對話,form,n. 形態;表格,
日常生活對話,forward,n. 前鋒,
日常生活對話,fox,n. 狐狸,
日常生活對話,freedom,n. 自由,
日常生活對話,freezer,n. 冰箱的冷凍部;冷凍箱,
日常生活對話,fridge,n. 電冰箱,
情緒與性格,fright,"n. 驚嚇,恐怖",
日常生活對話,function,"n. 功能,作用;函數",
日常生活對話,future,n. 未來,
日常生活對話,gain,n. 獲得;增加;獲利;收益,
交通與旅遊,garage,n. 車庫,
居家與生活,garbage,n. 垃圾,
自然與環境,gardener,n. 園丁;花匠,
交通與旅遊,gate,n. 柵門;登機門,
日常生活對話,general,n. 將軍,
日常生活對話,gentleman,n. 紳士,
日常生活對話,geography,n. 地理,
日常生活對話,giant,n. 巨人,
日常生活對話,giraffe,n. 長頸鹿,
日常生活對話,glove,n. 手套,
日常生活對話,glue,n. 膠;膠水,
居家與生活,goal,n. 目標;球門,
日常生活對話,goat,n. 山羊,
休閒與運動,golf,n. 高爾夫球,
日常生活對話,government,n. 政府,
日常生活對話,grade,n. 年級;分數,
日常生活對話,grape,n. 葡萄,
日常生活對話,growth,n. 成長;發育;增大,
日常生活對話,guard,n. 警衛,
自然與環境,guava,n. 番石榴,
日常生活對話,guitar,n. 吉他,
日常生活對話,guy,n. 傢伙;人,
日常生活對話,habit,n. 習慣,
日常生活對話,hall,n. 大廳;講堂,
日常生活對話,hamburger,n. 漢堡,
日常生活對話,hammer,n. 鎚,
日常生活對話,handkerchief,n. 手帕,
日常生活對話,handle,n. 把手,
居家與生活,hanger,n. 衣架,
自然與環境,heater,n. 暖氣機,
日常生活對話,height,n. 高度,
日常生活對話,hen,n. 母雞,
日常生活對話,hero,n. 英雄,
日常生活對話,heroine,"n. 女英雄,女傑",
交通與旅遊,highway,n. 公路;幹道,
日常生活對話,hip,n. 臀部,
自然與環境,hippo,n. 河馬,
自然與環境,hippopotamus,n. 河馬,
居家與生活,hire,"n. 租用,雇用",
休閒與運動,hobby,n. 嗜好,
日常生活對話,holder,n. 持有者;支托物,
情緒與性格,honey,n. 蜂蜜;心愛的人,
醫療與健康,hop,n. 單足跳;跳躍;麻藥(尤指鴉片),
醫療與健康,hospital,n. 醫院,
日常生活對話,host,n. 主人,
日常生活對話,hostess,n. 女主人,
交通與旅遊,hotel,n. 旅館,
日常生活對話,hum,n. 嗡嗡聲,
日常生活對話,humor,n. 幽默,
飲食與餐飲,hunger,n. 饑餓,
日常生活對話,hunt,n. 打獵;搜尋,
日常生活對話,hunter,n. 獵人,
日常生活對話,hurry,n. 匆忙,
日常生活對話,icebox,n. 冷藏庫;冰箱,
日常生活對話,ill,n. 不幸;禍害,
日常生活對話,importance,n. 重要性,
情緒與性格,improvement,"n. 改進,改善",
日常生活對話,income,n. 收入,
日常生活對話,increase,n. 增加;增強,
日常生活對話,independence,n. 獨立;自主;自立,
日常生活對話,industry,n. 企業;行業,
休閒與運動,influence,n. 影響,
日常生活對話,ink,n. 墨水,
自然與環境,insect,n. 昆蟲,
日常生活對話,instance,n. 例子,
日常生活對話,instant,n. 瞬間,
日常生活對話,instrument,n. 儀器,
日常生活對話,interview,n. 面談;採訪,
日常生活對話,invitation,n. 邀請,
交通與旅遊,island,n. 島嶼,
日常生活對話,item,n. 項目;品目,
日常生活對話,jacket,n. 夾克;外套,
飲食與餐飲,jam,n. 果醬;擁塞,
休閒與運動,jazz,n. 爵士樂,
居家與生活,jeans,n. 牛仔褲,
交通與旅遊,jeep,n. 吉普車,
休閒與運動,jog,n. 輕推;輕撞;慢跑;緩行;暗示,
日常生活對話,joint,"n. 接頭,接縫;關節",
日常生活對話,judge,n. 法官,
休閒與運動,judgement,n. 審判; 裁判;評價,
休閒與運動,judgment,n. 審判;裁判;判斷力,
日常生活對話,ketchup,n. 番茄醬,
日常生活對話,kindergarten,n. 幼稚園,
日常生活對話,kingdom,n. 王國,
日常生活對話,knock,"n. 敲;擊,打;指摘,挑剔",
教育與學術,knowledge,n. 學問;知識,
日常生活對話,koala,n. 澳洲產無尾熊,
自然與環境,ladybird,n. 瓢蟲,
自然與環境,ladybug,n. 瓢蟲,
交通與旅遊,lane,"n. 巷,弄;車道",
日常生活對話,language,n. 語言,
日常生活對話,lantern,n. 燈籠,
居家與生活,lap,"n. 膝部;(衣,裙等的)下襬",
日常生活對話,lawyer,n. 律師,
日常生活對話,leadership,n. 領導才能,
日常生活對話,lemon,n. 檸檬,
日常生活對話,lemonade,n. 檸檬水,
日常生活對話,length,"n. (距離,尺寸的)長度",
日常生活對話,leopard,n. 豹;美洲豹,
飲食與餐飲,lettuce,n. 類似萵苣的生菜,
教育與學術,library,n. 圖書館,
日常生活對話,lick,"n. 舔,舐;少量",
日常生活對話,lid,n. 蓋子,
日常生活對話,lightning,n. 閃電,
日常生活對話,limit,n. 限度,
日常生活對話,link,n. 環節,
日常生活對話,liquid,n. 液體,
日常生活對話,listener,n. 傾聽者,
飲食與餐飲,loaf,n. 一條(麵包),
日常生活對話,local,n. 當地居民,
居家與生活,lock,n. 鎖,
商務與職場,log,n. 原木;木料;工作記錄簿,
居家與生活,loser,n. 輸家,
日常生活對話,loss,n. 損失,
日常生活對話,lover,n. 情人,
休閒與運動,luck,n. 好運;幸運,
日常生活對話,magazine,n. 雜誌,
日常生活對話,magic,n. 魔術,
日常生活對話,magician,n. 魔術師,
交通與旅遊,main,n. 總管道;主要部分;要點,
休閒與運動,male,n. 雄性動物,
日常生活對話,Mandarin,n. 中國的官話(北京話),
飲食與餐飲,mango,n. 芒果,
日常生活對話,manner,n. 舉止;態度,
日常生活對話,mark,n. 記號,
日常生活對話,marriage,"n. 結婚,婚姻",
日常生活對話,mask,n. 面具,
日常生活對話,mass,n. 團;塊,
日常生活對話,mat,n. 蓆子;墊子,
休閒與運動,match,"n. 比賽,競賽;對手;相配者;火柴",
日常生活對話,mate,"n. 同伴,伙伴",
飲食與餐飲,meal,n. 餐,
日常生活對話,meaning,n. 意義,
商務與職場,means,"n. 手段,方法;工具;收入",
日常生活對話,measurement,n. 測量法;測定;尺寸,
醫療與健康,medicine,n. 藥,
日常生活對話,meeting,n. 集會,
日常生活對話,melody,n. 旋律;主調,
飲食與餐飲,melon,"n. 瓜,甜瓜",
日常生活對話,member,n. 會員,
日常生活對話,memory,n. 記憶,
飲食與餐飲,menu,n. 菜單,
日常生活對話,message,n. 消息;音信,
日常生活對話,metal,n. 金屬,
日常生活對話,meter,n. 公尺;計量器,
日常生活對話,method,n. 方法,
交通與旅遊,metro,n. 地下鐵道,
日常生活對話,military,n. 軍隊,
日常生活對話,million,n. 百萬,
交通與旅遊,mine,n. 我的東西;礦;源泉;地雷;坑道,
日常生活對話,minus,n. 負號,
日常生活對話,mirror,n. 鏡子,
日常生活對話,mix,"n. 混和,攪和;結合",
日常生活對話,model,n. 模型;模特兒,
日常生活對話,monster,n. 怪物,
日常生活對話,mosquito,n. 蚊子,
自然與環境,moth,"n. 蛾;蠹,蛀蟲",
休閒與運動,motion,n. 移動,
交通與旅遊,motorcycle,n. 機車,
日常生活對話,mule,n. 騾;固執的人,
日常生活對話,museum,n. 博物館,
居家與生活,musician,n. 音樂家,
日常生活對話,nail,n. 釘子;指甲,
飲食與餐飲,napkin,n. 餐巾,
日常生活對話,necklace,n. 項鍊,
醫療與健康,needle,n. 針,
日常生活對話,negative,n. 否定語;負數;陰電;底片,
居家與生活,neighbor,n. 鄰居,
日常生活對話,nephew,n. 侄子;外甥,
日常生活對話,nest,n. 巢,
日常生活對話,net,n. 網子,
日常生活對話,niece,n. 侄女;外甥女,
日常生活對話,nobody,n. 無名小子,
日常生活對話,nod,n. 點頭,
飲食與餐飲,noodle,n. 麵,
教育與學術,notebook,n. 筆記本,
日常生活對話,novel,n. 小說,
飲食與餐飲,nut,n. 核果,
日常生活對話,object,n. 物件,
日常生活對話,offer,"n. 提供,提議;出價;報價",
日常生活對話,official,"n. 官員,公務員",
日常生活對話,onion,n. 洋蔥,
日常生活對話,opinion,n. 意見,
醫療與健康,organ,n. 器官,
日常生活對話,organization,n. 組織,
飲食與餐飲,oven,n. 烤箱,
交通與旅遊,overpass,n. 天橋,
日常生活對話,owl,n. 貓頭鷹,
日常生活對話,owner,n. 物主,
日常生活對話,ox,n. 公牛,
日常生活對話,pack,n. 一小包,
日常生活對話,package,n. 包裹,
飲食與餐飲,pain,n. 疼痛;痛苦,
居家與生活,painter,n. 油漆匠;畫家,
日常生活對話,painting,"n. 油畫,水彩畫",
居家與生活,pajamas,n. 睡衣,
日常生活對話,palm,"n. 手掌,手心",
日常生活對話,pan,n. 平鍋,
日常生活對話,panda,n. 貓熊,
自然與環境,papaya,n. 木瓜,
日常生活對話,pardon,"n. 原諒,饒恕,寬恕;赦免",
日常生活對話,parrot,n. 鸚鵡,
日常生活對話,partner,n. 夥伴,
交通與旅遊,passenger,n. 乘客,
日常生活對話,paste,n. 漿糊,
日常生活對話,pat,"n. 輕拍,輕打",
交通與旅遊,path,n. 小徑;路線,
醫療與健康,patient,n. 病人,
日常生活對話,pattern,n. 圖案;模式,
日常生活對話,peace,n. 和平,
日常生活對話,peach,n. 桃子,
飲食與餐飲,peanut,n. 花生;花生果;花生米,
日常生活對話,pear,n. 梨子,
日常生活對話,penguin,n. 企鵝,
飲食與餐飲,pepper,n. 胡椒;辣椒,
日常生活對話,perfect,n. 完成式,
教育與學術,period,n. 一段時間;一堂課,
日常生活對話,phone,n. 電話,
日常生活對話,photo,n. 相片,
日常生活對話,photograph,n. 照片,
休閒與運動,photographer,"n. 攝影師,照相師",
日常生活對話,phrase,"n. 片語,詞組",
日常生活對話,pick,"n. 精華,最好的部分;收穫(量)",
飲食與餐飲,picnic,n. 野餐,
日常生活對話,pigeon,n. 鴿子,
日常生活對話,pile,n. 一堆,
日常生活對話,pillow,n. 枕頭,
醫療與健康,pin,n. 大頭針;胸針,
日常生活對話,pineapple,n. 鳳梨,
休閒與運動,ping-pong,"n. 乒乓球,桌球",
日常生活對話,pink,n. 粉紅色,
日常生活對話,pipe,n. 管子,
休閒與運動,pitch,n. 投;投球;音高,
日常生活對話,pizza,n. 披薩,
日常生活對話,plain,n. 平原,
自然與環境,planet,n. 行星,
日常生活對話,plate,n. 盤;碟,
自然與環境,platform,n. 月台;平台,
日常生活對話,pleasure,n. 愉快,
日常生活對話,plus,n. 正號,
日常生活對話,poem,n. 詩,
日常生活對話,poet,n. 詩人,
醫療與健康,poison,n. 毒物,
日常生活對話,policy,n. 政策;策略,
日常生活對話,population,n. 人口,
飲食與餐飲,pork,n. 豬肉,
交通與旅遊,port,n. 港,
日常生活對話,pose,n. 姿勢;裝腔作勢,
日常生活對話,positive,n. 正面;正數;正片;(電池的)陽極,
日常生活對話,possibility,n. 可能性,
交通與旅遊,post,n. 郵件;柱;樁;崗位;站;交易所,
日常生活對話,postcard,n. 明信片,
日常生活對話,pot,n. 罐;鍋,
日常生活對話,potato,n. 馬鈴薯,
日常生活對話,pound,n. 磅,
日常生活對話,praise,"n. 讚揚,稱讚",
日常生活對話,presence,"n. 出席,在場",
日常生活對話,present,n. 禮物,
教育與學術,president,n. 校長;總統,
日常生活對話,press,n. 新聞輿論,
日常生活對話,pride,"n. 自豪,得意",
日常生活對話,prince,n. 王子,
日常生活對話,princess,n. 公主,
教育與學術,principal,n. (中小學)校長,
日常生活對話,principle,n. 主義;真諦,
日常生活對話,printer,n. 印表機;印刷業者,
日常生活對話,prison,n. 監獄,
日常生活對話,prisoner,n. 囚犯;俘虜,
日常生活對話,prize,n. 獎品,
日常生活對話,produce,n. 農產品,
日常生活對話,producer,"n. 生產者,製造者製片人",
日常生活對話,progress,n. 進步,
日常生活對話,project,n. 計畫,
日常生活對話,promise,"n. 承諾,諾言;希望,前途",
日常生活對話,pudding,n. 布丁,
自然與環境,pump,n. 唧筒;打氣機;抽水機,
日常生活對話,pumpkin,n. 南瓜,
日常生活對話,punishment,n. 處罰;懲罰,
教育與學術,pupil,n. 學生,
自然與環境,puppet,n. 木偶;傀儡,
日常生活對話,puppy,n. 小狗,
日常生活對話,purse,n. 錢包,
日常生活對話,puzzle,n. 謎,
日常生活對話,quality,n. 品質,
日常生活對話,quantity,n. 量,
日常生活對話,quarter,n. ¼;美金25分;15分鐘,
教育與學術,quiz,n. 小考,
日常生活對話,rabbit,n. 兔子,
日常生活對話,range,n. 範圍;等級;多爐爐灶,
日常生活對話,reality,n. 現實;真實,
休閒與運動,record,n. 記錄;唱片,
日常生活對話,rectangle,n. 長方形,
日常生活對話,refrigerator,n. 電冰箱,
日常生活對話,regard,n. 事項;問候,
日常生活對話,region,"n. 地區,地帶",
商務與職場,regular,n. 正規兵;老客戶;長工;普通尺寸,
日常生活對話,relation,"n. 關係,關聯",
日常生活對話,relationship,"n. 關係,關聯;人際關係",
日常生活對話,repeat,n. 重複;重播;複寫;副本;,
日常生活對話,reply,n. 答覆,
日常生活對話,reporter,n. 記者,
日常生活對話,requirement,n. 需要;必需品,
日常生活對話,respect,n. 尊敬,
飲食與餐飲,restaurant,n. 餐廳,
日常生活對話,restroom,n. 廁所,
飲食與餐飲,result,n. 結果,
日常生活對話,review,n. 復習,
日常生活對話,riches,"n. 財富,財產;富有,豐饒",
日常生活對話,roach,n. 蟑螂,
日常生活對話,role,n. 角色,
飲食與餐飲,roll,n. 滾動;(一)捲;捲餅;隆隆聲;名單,
醫療與健康,ruler,n. 尺;統治者,
休閒與運動,runner,n. 賽跑者;逃亡者,
交通與旅遊,rush,n. 急速行動;(交通等的)繁忙;搶購,
日常生活對話,safety,n. 安全,
日常生活對話,sailor,n. 水手,
日常生活對話,salad,n. 沙拉,
日常生活對話,sample,n. 樣品,
醫療與健康,sandwich,n. 三明治,
飲食與餐飲,sauce,"n. 調味醬,醬汁",
教育與學術,science,n. 科學,
居家與生活,scientist,n. 科學家,
日常生活對話,scissors,n. 剪刀,
休閒與運動,score,n. 得分; 二十; 刻痕; 樂譜,
日常生活對話,screen,n. 屏;銀幕,
日常生活對話,search,"n. 搜查,搜尋;檢查;探索,調查",
日常生活對話,secret,n. 秘密,
教育與學術,secretary,n. 秘書,
日常生活對話,section,n. 節;斷面,
日常生活對話,selection,"n. 選擇;選拔;選集,文選",
教育與學術,semester,n. 學期,
商務與職場,servant,n. 雇工,
日常生活對話,settlement,n. 解決;清算;定居,
商務與職場,share,n. 股份;市場佔有率;分攤;貢獻,
日常生活對話,shelf,n. 架子,
飲食與餐飲,shell,"n. 殼,果殼;貝殼",
情緒與性格,shock,n. 震驚,
日常生活對話,shoot,"n. 幼芽,幼枝;狩獵(隊);射擊;拍攝",
居家與生活,shorts,n. 短褲,
居家與生活,shower,n. 陣雨;淋浴,
日常生活對話,shrimp,n. 蝦子,
交通與旅遊,sidewalk,n. 路邊行人道,
日常生活對話,sign,n. 記號,
日常生活對話,silence,n. 寂靜,
日常生活對話,silk,"n. 蠶絲,絲;絲織物(品),綢布",
日常生活對話,single,n. 單的;一壘安打,
居家與生活,sink,n. 洗物槽,
居家與生活,skirt,n. 裙子,
居家與生活,slide,n. 滑梯;土崩,
日常生活對話,slip,n. 滑跤,
居家與生活,slipper,n. 拖鞋,
日常生活對話,snack,n. 點心,
日常生活對話,snail,n. 蝸牛,
休閒與運動,soccer,n. 足球,
日常生活對話,society,n. 社會,
居家與生活,sock,n. 短襪,
日常生活對話,soldier,n. 軍人,
日常生活對話,solution,n. 解答;溶劑,
自然與環境,somebody,n. 某人;有名氣的人,
日常生活對話,sort,n. 類型;排序,
日常生活對話,source,n. 源頭,
日常生活對話,soy,n. 醬油;大豆,
日常生活對話,soybean,n. 大豆,
休閒與運動,speaker,n. 演講者;揚聲器,
交通與旅遊,speed,n. 速度,
日常生活對話,spelling,n. 拼字;拼寫;拼法,
日常生活對話,spider,n. 蜘蛛,
飲食與餐飲,spinach,n. 菠菜,
日常生活對話,spirit,n. 精神,
日常生活對話,spot,n. 斑點;場所,
日常生活對話,spread,n. 蔓延;普及;價格差異,
自然與環境,spring,n. 春天;泉,
日常生活對話,square,n. 正方形,
日常生活對話,squirrel,n. 松鼠,
休閒與運動,stage,n. 舞臺;(進展的)階段,
交通與旅遊,stamp,n. 郵票;印章,
日常生活對話,standard,n. 標準,
日常生活對話,steak,n. 牛排,
自然與環境,steam,n. 蒸氣,
日常生活對話,steel,"n. 鋼,鋼鐵",
日常生活對話,stick,n. 棍;棒;杖;枝條,
自然與環境,storm,n. 暴風雨,
日常生活對話,stove,n. 爐灶,
日常生活對話,straight,"n. 直,挺直;(紙牌)五張順牌",
日常生活對話,stranger,n. 陌生人,
自然與環境,straw,n. 稻草;吸管,
自然與環境,strawberry,n. 草莓,
自然與環境,stream,n. 溪流,
日常生活對話,stress,n. 壓力,
日常生活對話,stretch,n. 伸直;伸出;伸長,
商務與職場,strike,n. 攻擊;罷工,
日常生活對話,string,n. 線;細繩;帶子,
日常生活對話,struggle,n. 使勁;掙扎,
教育與學術,subject,n. 主題;學科,
交通與旅遊,subway,n. 地鐵,
日常生活對話,success,n. 成功,
日常生活對話,sudden,n. 突然發生的事,
居家與生活,suit,n. 一套衣服;訴訟,
商務與職場,supermarket,n. 超級市場,
日常生活對話,supply,n. 生活用品;補給品,
日常生活對話,support,n. 支持,
日常生活對話,surface,n. 表面,
日常生活對話,swallow,n. 吞嚥;燕子,
自然與環境,swan,n. 天鵝,
居家與生活,sweater,n. 毛衣,
日常生活對話,sweep,n. 掃除,
休閒與運動,swing,n. 鞦韆;搖擺音樂,
日常生活對話,symbol,n. 符號;象徵,
休閒與運動,table tennis,n. 乒乓球,
自然與環境,talent,n. 天才,
日常生活對話,tangerine,n. 橘子,
日常生活對話,tank,n. 槽;坦克,
休閒與運動,tape,n. 錄音帶;錄影帶;膠帶,
日常生活對話,target,n. 目標,
商務與職場,task,n. 任務;工作,
日常生活對話,team,n. 隊,
日常生活對話,tear,n. 眼淚,
日常生活對話,teen,n. 青少年,
日常生活對話,teenager,n. 十幾歲孩子,
日常生活對話,telephone,n. 電話,
日常生活對話,television,n. 電視,
日常生活對話,temple,n. 廟宇;神殿,
休閒與運動,tennis,n. 網球,
日常生活對話,tent,n. 帳篷,
教育與學術,term,n. 術語;學期,
教育與學術,test,n. 測驗;考試,
教育與學術,textbook,n. 教科書,
醫療與健康,theater,n. 戲院;劇院,
日常生活對話,thief,n. 小偷,
日常生活對話,throat,n. 喉嚨,
日常生活對話,thumb,n. 拇指,
自然與環境,thunder,n. 雷,
日常生活對話,tip,n. 尖端;小費,
日常生活對話,title,n. 標題;頭銜,
飲食與餐飲,toast,n. 烤麵包片,
日常生活對話,toe,n. 腳趾,
日常生活對話,tofu,n. 豆腐,
日常生活對話,toilet,n. 馬桶,
日常生活對話,tomato,n. 番茄,
日常生活對話,tongue,n. 舌頭,
醫療與健康,tooth,n. 牙齒,
日常生活對話,topic,n. 論題;話題,
交通與旅遊,tour,n. 旅行,
居家與生活,towel,n. 毛巾,
日常生活對話,tower,n. 塔,
交通與旅遊,track,n. 行蹤;軌道,
商務與職場,trade,n. 貿易,
日常生活對話,tradition,n. 傳統,
日常生活對話,traffic,n. 交通,
日常生活對話,trap,n. 陷阱;圈套,
交通與旅遊,travel,n. 旅行,
日常生活對話,treasure,n. 財寶,
日常生活對話,treat,n. 款待,
醫療與健康,treatment,n. 對待;待遇;治療法,
日常生活對話,trial,n. 審判,
日常生活對話,triangle,n. 三角形,
休閒與運動,trick,n. 詭計;戲法;惡作劇,
居家與生活,trousers,n. 長褲,
交通與旅遊,truck,n. 卡車,
日常生活對話,trumpet,n. 小喇叭,
日常生活對話,trust,"n. 信任,信賴;託管,信託",
日常生活對話,truth,n. 事實;真相,
日常生活對話,tube,n. 管子,
交通與旅遊,tunnel,n. 隧道,
日常生活對話,turkey,n. 火雞,
日常生活對話,turtle,n. 烏龜,
日常生活對話,type,n. 類型,
自然與環境,typhoon,n. 颱風,
自然與環境,umbrella,n. 雨傘,
日常生活對話,underground,n. 地面下層;地下組織,
居家與生活,underwear,n. 內衣,
日常生活對話,uniform,n. 制服,
日常生活對話,user,n. 使用者,
日常生活對話,vacation,n. 假期,
日常生活對話,valley,n. 山谷,
日常生活對話,value,n. 價值,
日常生活對話,victory,n. 勝利,
休閒與運動,video,n. 錄影機;錄影帶,
日常生活對話,village,n. 村落,
休閒與運動,violin,n. 小提琴,
日常生活對話,visitor,n. 訪客,
日常生活對話,vocabulary,n. 字彙,
休閒與運動,volleyball,n. 排球,
交通與旅遊,vote,"n. 選舉,投票,表決",
交通與旅遊,voter,n. 選舉人;投票人,
日常生活對話,waist,n. 腰,
日常生活對話,waiter,n. 男服務生,
日常生活對話,waitress,n. 女服務生,
日常生活對話,wallet,n. 皮夾,
日常生活對話,waterfall,n. 瀑布,
日常生活對話,watermelon,n. 西瓜,
日常生活對話,wave,n. 波浪,
日常生活對話,weapon,n. 武器,
商務與職場,weekday,n. 工作日,
日常生活對話,western,n. 西部地區的人,
自然與環境,whale,n. 鯨魚,
日常生活對話,wheel,n. 輪子,
日常生活對話,whisper,"n. 傳聞,流言",
日常生活對話,width,n. 寬度,
日常生活對話,wild,"n. 荒野,荒地;未開發的地方",
日常生活對話,wing,n. 翅膀,
居家與生活,winner,n. 贏家,
日常生活對話,wire,n. 金屬線,
日常生活對話,wolf,n. 狼,
情緒與性格,wonder,n. 驚奇;奇觀,
日常生活對話,wool,n. 羊毛;毛織品,
日常生活對話,worth,n. 價值,
醫療與健康,wound,n. 傷口,
醫療與健康,yard,n. 庭院;碼(3英呎),
日常生活對話,youth,n. 青少年;青少年時代,
日常生活對話,zebra,n. 斑馬,
情緒與性格,acceptable,adj. 可以接受的;令人滿意的,
日常生活對話,accurate,adj. 準確的,
日常生活對話,actual,adj. 實際的;事實上的,
日常生活對話,additional,adj. 附加的;額外的,
日常生活對話,advanced,adj. 先進的;高等的,
日常生活對話,apparent,"adj. 明顯的,顯而易見的",
日常生活對話,arithmetic,adj. 算術的,
日常生活對話,attractive,adj. 有吸引力的;引人注目的,
休閒與運動,automatic,"adj. 自動的,習慣性的",
日常生活對話,available,"adj. 可用的,可得到的,有效的",
日常生活對話,average,adj. 平均的,
日常生活對話,awake,adj. 醒著的,
交通與旅遊,aware,"adj. 知道的,察覺的",
日常生活對話,awful,adj. 可怕的,
日常生活對話,bare,adj. 裸的;僅僅的,
日常生活對話,bold,adj. 無畏的;大膽的,
日常生活對話,brass,"adj. 黃銅製的,黃銅色的",
日常生活對話,brilliant,adj. 明亮的;才華橫溢的;傑出的,
日常生活對話,capable,adj. 有...的能力,
日常生活對話,capital,adj. 可處死刑的,
日常生活對話,casual,adj. 非正式的;隨便的,
休閒與運動,ceramic,adj. 陶器的;製陶藝術的,
日常生活對話,changeable,adj. 易變的;不定的,
日常生活對話,cheerful,adj. 使人感到愉快的,
飲食與餐飲,cherry,adj. 櫻桃口味的;鮮紅色的,
日常生活對話,chill,adj. 涼颼颼的,
日常生活對話,chilly,adj. 冷颼颼的,
日常生活對話,civil,"adj. 市民的,國民的",
日常生活對話,classical,adj. 古典的,
商務與職場,commercial,adj. 商業的;商務的,
日常生活對話,complex,adj. 複雜的,
日常生活對話,confident,adj. 有信心的,
日常生活對話,conscious,"adj. 神志清醒的,有知覺的",
日常生活對話,considerable,adj. 相當大的;相當多的,
日常生活對話,constant,"adj. 固定的,不變的",
日常生活對話,countable,adj. 可計算的;可數的,
日常生活對話,creative,adj. 有創造力(或想像力)的,
日常生活對話,criminal,"adj. 犯罪的,犯法的",
日常生活對話,crisp,"adj. 脆的,酥的,鬆脆的",
日常生活對話,crispy,adj. 酥脆的;清脆的,
日常生活對話,crunchy,adj. 發嘎吱嘎吱聲的;易碎的,
教育與學術,cultural,adj. 教養的;人文的,
日常生活對話,current,adj. 現行的,
情緒與性格,darling,"adj. 親愛的,心愛的;寵愛的",
日常生活對話,democratic,adj. 有民主精神的,
日常生活對話,desirable,adj. 值得嚮往的;富有魅力的,
日常生活對話,diligent,adj. 勤勉的,
日常生活對話,dim,adj. 微暗的;暗淡的,
日常生活對話,domestic,adj. 國內的,
日常生活對話,doubtful,adj. 懷疑的,
休閒與運動,dramatic,adj. 戲劇性的;引人注目的,
日常生活對話,drowsy,adj. 昏昏欲睡的,
飲食與餐飲,drunk,"adj. 喝醉(酒)的;陶醉的,興奮的",
日常生活對話,due,adj. 應支付的;欠款的,
日常生活對話,eager,"adj. 渴望的,急切的",
教育與學術,educational,adj. 教育的,
日常生活對話,efficient,adj. 效率高的;有能力的,
日常生活對話,elderly,adj. 年長的;上了年紀的,
日常生活對話,electric,adj. 電的,
日常生活對話,electrical,adj. 電的,
科技與數位,electronic,adj. 電子的,
日常生活對話,empty,adj. 空的,
日常生活對話,energetic,adj. 精力充沛的,
休閒與運動,enjoyable,adj. 快樂的;有樂趣的,
日常生活對話,environmental,adj. 環境的;有關環境(保護)的,
情緒與性格,evil,adj. 邪惡的,
日常生活對話,expressive,adj. 表達的;表情豐富的,
日常生活對話,extreme,"adj. 極端的,極度的",
日常生活對話,faint,adj. 頭暈的;暗淡的,
日常生活對話,fairy,adj. 小妖精(似)的;優雅的,
日常生活對話,fake,adj. 假的;冒充的,
日常生活對話,familiar,adj. 熟悉的;常見的,
自然與環境,fancy,adj. 花俏的;特級的,
日常生活對話,farther,"adj. far的比較級; 更遠的,再往前的",
日常生活對話,fashionable,adj. 時尚的,
情緒與性格,fond,adj. 喜歡的;愛好的,
日常生活對話,frequent,adj. 頻繁的;屢次的,
日常生活對話,global,adj. 全世界的,
日常生活對話,gradual,"adj. 逐漸的,逐步的",
日常生活對話,handy,adj. 便利的;靈活的;易於操作的,
日常生活對話,harmful,adj. 有害的,
日常生活對話,hasty,"adj. 倉促的,輕率的",
教育與學術,historic,adj. 歷史上著名的,
教育與學術,historical,"adj. 歷史的,史學的",
日常生活對話,hollow,adj. 空的;凹陷的,
日常生活對話,holy,adj. 神聖的,
日常生活對話,horrible,adj. 可怕的,
日常生活對話,hourly,adj. 以鐘點計算的,
日常生活對話,humorous,adj. 幽默的,
日常生活對話,icy,adj. 冰冷的,
日常生活對話,ideal,"adj. 理想的,完美的",
日常生活對話,immediate,adj. 即刻的,
日常生活對話,impressive,adj. 予人深刻印象的,
日常生活對話,individual,adj. 個別的,
日常生活對話,indoor,"adj. 室內的,戶內的",
商務與職場,industrial,"adj. 工業的,產業的",
日常生活對話,inferior,adj. 低等的;下級的,
日常生活對話,inner,adj. 內部的,
日常生活對話,innocent,"adj. 無罪的,清白的",
日常生活對話,internal,adj. 內部的,
日常生活對話,ivory,adj. 乳白色的,
情緒與性格,jealous,adj. 嫉妒的,
情緒與性格,joyful,"adj. 高興的,充滿喜悅的",
日常生活對話,latter,adj. 後者,
日常生活對話,liberal,adj. 自由主義的,
日常生活對話,lively,adj. 精力充沛的;活潑的,
日常生活對話,loose,adj. 鬆的,
日常生活對話,magical,"adj. 魔術的,魔法的",
日常生活對話,major,adj. 較多的;主要的,
日常生活對話,manageable,adj. 可控制的,
日常生活對話,marvelous,adj. 了不起的,
教育與學術,mathematical,adj. 數學的,
日常生活對話,mature,adj. 成熟的;到期的,
飲食與餐飲,meaningful,adj. 意味深長的;有意義的,
教育與學術,medical,adj. 醫學的;醫術的;醫療的,
醫療與健康,mental,"adj. 精神的,心理的",
日常生活對話,merry,"adj. 愉快的,興高采烈的",
日常生活對話,mighty,adj. 強大的;強有力的,
日常生活對話,minor,adj. 較小的;較次要的,
日常生活對話,missing,adj. 缺掉的;失蹤的;找不到的,
休閒與運動,mobile,adj. 移動式的;流動的,
日常生活對話,moist,"adj. 潮濕的,微濕的",
交通與旅遊,moral,adj. 道德(上)的,
休閒與運動,musical,adj. 音樂的,
自然與環境,native,"adj. 本土的,本國的",
日常生活對話,nervous,adj. 緊張的,
日常生活對話,noble,adj. 崇高的;宏偉的,
日常生活對話,normal,"adj. 正常的,正規的",
日常生活對話,obvious,adj. 明顯的;顯著的,
日常生活對話,odd,"adj. 奇特的,古怪的;單數的",
日常生活對話,opposite,"adj. 相反的,對立的",
休閒與運動,optimistic,adj. 樂觀的,
日常生活對話,original,"adj. 最初的,本來的;原始的",
自然與環境,outdoor,"adj. 戶外的,露天的,野外的",
日常生活對話,outer,"adj. 外面的,外表的",
日常生活對話,pale,adj. 蒼白的;黯淡的,
日常生活對話,plastic,"adj. 可塑的,塑性的;整形的",
醫療與健康,political,adj. 政治的;政治上的,
日常生活對話,pop,"adj. 通俗的,流行的",
日常生活對話,practical,adj. 實用的,
日常生活對話,precious,adj. 寶貴的,
日常生活對話,previous,"adj. 先的,以前的",
日常生活對話,primary,adj. 主要的;初級的,
日常生活對話,probable,adj. 很可能發生的,
日常生活對話,proper,"adj. 適合的,適當的",
日常生活對話,protective,"adj. 保護的,防護的",
日常生活對話,pure,adj. 純粹的,
自然與環境,queer,adj. 古怪的;頭暈眼花的,
日常生活對話,racial,adj. 種族的,
飲食與餐飲,raw,"adj. 生的,未煮過的;未加工的",
日常生活對話,reasonable,"adj. 合理的,正當的",
日常生活對話,regional,"adj. 地區的,局部的",
日常生活對話,reliable,adj. 可信賴的;可靠的;確實的,
教育與學術,religious,adj. 宗教的;虔誠的,
日常生活對話,remote,adj. 遙遠的;偏僻的,
日常生活對話,representative,"adj. 代表性的,典型的",
日常生活對話,ripe,adj. 成熟的,
飲食與餐飲,roast,adj. 烘烤的,
日常生活對話,romantic,adj. 富於浪漫色彩的,
日常生活對話,rotten,adj. 腐爛的;發臭的,
日常生活對話,rough,adj. 粗糙的;表面不平的,
自然與環境,routine,"adj. 日常的,例行的,常規的",
日常生活對話,rusty,adj. 生鏽的,
情緒與性格,satisfactory,adj. 令人滿意的,
日常生活對話,scarce,adj. 缺乏的;不足的,
日常生活對話,scary,adj. 膽小的;提心吊膽的,
教育與學術,scientific,adj. 科學的,
日常生活對話,secondary,adj. 第二的;次要的,
日常生活對話,sensible,adj. 有知覺的;明顯的,
醫療與健康,sensitive,adj. 敏感的;易受傷害的,
日常生活對話,sexual,adj. 兩性的;關於性關係的;性慾的,
日常生活對話,sexy,adj. 性感的,
居家與生活,shady,adj. 靠不住的;名聲不好的,
日常生活對話,shallow,adj. 淺的,
日常生活對話,shiny,adj. 晴朗的;有光澤的,
日常生活對話,significant,adj. 有意義的,
情緒與性格,sincere,adj. 誠懇的,
日常生活對話,slippery,adj. 容易滑的;不明確的,
日常生活對話,smooth,"adj. 平滑的,光滑的;平坦的",
日常生活對話,solid,adj. 結實的;堅固的,
醫療與健康,sore,adj. 疼痛的,
日常生活對話,specific,"adj. 特殊的,特定的",
日常生活對話,stable,"adj. 穩定的,牢固的",
日常生活對話,stale,adj. 不新鮮的;污濁的;陳舊的,
日常生活對話,steady,"adj. 穩固的,平穩的",
日常生活對話,steep,adj. 陡峭的,
自然與環境,sticky,adj. 黏的;塗有黏膠物質的;泥濘的,
日常生活對話,stiff,"adj. 硬的;挺的;拘謹的,不自然的",
自然與環境,stormy,adj. 暴風雨的,
日常生活對話,stubborn,"adj. 倔強的,頑固的",
日常生活對話,sufficient,"adj. 足夠的,充分的",
日常生活對話,suitable,adj. 適當的;合適的;適宜的,
日常生活對話,superior,"adj. 優秀的,上等的",
日常生活對話,suspect,adj. 可疑的;受到懷疑的;不可信的,
交通與旅遊,swift,"adj. 快速的,快捷的",
日常生活對話,tame,"adj. 經馴養的,馴服的",
居家與生活,technical,"adj. 專門的,技術性的",
日常生活對話,temporary,adj. 臨時的;暫時的,
情緒與性格,tender,adj. 溫柔的,
日常生活對話,thankful,"adj. 感謝的,感激的",
居家與生活,tidy,adj. 整潔的,
日常生活對話,tight,adj. 緊的,
日常生活對話,tricky,adj. 狡猾的;機警的,
日常生活對話,tropical,adj. 熱帶的,
情緒與性格,truthful,adj. 誠實的,
日常生活對話,typical,"adj. 典型的,有代表性的",
飲食與餐飲,upset,"adj. 心煩的,苦惱的",
商務與職場,vacant,adj. 空白的;(職位)空缺的,
日常生活對話,valuable,adj. 有價值的,
日常生活對話,various,adj. 各種各樣的;好幾個的,
日常生活對話,violent,adj. 暴力的,
日常生活對話,violet,adj. 紫色的,
日常生活對話,visible,adj. 可看見的,
休閒與運動,vivid,adj. 鮮豔的;生動的,
日常生活對話,wealthy,adj. 富裕的;豐富的,
自然與環境,wicked,adj. 缺德的;淘氣的;過分的,
日常生活對話,x-ray,adj. X光線的,
日常生活對話,account,v. 把...視為;說明,
醫療與健康,ache,v. (持續性地)疼痛;渴望,
日常生活對話,achieve,v. 實現,
日常生活對話,admire,v. 欽佩;欣賞,
日常生活對話,admit,v. 承認;准許進入;可容納,
日常生活對話,adopt,v. 採納;收養;接受,
日常生活對話,advertise,v. 為...做廣告;公佈,
日常生活對話,advise,v. 勸告,
休閒與運動,affect,v. 影響,
日常生活對話,afford,v. 買得起,
情緒與性格,amaze,v. 使大為驚奇,
日常生活對話,announce,v. 宣佈,
日常生活對話,appeal,"v. 呼籲,懇求",
日常生活對話,appreciate,v. 感謝;賞識,
日常生活對話,approach,"v. 接近,靠近",
日常生活對話,approve,v. 同意;贊許,
日常生活對話,assist,"v. 幫助,協助",
教育與學術,attempt,v. 試圖;企圖,
日常生活對話,attract,v. 吸引,
日常生活對話,author,"v. 開創,發起;著作,編寫",
日常生活對話,average,v. 算出...的平均數;使平衡; 平均為,
日常生活對話,awake,v. 喚醒,
日常生活對話,awaken,v. 醒;覺醒;喚起,
日常生活對話,award,v. 授予,
日常生活對話,ax,v. 用斧劈;解雇,
日常生活對話,axe,v. ax,
日常生活對話,bait,v. 置餌於,
日常生活對話,balance,v. 使平衡,
日常生活對話,bandage,v. 用繃帶包紮,
日常生活對話,bang,v. 發出砰的一聲;砰地敲,
日常生活對話,bare,v. 露出,
日常生活對話,beam,v. 以樑支撐;用...照射,
休閒與運動,behave,v. 舉動;守規矩,
日常生活對話,benefit,v. 對...有益,
日常生活對話,blame,v. 歸咎於,
居家與生活,blanket,v. (似)用毯覆蓋;掩蓋,
醫療與健康,bleed,v. 流血,
日常生活對話,bless,v. 祝福;保佑,
日常生活對話,boot,v. 開機,
居家與生活,border,"v. 毗鄰,接界",
情緒與性格,bore,v. 使厭煩,
交通與旅遊,brake,"v. 煞車,制動",
日常生活對話,breathe,v. 呼吸,
自然與環境,breeze,v. 吹著微風,
日常生活對話,bubble,v. 沸騰;冒泡,
日常生活對話,bud,v. 使發芽,
商務與職場,budget,v. 把...編入預算,
日常生活對話,bump,"v. 碰,撞",
日常生活對話,burden,v. 加重壓於,
日常生活對話,bury,"v. 埋葬,安葬",
日常生活對話,buzz,v. 嗡嗡叫,
休閒與運動,canoe,v. 用獨木舟載運,
日常生活對話,capture,v. 捕獲;俘虜,
休閒與運動,cast,"v. 投,擲; 選派...扮演角色",
日常生活對話,celebrate,v. 慶祝,
日常生活對話,chain,v. 拘禁;束縛,
日常生活對話,challenge,v. 對...提出異議,
交通與旅遊,channel,v. 在...開水道;傳送,
日常生活對話,charm,v. 使陶醉,
自然與環境,chat,"v. 閒談,聊天",
日常生活對話,cheer,v. 向...歡呼,
日常生活對話,chew,v. 咀嚼,
情緒與性格,chill,"v. 使變冷;使打寒顫;使掃興,使沮喪",
日常生活對話,chip,"v. 削,鑿,鏟",
居家與生活,choke,v. 使窒息;哽住,
日常生活對話,chop,"v. 砍,劈,斬",
日常生活對話,click,v. 發出卡嗒(或喀嚓)聲,
日常生活對話,clip,v. 剪;修剪;剪短;剪除,
日常生活對話,combine,v. 使結合,
日常生活對話,comfort,"v. 安慰,慰問",
日常生活對話,command,v. 命令;掌握; 指揮;控制,
日常生活對話,communicate,v. 傳達;傳遞,
日常生活對話,compete,v. 競爭;對抗,
日常生活對話,concern,v. 使擔心,
日常生活對話,conclude,"v. 推斷出,斷定",
日常生活對話,condition,v. 決定;為...的條件,
日常生活對話,confuse,v. 使迷惑,
日常生活對話,connect,"v. 連接,連結",
商務與職場,contract,v. 締結;訂契約;承包;收縮,
日常生活對話,couch,v. 使躺下;表達;蹲著;埋伏,
日常生活對話,cradle,v. 撫育,
日常生活對話,crash,"v. 碰撞,倒下,墜落",
休閒與運動,crawl,"v. 爬行,蠕動",
日常生活對話,credit,v. 把...記入貸方,
交通與旅遊,creep,v. 躡手躡足地走,
日常生活對話,crown,v. 為...加冕,
日常生活對話,cycle,"v. 循環,輪轉",
日常生活對話,dam,"v. 築壩於,築壩攔(水)",
日常生活對話,dare,v. 敢;膽敢,
情緒與性格,dash,v. 使(希望等)破滅;使沮喪,
日常生活對話,deafen,v. 使聾;淹沒(聲音),
日常生活對話,deepen,v. 使加深;使強烈;使變濃,
日常生活對話,define,"v. 解釋,給...下定義",
日常生活對話,deposit,"v. 放下,放置;寄存",
日常生活對話,destroy,"v. 毀壞,破壞",
日常生活對話,detail,"v. 詳述,詳細說明",
日常生活對話,determine,v. 決定,
飲食與餐飲,diet,v. 節食,
日常生活對話,dim,v. 變暗淡;變模糊,
飲食與餐飲,dine,"v. 進餐,用餐",
日常生活對話,dip,v. 浸;泡,
日常生活對話,disappoint,v. 使失望,
日常生活對話,discount,v. 將...打折扣,
情緒與性格,dislike,"v. 不喜愛,厭惡",
日常生活對話,ditch,v. 掘溝,
休閒與運動,dive,v. 跳水,
交通與旅遊,dock,v. 靠碼頭;入船塢,
日常生活對話,dodge,v. 閃開;迴避,
醫療與健康,dose,v. (按劑量)給...服藥,
日常生活對話,drain,v. 排出(液體),
日常生活對話,drip,v. 滴下,
日常生活對話,drown,"v. 淹沒,浸濕",
日常生活對話,dump,v. 傾倒;拋棄,
日常生活對話,dust,"v. 撣去,擦去",
日常生活對話,echo,v. 發出回聲,
教育與學術,edit,v. 編輯;校訂,
教育與學術,educate,v. 教育,
日常生活對話,elbow,"v. 用肘推,擠進",
日常生活對話,emphasize,v. 強調,
日常生活對話,employ,v. 僱用,
日常生活對話,empty,v. 倒空;流空,
日常生活對話,enable,v. 使成為可能,
日常生活對話,engage,v. 使訂婚;使忙於,
情緒與性格,envy,v. 羨慕;嫉妒,
日常生活對話,erase,"v. 擦掉,抹去",
休閒與運動,escape,v. 逃跑;逃脫,
日常生活對話,exchange,v. 交換;調換;兌換,
日常生活對話,exit,"v. 出去,離去;退去",
教育與學術,experiment,"v. 進行實驗,試驗",
飲食與餐飲,explode,v. 使爆炸,
日常生活對話,export,v. 輸出,
日常生活對話,fade,"v. 凋謝,枯萎;(顏色)褪去",
日常生活對話,faint,"v. 昏厥,暈倒",
日常生活對話,fake,"v. 偽造;捏造;欺騙,迷惑",
情緒與性格,fancy,v. 想像;猜想;愛慕(異性),
日常生活對話,fashion,v. 把...塑造成,
日常生活對話,fasten,v. 紮牢;繫緊,
科技與數位,fax,v. 傳真傳輸,
日常生活對話,feature,v. 以...為特色,
日常生活對話,file,v. 把...歸檔,
日常生活對話,fist,v. 拳打,
醫療與健康,flame,"v. 發火焰,燃燒",
飲食與餐飲,flavor,v. 給...調味,
日常生活對話,float,v. 浮,
日常生活對話,flock,v. 聚集;成群地去(或來),
日常生活對話,fold,v. 摺疊;對摺,
日常生活對話,found,v. 建立;建造;鑄造;熔化,
日常生活對話,freeze,"v. 結冰,凝固;凍結",
日常生活對話,frequent,"v. 常到,常去",
日常生活對話,frustrate,v. 挫敗;阻撓,
飲食與餐飲,fry,v. 油炸,
休閒與運動,fund,"v. 提供(事業,活動等的)資金",
日常生活對話,gamble,v. 賭博;打賭,
日常生活對話,gang,v. 成群結隊;結夥,
休閒與運動,gesture,"v. 做手勢,用動作示意",
日常生活對話,glance,"v. 看一下,一瞥;掃視",
情緒與性格,glory,v. 驕傲;自豪,
日常生活對話,glow,"v. 發白熱光,灼熱",
日常生活對話,gossip,v. 閒聊,
日常生活對話,grab,"v. 攫取,抓取",
日常生活對話,graduate,v. 畢業,
日常生活對話,grasp,v. 抓牢;握緊,
日常生活對話,grin,v. 露齒而笑,
日常生活對話,harbor,v. 庇護;藏匿,
醫療與健康,harm,"v. 損害,傷害;危害",
日常生活對話,harvest,v. 收割;收穫,
日常生活對話,hatch,v. 孵出,
日常生活對話,headline,v. 給...加標題,
日常生活對話,heal,v. 癒合;痊癒,
日常生活對話,heap,v. 裝滿,
交通與旅遊,heel,v. 給(鞋等)裝後跟;緊跟;(船)傾斜,
日常生活對話,hesitate,v. 躊躇;猶豫,
交通與旅遊,hike,v. 徒步旅行,
日常生活對話,hint,"v. 暗示,示意",
日常生活對話,hollow,v. 挖空;凹陷,
日常生活對話,honor,"v. 使增光;承兌,支付",
日常生活對話,hug,v. 摟抱,
日常生活對話,hush,"v. 使沈默,使安靜",
日常生活對話,import,v. 輸入,
日常生活對話,impress,v. 給...極深的印象,
日常生活對話,inform,"v. 通知,告知",
醫療與健康,injure,v. 傷害;損害;毀壞,
日常生活對話,inspect,v. 檢查;審查,
商務與職場,interrupt,v. 打斷(談話和工作等),
教育與學術,investigate,"v. 調查,研究",
日常生活對話,jail,v. 監禁;拘留,
日常生活對話,jaw,v. 對...嘮叨;責罵,
日常生活對話,jet,"v. 噴出,射出",
交通與旅遊,journey,v. 旅行,
日常生活對話,junk,v. 把...當廢物丟棄;拋棄,
日常生活對話,kneel,v. 跪(下),
日常生活對話,knight,"v. 封...為爵士,授...以爵士位",
日常生活對話,knit,v. 編織,
日常生活對話,knot,v. 把...打結;捆紮,
日常生活對話,label,v. 貼標籤於,
自然與環境,lace,v. 用花邊等裝飾,
日常生活對話,leak,v. 洩漏(祕密等),
休閒與運動,leap,"v. 跳,跳躍",
日常生活對話,lengthen,"v. 使加長,使延長",
日常生活對話,litter,v. 亂丟(雜物),
日常生活對話,load,"v. 裝,裝載",
日常生活對話,loosen,"v. 鬆開,解開",
休閒與運動,lullaby,v. 唱搖籃曲使入睡,
日常生活對話,major,v. 主修,
日常生活對話,manage,v. 管理;經營;處理,
交通與旅遊,march,v. 行軍;把(人)強行帶走,
日常生活對話,melt,v. 融化;熔化,
居家與生活,memorize,v. 記住;背熟,
日常生活對話,mend,"v. 修理,修補",
日常生活對話,mention,"v. 提到,說起",
日常生活對話,mess,"v. 弄髒,弄亂",
飲食與餐飲,microwave,v. 用微波爐烹調,
日常生活對話,mill,v. 碾碎,
日常生活對話,mist,v. 使蒙上薄霧,
日常生活對話,mob,"v. 成群襲擊,圍攻",
居家與生活,mop,v. 拖洗;擦去,
日常生活對話,murder,"v. 謀殺,兇殺",
自然與環境,mushroom,v. 雨後春筍般地湧現,
日常生活對話,nap,"v. 打盹,小睡",
日常生活對話,nickname,v. 給...起綽號,
日常生活對話,observe,v. 看到;觀察,
日常生活對話,occasion,v. 引起;惹起,
日常生活對話,orphan,v. 使成孤兒,
日常生活對話,outline,"v. 概述,略述",
日常生活對話,owe,v. 欠(債等);應給予;應該做,
日常生活對話,pad,"v. 填塞,襯填",
情緒與性格,panic,v. 使恐慌,
交通與旅遊,parade,v. 在...遊行,
日常生活對話,parcel,v. 分;分配,
日常生活對話,participate,"v. 參加,參與",
日常生活對話,pause,v. 中止,
交通與旅遊,pave,"v. 鋪,築(路等)",
日常生活對話,paw,v. (用腳爪等)抓;扒,
日常生活對話,peak,v. 使尖起;達到高峰;聳起,
日常生活對話,peel,"v. 削去;剝,去(皮,殼等)",
日常生活對話,peep,"v. 窺,偷看",
休閒與運動,perform,"v. 履行;執行;表演, 演奏",
日常生活對話,permit,"v. 允許,許可,准許",
日常生活對話,persuade,"v. 說服,勸服",
飲食與餐飲,pickle,v. 醃製;將...做成泡菜,
交通與旅遊,pilot,v. 駕駛(飛機等);帶領;引導,
日常生活對話,pit,v. 使成凹;挖坑於,
情緒與性格,pity,v. 憐憫;同情,
居家與生活,plug,"v. 把...塞住,堵塞",
教育與學術,poll,v. 對...進行民意測驗,
自然與環境,pollute,v. 污染,
日常生活對話,pop,v. 發出砰(或啪)的響聲,
日常生活對話,portion,v. 分配,
日常生活對話,postpone,"v. 延遲,延緩",
日常生活對話,pour,"v. 倒,灌,注",
日常生活對話,powder,v. 變成粉末;搽粉,
日常生活對話,pressure,v. 對...施加壓力;迫使,
日常生活對話,pretend,v. 佯裝;假裝,
日常生活對話,prevent,"v. 防止,預防",
居家與生活,process,v. 加工沖洗(膠卷),
日常生活對話,profit,"v. 得益,獲益",
科技與數位,program,v. 為...安排節目;設計電腦程式,
商務與職場,promote,v. 推銷(商品等),
日常生活對話,punch,v. 用拳猛擊,
日常生活對話,pursue,v. 追求;從事,
日常生活對話,quarrel,v. 爭吵,
日常生活對話,quote,v. 引用;引述,
日常生活對話,rank,v. 把...分等;把...評級,
日常生活對話,rate,v. 對...評價,
日常生活對話,react,v. 作出反應,
日常生活對話,recognize,v. 識別;認識;承認,
日常生活對話,recover,v. 尋回;恢復,
日常生活對話,reduce,v. 減少;縮小;降低,
日常生活對話,regret,v. 懊悔,
日常生活對話,relate,"v. 有關,涉及",
日常生活對話,relax,"v. 使鬆弛,使鬆懈,放鬆",
日常生活對話,release,"v. 釋放,解放",
日常生活對話,rely,"v. 依靠,依賴",
日常生活對話,remain,"v. 剩下,餘留",
日常生活對話,remind,v. 提醒,
休閒與運動,remove,"v. 移動,搬開",
日常生活對話,renew,v. 換新;修補,
居家與生活,rent,v. 租,
日常生活對話,repair,v. 修理,
日常生活對話,replace,v. 取代;以...代替,
日常生活對話,represent,v. 象徵;表示,
日常生活對話,request,v. 請求給予,
日常生活對話,reserve,"v. 儲備,保存;保留",
日常生活對話,resist,"v. 抵抗,反抗;抗拒",
日常生活對話,respond,"v. 作答,回答",
商務與職場,restrict,v. 限制;限定;約束,
日常生活對話,reveal,"v. 展現,顯露出",
日常生活對話,rid,v. 使免除;使擺脫;從...清除,
自然與環境,risk,v. 冒...的風險,
日常生活對話,roar,v. 吼叫;大聲叫喊;狂笑,
飲食與餐飲,roast,"v. 烤,炙,烘",
日常生活對話,rob,v. 搶劫,
居家與生活,robe,v. 使穿上禮服,
休閒與運動,rocket,v. 用火箭運載;飛快行進,
日常生活對話,rot,"v. 腐爛,腐壞;腐朽,破損",
自然與環境,rough,"v. 使不平,使粗糙;草擬;粗魯行事",
日常生活對話,rumor,v. 謠傳;傳說,
日常生活對話,rust,v. 生鏽,
日常生活對話,scatter,v. 使分散;使潰散,
日常生活對話,schedule,v. 安排;將……列入計畫（或時間）表,
日常生活對話,scoop,v. 用勺舀;挖空;挖出,
日常生活對話,scout,"v. 偵察;搜索;嘲笑,嘲弄",
日常生活對話,scream,v. 尖叫;放聲大哭,
日常生活對話,screw,v. (用螺釘等)固定;扭歪(臉等),
居家與生活,scrub,v. 用力擦洗;揉,
日常生活對話,seal,"v. 封,密封;蓋章",
日常生活對話,seek,v. 尋覓,
居家與生活,seize,v. 抓住;捉住;沒收;扣押,
日常生活對話,sew,v. 縫製;縫補,
日常生活對話,shade,"v. 遮蔽,蔽蔭",
日常生活對話,shadow,v. 使變暗;使陰鬱,
日常生活對話,shame,v. 使感到羞恥,
居家與生活,shampoo,v. 洗(頭髮);洗(地毯等),
日常生活對話,shave,v. 刮(鬍子等);修剪,
日常生活對話,shorten,v. 使變短;縮短,
日常生活對話,shovel,v. 用鐵鍬挖,
日常生活對話,shrink,"v. 縮短,皺縮",
自然與環境,sigh,"v. 嘆氣,嘆息",
日常生活對話,signal,"v. 發信號,打信號",
日常生活對話,sin,v. 犯(罪),
飲食與餐飲,sip,v. 啜飲,
日常生活對話,skate,v. 溜冰,
自然與環境,ski,v. 滑雪,
日常生活對話,skip,v. 略過;漏掉,
飲食與餐飲,slave,v. 奴隸般工作;苦幹,
日常生活對話,slice,v. 切成薄片,
日常生活對話,smooth,"v. 光滑地,平滑地",
日常生活對話,snap,v. 突然折斷;用快照拍攝,
醫療與健康,sorrow,v. 感到悲傷;懊悔;遺憾,
日常生活對話,spice,v. 加香料於,
日常生活對話,spill,v. 使溢出;使濺出;使散落,
日常生活對話,spin,v. 使(陀螺等)旋轉,
日常生活對話,spit,v. 吐(唾液等),
日常生活對話,splash,"v. 濺,潑",
情緒與性格,spoil,"v. 寵壞,溺愛",
醫療與健康,sprain,v. 扭;扭傷,
日常生活對話,spray,"v. 噴灑,噴塗",
日常生活對話,sprinkle,"v. 灑,噴淋;撒",
日常生活對話,spy,v. 暗中監視,
日常生活對話,squeeze,"v. 榨,擠,壓",
日常生活對話,stab,"v. 刺,戳",
商務與職場,staff,v. 給...配備職員,
日常生活對話,stare,"v. 盯,凝視",
飲食與餐飲,starve,v. 餓死;餓得慌;渴望,
日常生活對話,steady,v. 使穩固;使穩定,
日常生活對話,sting,"v. 刺,螫,叮",
休閒與運動,stir,"v. 攪拌,攪動",
日常生活對話,stitch,v. 縫;繡;編結,
日常生活對話,strip,"v. 剝去,剝光",
日常生活對話,structure,v. 構造;組織;建造,
日常生活對話,stuff,v. 裝;填;塞,
日常生活對話,style,v. 稱呼;命名;設計;使成為時髦,
日常生活對話,suck,"v. 吸,吮,啜",
飲食與餐飲,suffer,v. 遭受;經歷;受苦;患病,
日常生活對話,suggest,v. 建議,
日常生活對話,sum,v. 計算...的總和,
日常生活對話,suppose,"v. 猜想,以為;假定",
日常生活對話,surround,"v. 圍,圍繞",
日常生活對話,survey,"v. 測量,勘測",
日常生活對話,suspect,"v. 疑有,察覺",
日常生活對話,swear,v. 發誓;宣誓,
日常生活對話,sweat,v. 出汗,
日常生活對話,swell,"v. 腫起,腫脹",
日常生活對話,switch,v. 使轉換;為...轉接(電話),
日常生活對話,tack,v. 用平頭釘釘,
日常生活對話,tag,v. 給...加標籤,
日常生活對話,tailor,v. 做裁縫,
日常生活對話,tame,v. 馴化;使軟化,
商務與職場,tax,v. 向...課稅,
日常生活對話,tease,v. 逗弄;取笑;向...強求,
交通與旅遊,tend,v. 走向;趨向;照料,
居家與生活,thread,"v. 穿(針,線等)",
情緒與性格,threaten,"v. 威脅,恐嚇",
日常生活對話,tickle,v. 使發癢;逗...笑,
居家與生活,tidy,v. 使整潔,
日常生活對話,tighten,"v. 變緊,繃緊",
日常生活對話,toss,"v. 拋,扔,投",
日常生活對話,tow,"v. 拖,拉;牽引",
日常生活對話,trace,v. 追蹤;描繪,
日常生活對話,trail,"v. 拖,曳",
休閒與運動,transport,"v. 運送,運輸",
自然與環境,trash,v. 修剪(樹等)的枯枝殘葉;丟棄,
日常生活對話,tremble,v. 發抖;震顫,
日常生活對話,troop,"v. 群集,集合",
日常生活對話,tug,v. 用力拉,
日常生活對話,tumble,v. 跌倒;滾下,
日常生活對話,tune,v. 為...調音,
居家與生活,tutor,v. 當家庭教師,
日常生活對話,twist,v. 扭轉;扭彎,
日常生活對話,unite,v. 統一;使團結,
情緒與性格,upset,v. 使心煩意亂;翻倒;傾覆,
日常生活對話,vanish,v. 使不見;使消失,
日常生活對話,vary,v. 使不同;變更;呈多樣化,
日常生活對話,wag,v. 搖;搖擺;搖尾巴,
日常生活對話,waken,v. 醒來;睡醒;喚醒,
交通與旅遊,wander,v. 漫遊;閒逛,
日常生活對話,warn,v. 警告,
日常生活對話,wax,v. 給...上蠟,
日常生活對話,weaken,"v. 削弱,減弱",
日常生活對話,weave,v. 織;編,
日常生活對話,web,v. (蜘蛛等)結網於;形成網狀,
自然與環境,weed,v. 除掉(雜草),
日常生活對話,weep,"v. 哭泣,流淚",
日常生活對話,whip,"v. 鞭笞,抽打",
日常生活對話,whistle,v. 吹口哨;鳴笛,
日常生活對話,wink,v. 眨(眼),
日常生活對話,wipe,v. 擦;揩乾,
日常生活對話,wrap,"v. 包,裹",
日常生活對話,x-ray,v. 用X光線檢查,
日常生活對話,yawn,v. 打呵欠,
日常生活對話,yell,v. 吼叫,
日常生活對話,zipper,v. 拉上拉鍊,
日常生活對話,zone,v. 劃出...為區,
日常生活對話,dare,v. 敢;竟敢,
日常生活對話,ought,"v. 應當,應該",
交通與旅遊,aboard,adv. 在船(或飛機;車)上;上船(或飛機;車),
日常生活對話,afterward,"adv. 之後,以後,後來",
日常生活對話,afterwards,"adv. 之後,後來",
日常生活對話,apart,"adv. 分開地,相間隔地",
日常生活對話,aside,adv. 在旁邊;到(或向)旁邊,
日常生活對話,badly,adv. 壞;拙劣地,
日常生活對話,bang,"adv. 砰地;驀地,突然;恰好,正好",
日常生活對話,barely,adv. 僅僅;勉強,
日常生活對話,due,adv. (置於方位詞前)正,
日常生活對話,fairly,"adv. 公平地,公正地",
日常生活對話,farther,"adv. (距離,時間)更遠地;此外",
日常生活對話,forever,adv. 永遠,
日常生活對話,forth,adv. 向前;向前方;向外,
日常生活對話,hourly,adv. 頻繁地;時時,
日常生活對話,indeed,"adv. 確實,實在",
居家與生活,indoors,"adv. 在室內,在屋裡",
日常生活對話,instead,"adv. 反而,卻",
日常生活對話,meanwhile,adv. 其間;同時,
日常生活對話,opposite,"adv. 在對面,在對過",
自然與環境,outdoors,"adv. 在戶外,在野外,在露天;往戶外",
日常生活對話,plenty,"adv. 足夠,充分地",
日常生活對話,pop,adv. 突然地,
日常生活對話,rough,"adv. 粗糙地,粗略地",
日常生活對話,seldom,adv. 很少地,
日常生活對話,shortly,"adv. 立刻,馬上;簡短地,扼要地",
自然與環境,someday,adv. 將來有一天,
日常生活對話,somehow,adv. 不知怎麼的,
自然與環境,sometime,"adv. 某一時候;日後,改天",
日常生活對話,somewhat,"adv. 有點,稍微",
日常生活對話,steady,adv. 穩固地;穩定地,
日常生活對話,threateningly,adv. 威脅地；脅迫地,
日常生活對話,tight,adv. 牢牢地,
交通與旅遊,aboard,"prep. 上(船,飛機,車);在(船,飛機,車)上",
日常生活對話,beneath,prep. 在...之下,
日常生活對話,onto,prep. 到...之上;向...之上,
日常生活對話,opposite,prep. 在...對面,
飲食與餐飲,unless,"conj. 如果不,除非",
日常生活對話,accident,n. 事故;災禍,
日常生活對話,account,n. 帳目;描述,
醫療與健康,ache,n. (持續性地)疼痛,
日常生活對話,achievement,n. 成就,
休閒與運動,activity,n. 活動,
日常生活對話,ad,n. 廣告,
日常生活對話,advantage,"n. 優點,優勢;利益",
交通與旅遊,adventure,n. 冒險;冒險活動,
日常生活對話,advertisement,n. 廣告,
日常生活對話,advice,n. 忠告,
教育與學術,adviser,n. 顧問;指導教授,
日常生活對話,advisor,n. adviser,
日常生活對話,agriculture,n. 農業,
日常生活對話,alley,"n. 小巷,後街",
情緒與性格,amazement,"n. 驚奇,詫異",
日常生活對話,ambassador,n. 大使,
日常生活對話,ambition,n. 野心,
自然與環境,angel,n. 天使,
日常生活對話,angle,n. 角度,
日常生活對話,announcement,n. 宣佈,
日常生活對話,appeal,"n. 呼籲,懇求",
居家與生活,approach,"n. 靠近;方法,門徑",
自然與環境,aquarium,n. 養魚缸;水族館,
日常生活對話,arithmetic,"n. 算術,計算",
日常生活對話,arrival,n. 到達,
日常生活對話,ash,n. 灰,
居家與生活,athlete,"n. 運動員,體育家",
教育與學術,attempt,"n. 企圖,嘗試",
日常生活對話,attitude,n. 態度,
日常生活對話,audience,n. 聽眾,
居家與生活,author,n. 作者;作家,
交通與旅遊,auto,n. 汽車,
交通與旅遊,automobile,n. 汽車,
交通與旅遊,avenue,"n. 大街,大道",
日常生活對話,average,n. 平均;平均數,
日常生活對話,award,n. 獎;獎品,
日常生活對話,ax,n. 斧,
日常生活對話,axe,n. ax,
交通與旅遊,background,n. 背景,
飲食與餐飲,bacon,n. 燻豬肉,
醫療與健康,bacteria,n. 細菌,
休閒與運動,badminton,n. 羽毛球,
交通與旅遊,baggage,n. 行李,
日常生活對話,bait,n. 餌,
日常生活對話,balance,n. 平衡,
日常生活對話,bandage,n. 繃帶,
日常生活對話,bang,n. 猛擊;猛撞,
飲食與餐飲,barn,n. 穀倉;糧倉,
日常生活對話,barrel,n. 大桶,
日常生活對話,bay,n. 海灣,
自然與環境,beast,n. 野獸,
日常生活對話,beggar,n. 乞丐,
日常生活對話,being,n. 存在;生存;生命;本質,
日常生活對話,belly,n. 腹部,
日常生活對話,benefit,n. 利益;好處,
飲食與餐飲,berry,n. 莓果,
日常生活對話,Bible,n. 聖經,
日常生活對話,billion,n. (美國)十億,
飲食與餐飲,bingo,n. 賓果遊戲,
飲食與餐飲,biscuit,n. (美國)小麵包,
日常生活對話,blame,"n. 責備,指責;責任",
居家與生活,blanket,n. 毯子,
居家與生活,blouse,n. 女裝短上衣,
日常生活對話,boot,n. (長筒)靴,
日常生活對話,border,n. 邊緣;邊境,
日常生活對話,bore,n. 令人討厭的人(或事物),
交通與旅遊,brake,n. 煞車,
日常生活對話,brass,n. 黃銅,
自然與環境,bravery,"n. 勇敢,勇氣",
居家與生活,breast,n. 乳房,
自然與環境,breath,"n. 呼吸,氣息;微風",
自然與環境,breeze,n. 微風,
日常生活對話,bride,n. 新娘,
自然與環境,brook,"n. 小河,小溪",
日常生活對話,broom,n. 掃帚,
日常生活對話,brow,n. 眉頭;眉毛,
自然與環境,bubble,"n. 水泡,氣泡",
日常生活對話,bucket,n. 水桶,
自然與環境,bud,n. 葉芽;花蕾;少女,
商務與職場,budget,n. 預算,
日常生活對話,buffalo,n. 水牛,
飲食與餐飲,buffet,n. 自助餐,
日常生活對話,bulb,n. 電燈泡,
日常生活對話,bull,n. 公牛,
日常生活對話,bullet,n. 子彈,
日常生活對話,bump,n. 重擊;猛撞,
日常生活對話,bunch,"n. 串,束",
日常生活對話,burden,n. 重擔;負擔,
居家與生活,burglar,"n. 夜賊,破門盜竊者",
自然與環境,bush,n. 灌木,
日常生活對話,buzz,n. 嗡嗡聲,
日常生活對話,cabin,n. 客艙,
教育與學術,campus,n. 校園,
日常生活對話,cane,n. 藤條;手杖,
日常生活對話,canoe,n. 皮划,
日常生活對話,canyon,n. 峽谷,
日常生活對話,capital,n. 首都;首府;資本,
日常生活對話,capture,n. 佔領;獲得,
商務與職場,carpenter,"n. 木工,木匠",
休閒與運動,carriage,n. 運輸;運費,
日常生活對話,cast,n. 鑄型;模子;投;擲;拋,
交通與旅遊,caterpillar,n. 履帶牽引車,
居家與生活,cattle,"n. 牛;牲口,家畜",
日常生活對話,centimeter,n. 公分,
日常生活對話,ceramics,n. (當單數用)製陶業,
日常生活對話,chain,n. 鏈條;項圈,
日常生活對話,challenge,n. 挑戰;艱鉅的事,
日常生活對話,champion,"n. 優勝者,冠軍",
交通與旅遊,channel,n. 管道;頻道,
教育與學術,chapter,"n. (書籍的)章,回",
日常生活對話,charm,n. 魅力,
自然與環境,chat,"n. 閒談,聊天",
日常生活對話,cheek,n. 臉頰;腮幫子,
飲食與餐飲,cheer,n. 喝采;鼓勵,
日常生活對話,cheese,n. 起司;乳酪,
日常生活對話,cherry,n. 櫻桃,
日常生活對話,chest,"n. 胸;箱子,盒子",
日常生活對話,chew,n. 咀嚼,
日常生活對話,childhood,n. 幼時,
自然與環境,chill,"n. 寒冷,寒氣",
日常生活對話,chimney,n. 煙囪,
日常生活對話,China,n. 中國,
飲食與餐飲,chip,n. 晶片;屑片;炸洋芋片;籌碼,
日常生活對話,choke,"n. 窒息,噎",
飲食與餐飲,chop,n. 肋骨肉,
日常生活對話,cigarette,"n. 香煙,紙煙",
休閒與運動,circus,n. 馬戲團,
日常生活對話,click,n. 卡嗒聲,
商務與職場,client,"n. 顧客,客戶",
居家與生活,clinic,"n. 診所,門診所",
醫療與健康,clip,n. 夾;鉗;迴紋針,
日常生活對話,clue,"n. 線索,跡象,提示",
飲食與餐飲,cocktail,n. 雞尾酒,
飲食與餐飲,coconut,n. 椰子;椰子肉,
居家與生活,collar,n. 衣領,
日常生活對話,collection,n. 收集,
教育與學術,college,n. 學院;大學,
日常生活對話,colony,n. 殖民地,
日常生活對話,column,"n. (報紙的)欄,段;行",
日常生活對話,comfort,"n. 安逸,舒適",
日常生活對話,comma,n. 逗號;停頓,
日常生活對話,command,n. 命令,
商務與職場,commercial,n. 商業廣告,
日常生活對話,committee,n. 委員會,
日常生活對話,comparison,"n. 比較,對照",
日常生活對話,complaint,n. 抱怨;抗議;怨言,
日常生活對話,complex,n. 複合物,
日常生活對話,concern,n. 關懷,
休閒與運動,concert,"n. 音樂會,演奏會",
日常生活對話,conclusion,n. 結論;推論,
日常生活對話,condition,n. 情況;條件,
日常生活對話,cone,n. 圓錐體;圓錐形,
日常生活對話,connection,n. 連接;聯絡;銜接,
教育與學術,consideration,n. 考慮,
日常生活對話,constant,"n. 常數,衡量;不變的事物",
日常生活對話,continent,"n. 大陸,陸地;大洲",
商務與職場,contract,n. 和約,
日常生活對話,couch,n. 長沙發,
日常生活對話,coward,"n. 懦夫,膽怯者",
日常生活對話,cradle,n. 搖籃,
日常生活對話,crash,n. 相撞(事故),
日常生活對話,crawl,n. 緩慢的行進,
日常生活對話,creator,n. 創造者;創作者,
休閒與運動,creature,n. 生物;動物,
日常生活對話,credit,n. 信用;貸方,
交通與旅遊,crew,n. 全體船員,
日常生活對話,cricket,n. 蟋蟀,
日常生活對話,criminal,n. 罪犯,
日常生活對話,crown,n. 王冠,
日常生活對話,crutch,n. 丁形柺杖,
飲食與餐飲,cupboard,n. 食櫥;碗櫃,
日常生活對話,current,n. 水流;電流,
日常生活對話,cycle,n. 週期;循環,
飲食與餐飲,dairy,n. 牛奶店;牛奶及乳品業,
日常生活對話,dam,n. 水壩,
情緒與性格,darling,n. 心愛的人,
休閒與運動,dash,"n. 急衝,奔跑;破折號",
商務與職場,dealer,n. 業者;商人;發牌者,
日常生活對話,decade,n. 十;十年,
交通與旅遊,deck,"n. (船的) 艙面,甲板;(紙牌的)一副",
教育與學術,deed,n. 契據;證書,
日常生活對話,definition,n. 定義;釋義,
日常生活對話,delivery,"n. 投遞,傳送",
日常生活對話,democracy,n. 民主,
日常生活對話,deposit,n. 存款,
日常生活對話,description,n. 敘述;形容,
日常生活對話,designer,n. 設計者;構思者;時裝設計師,
日常生活對話,detail,n. 細節;詳情,
情緒與性格,devil,"n. 魔鬼,惡魔",
日常生活對話,dialogue,n. 對話;交談,
飲食與餐飲,diet,n. 飲食;特種飲食,
日常生活對話,dime,n. 一角硬幣,
日常生活對話,dip,n. (價格的)下跌,
自然與環境,dirt,n. 污物;爛泥;灰塵,
情緒與性格,disappointment,"n. 失望;掃興,沮喪",
飲食與餐飲,disc,n. 圓盤;盤狀物;磁盤;鐵餅,
休閒與運動,disco,n. 迪斯科音樂,
休閒與運動,discotheque,n. 小舞廳;迪斯科舞廳,
日常生活對話,discount,n. 折扣,
日常生活對話,discovery,n. 發現,
醫療與健康,disease,"n. 病,疾病",
科技與數位,disk,n. 圓盤;(電腦)磁盤,
情緒與性格,dislike,"n. 不喜愛,厭惡",
日常生活對話,ditch,n. 溝;壕溝,
日常生活對話,dive,"n. 俯衝,急劇下降",
日常生活對話,dock,n. 碼頭,
日常生活對話,dodge,n. 躲閃;託詞,
醫療與健康,dose,"n. (藥物等的)一劑,一服",
日常生活對話,drain,n. 排水管,
日常生活對話,drip,n. 滴下;滴水聲,
飲食與餐飲,drunk,"n. 醉漢,酒鬼;酒宴,鬧飲",
商務與職場,due,n. 應得之物;應得權益;應付款;稅金,
居家與生活,dump,n. 垃圾場,
自然與環境,dust,"n. 灰塵,塵土",
商務與職場,earnings,"n. 收入,工資",
日常生活對話,echo,n. 回聲;回響,
日常生活對話,edition,n. 版本,
教育與學術,editor,n. 編者;校訂者,
日常生活對話,elbow,n. 肘部,
日常生活對話,election,n. 選舉,
日常生活對話,electricity,n. 電;電流,
日常生活對話,emergency,n. 緊急情況,
日常生活對話,emperor,n. 皇帝,
商務與職場,employee,"n. 受雇者,雇工,雇員",
日常生活對話,employer,"n. 雇主,雇用者",
日常生活對話,employment,n. 雇用;受雇,
日常生活對話,engagement,n. 訂婚;諾言;雇用;交戰,
日常生活對話,engine,n. 引擎,
商務與職場,engineer,n. 工程師,
日常生活對話,entry,"n. 進入,入場;入口",
日常生活對話,envy,n. 妒忌;羨慕,
休閒與運動,escape,n. 逃跑;逃脫,
情緒與性格,evil,"n. 邪惡,罪惡",
日常生活對話,excellence,n. 優秀;傑出;卓越,
商務與職場,exchange,n. 交換;交流;交易所,
日常生活對話,exhibition,n. 展覽;展覽會,
日常生活對話,existence,"n. 存在,實在",
日常生活對話,exit,n. 出口,
日常生活對話,expectation,n. 期待;預期,
日常生活對話,expense,n. 費用;支出;消耗,
教育與學術,experiment,n. 實驗;試驗,
日常生活對話,export,n. 出口,
日常生活對話,expression,n. 表達;表示,
日常生活對話,extreme,"n. 極端,末端",
日常生活對話,fable,n. 寓言,
日常生活對話,factor,n. 因素;要素,
日常生活對話,faint,n. 昏厥,
日常生活對話,fairy,n. 小妖精;仙女,
日常生活對話,faith,"n. 信念;信任,完全信賴",
日常生活對話,fake,n. 冒牌貨;仿造品,
自然與環境,fan,n. 風扇;扇子;迷友,
日常生活對話,fanatic,n. 狂熱者;盲信者,
情緒與性格,fancy,n. 愛好;迷戀;想像;怪念頭,
交通與旅遊,fare,"n. (交通工具的)票價,車(船)費",
日常生活對話,fashion,n. 流行式樣;時尚,
休閒與運動,fate,n. 命運,
日常生活對話,faucet,n. 水龍頭,
日常生活對話,fax,n. 傳真通信,
日常生活對話,feather,n. 羽毛,
日常生活對話,feature,"n. 特徵,特色",
日常生活對話,file,"n. 檔案,案卷",
日常生活對話,firework,n. 煙火,
日常生活對話,fist,n. 拳;掌握;支配,
日常生活對話,flame,n. 火焰;火舌,
飲食與餐飲,flavor,"n. 味,味道",
休閒與運動,flea,n. 跳蚤,
飲食與餐飲,flesh,"n. 肉,肌肉",
休閒與運動,float,n. 漂游物;木筏,
日常生活對話,flock,"n. (飛禽,牲畜等的)群;人群,群眾",
日常生活對話,fold,n. 摺疊,
日常生活對話,folk,n. 人們,
日常生活對話,follower,n. 追隨者;信徒,
日常生活對話,forehead,"n. 額,前額",
日常生活對話,fortune,"n. 財產,財富;巨款",
日常生活對話,fountain,n. 泉水;噴泉;水源,
商務與職場,freeze,"n. 結冰;凝固;(物價,工資等的)凍結",
日常生活對話,friendship,n. 友誼,
飲食與餐飲,fry,n. 炸薯條,
日常生活對話,fund,"n. 資金,基金",
日常生活對話,fur,n. 軟毛;毛皮製品,
居家與生活,furniture,n. 傢俱,
日常生活對話,gallon,n. 加侖,
日常生活對話,gamble,n. 賭博;打賭,
情緒與性格,gang,"n. 一幫,一群;惡少幫",
日常生活對話,gap,"n. 裂口,缺口",
日常生活對話,garlic,n. 大蒜;蒜頭,
日常生活對話,gas,n. 瓦斯;汽油,
日常生活對話,gasoline,n. 汽油,
日常生活對話,gesture,n. 姿勢;表示,
日常生活對話,glance,n. 一瞥;掃視,
日常生活對話,glory,"n. 光榮,榮譽",
日常生活對話,glow,n. 灼熱;光輝,
自然與環境,gossip,"n. 閒話,聊天;流言蜚語",
日常生活對話,governor,n. 州長,
居家與生活,gown,"n. (婦女穿的)長禮服;晨衣,睡袍",
日常生活對話,grab,"n. 攫取,霸佔",
教育與學術,graduate,n. 大學畢業生,
飲食與餐飲,grain,"n. 穀物;(砂,鹽等的)粒,細粒",
日常生活對話,gram,n. 公克,
日常生活對話,grasp,"n. 抓,緊握;抱",
日常生活對話,grasshopper,n. 蚱蜢,
居家與生活,greenhouse,"n. 溫室,暖房",
日常生活對話,grin,n. 露齒的笑,
飲食與餐飲,grocery,n. 食品雜貨; 食品雜貨店,
日常生活對話,guardian,"n. 保護者,守護者;管理員",
日常生活對話,guidance,n. 指導;引導;領導,
飲食與餐飲,gum,n. 口香糖,
日常生活對話,gym,n. 體育館;體育;體操,
居家與生活,gymnasium,n. 體育館;健身房,
日常生活對話,hairdresser,n. 美髮師,
交通與旅遊,hallway,"n. 玄關;門廳,走",
日常生活對話,handful,"n. 少數,少量",
交通與旅遊,harbor,"n. 港灣,海港",
醫療與健康,harm,"n. 損傷,傷害;危害",
日常生活對話,harvest,n. 收穫,
交通與旅遊,hatch,n. (船的)艙口,
日常生活對話,hawk,"n. 鷹,隼",
自然與環境,hay,n. (做飼料用的)乾草,
日常生活對話,headline,n. (報紙等的)標題,
商務與職場,headquarters,"n. 總部,總公司,總局",
日常生活對話,heap,"n. (一)堆,堆積",
自然與環境,heaven,n. 天國;上帝,
日常生活對話,heel,"n. 腳後跟,踵",
日常生活對話,hell,"n. 地獄,冥府",
居家與生活,helmet,n. 盔;頭盔;鋼盔;帽盔;安全帽,
交通與旅遊,hike,n. 徒步旅行,
日常生活對話,hint,n. 暗示,
居家與生活,historian,n. 歷史學家,
居家與生活,hive,n. 蜂房;蜂巢;熱鬧的場所,
日常生活對話,hollow,"n. 洞,穴;坑",
居家與生活,hometown,n. 故鄉;家鄉,
情緒與性格,honesty,n. 誠實,
日常生活對話,honor,n. 榮譽;名譽,
日常生活對話,horn,n. 角;觸角;喇叭,
醫療與健康,horror,"n. 恐怖,震驚,毛骨悚然",
居家與生活,housekeeper,n. 女管家,
日常生活對話,hug,n. 緊抱;擁抱,
日常生活對話,humankind,n. 人類,
日常生活對話,hush,"n. 靜寂,沈默",
居家與生活,hut,n. 小屋;臨時營房,
日常生活對話,ideal,n. 理想,
日常生活對話,identity,n. 身分,
教育與學術,ignorance,"n. 無知,不學無術;愚昧",
休閒與運動,image,n. 肖像影像,
日常生活對話,imagination,n. 想像力;創造力,
商務與職場,import,n. 進口商品,
日常生活對話,individual,n. 個人;個體,
日常生活對話,inferior,n. 次品,
醫療與健康,injury,n. 傷害,
交通與旅遊,inn,"n. 小旅館,客棧",
日常生活對話,inspector,n. 檢查員;視察員;督察員,
教育與學術,instruction,"n. 教學,講授",
日常生活對話,introduction,n. 介紹;正式引見,
居家與生活,inventor,n. 發明家,
醫療與健康,ivory,n. 象牙,
日常生活對話,jail,n. 監獄;拘留所,
日常生活對話,jar,"n. 罐,罈",
日常生活對話,jaw,n. 頜;顎,
飲食與餐飲,jelly,n. 果凍;果醬,
日常生活對話,jet,n. 噴射;噴出物;噴射機,
自然與環境,jewel,n. 寶石,
日常生活對話,jewelry,n. (總稱)珠寶;首飾,
自然與環境,journal,n. 日報;雜誌;期刊;日誌,
交通與旅遊,journey,n. 旅行,
自然與環境,jungle,"n. (熱帶)叢林,密林",
日常生活對話,junk,n. 廢棄的舊物,
日常生活對話,justice,n. 正義;公平,
日常生活對話,kangaroo,n. 袋鼠,
日常生活對話,kettle,n. 水壺,
日常生活對話,keyboard,n. 鍵盤,
日常生活對話,kidney,n. 腎臟,
日常生活對話,kilogram,n. 公斤,
日常生活對話,kilometer,n. 公里,
商務與職場,kit,n. 成套工具;配套元件,
日常生活對話,km,n. kilometer,
交通與旅遊,knight,"n. 騎士,武士;護衛者",
居家與生活,knit,n. 編織衣物,
休閒與運動,knob,n. 球形突出物,
自然與環境,knot,n. 花結;蝴蝶結,
商務與職場,label,n. 貼紙;標籤;商標,
居家與生活,lace,n. 鞋帶;帶子;花邊,
居家與生活,ladder,n. 梯子,
日常生活對話,laughter,n. 笑;笑聲,
居家與生活,laundry,n. 洗衣店;送洗的衣服,
自然與環境,lawn,"n. 草坪,草地",
日常生活對話,leak,"n. (水,瓦斯等的)漏出;漏電",
休閒與運動,leap,"n. 跳,跳躍",
日常生活對話,leather,n. 皮革,
日常生活對話,leisure,"n. 閒暇,空暇時間",
日常生活對話,lens,n. 透鏡;鏡片,
日常生活對話,liar,n. 說謊的人,
日常生活對話,liberty,n. 自由;自由權,
教育與學術,librarian,n. 圖書館員,
日常生活對話,lifeboat,n. 救生艇,
日常生活對話,lifeguard,n. 救生員,
日常生活對話,lifetime,"n. 一生,終身",
日常生活對話,lighthouse,n. 燈塔,
日常生活對話,limb,n. 肢;臂,
居家與生活,linen,"n. 亞麻布製品(如床單,桌巾,內衣等)",
日常生活對話,lipstick,n. 口紅,
日常生活對話,litter,"n. 廢棄物,零亂之物",
日常生活對話,liver,n. 肝臟,
商務與職場,load,n. 裝載;擔子;工作量,
居家與生活,lobby,n. 大廳;門廊,
日常生活對話,lobster,n. 龍蝦,
飲食與餐飲,lollipop,n. 棒棒糖,
日常生活對話,lord,"n. (大寫)上帝,基督",
日常生活對話,loudspeaker,"n. 揚聲器,擴聲器,喇叭",
交通與旅遊,luggage,n. 行李,
日常生活對話,lullaby,"n. 催眠曲,搖籃曲",
日常生活對話,lung,"n. 肺,肺臟",
自然與環境,magnet,"n. 磁鐵,磁石",
日常生活對話,maid,n. 侍女;女僕,
日常生活對話,major,n. 主修,
日常生活對話,majority,"n. 過半數,大多數",
日常生活對話,mall,n. 大規模購物中心,
日常生活對話,management,n. 管理;經營;處理,
商務與職場,manager,n. 經理,
日常生活對話,mankind,n. 人類,
自然與環境,manners,"n. 禮貌;規矩;風俗,習慣",
自然與環境,marble,n. 大理石,
自然與環境,March,n. 三月,
教育與學術,math,n. 數學,
教育與學術,mathematics,n. 數學,
日常生活對話,mayor,"n. 市長,鎮長",
自然與環境,meadow,"n. 草地,牧草地",
日常生活對話,meanwhile,"n. 其時,其間",
交通與旅遊,medal,"n. 獎章,紀念章,勳章",
日常生活對話,media,n. 媒介物;新聞媒介,
商務與職場,medium,n. 中間;中庸;媒體;工具;傳播媒介,
日常生活對話,membership,n. 會員身分,
日常生活對話,mention,"n. 提及,說起",
商務與職場,merchant,n. 商人,
日常生活對話,mess,"n. 混亂,凌亂的狀態",
自然與環境,microphone,n. 麥克風,
日常生活對話,microwave,n. 微波爐,
日常生活對話,might,"n. 力量,威力",
自然與環境,mike,n. 擴音器;麥克風,
居家與生活,mill,n. 磨坊;銑床;銑刀,
日常生活對話,millionaire,n. 百萬富翁,
商務與職場,miner,n. 礦工,
日常生活對話,minor,n. 未成年者;副科,
日常生活對話,minority,n. 少數;少數民族;未成年,
日常生活對話,miracle,n. 奇蹟,
飲食與餐飲,misery,n. 痛苦;不幸;悲慘;窮困,
日常生活對話,missile,"n. 飛彈,導彈",
日常生活對話,mission,"n. 使節團;使命,任務",
日常生活對話,mist,n. 薄霧;噴霧,
日常生活對話,mixture,"n. 混合,混和",
日常生活對話,mob,"n. 暴民,烏合之眾",
自然與環境,moisture,n. 濕氣,
交通與旅遊,monk,n. 修道士;僧侶,
日常生活對話,mood,"n. 心情,心境,情緒",
日常生活對話,mop,n. 拖把,
交通與旅遊,moral,n. 道德;品行,
交通與旅遊,motel,n. 汽車旅館,
休閒與運動,motor,"n. 馬達,發動機",
日常生活對話,murder,"n. 謀殺,兇殺",
飲食與餐飲,muscle,n. 肌;肌肉,
日常生活對話,mushroom,n. 蘑菇,
休閒與運動,musical,n. 歌舞劇;音樂片,
日常生活對話,mystery,"n. 神祕,祕密",
日常生活對話,nanny,n. 保姆,
日常生活對話,nap,n. 打盹兒,
居家與生活,native,"n. 土著,原住民",
日常生活對話,navy,n. 海軍,
日常生活對話,necessity,n. 必需品,
日常生活對話,necktie,n. 領帶,
居家與生活,neighborhood,n. 近鄰,
日常生活對話,nerve,n. 神經,
科技與數位,network,n. 電視網;電腦網絡,
日常生活對話,nickname,"n. 綽號,渾名",
日常生活對話,noble,n. 貴族,
居家與生活,novelist,n. 小說家,
日常生活對話,nun,n. 修女;尼姑,
自然與環境,oak,n. 橡樹,
日常生活對話,occasion,"n. 場合,時刻",
休閒與運動,operator,n. 接線生;運算符號,
日常生活對話,opportunity,n. 機會;良機,
日常生活對話,opposite,n. 對立物,
日常生活對話,origin,n. 起源;由來,
日常生活對話,original,n. 原著;原畫;原版,
日常生活對話,orphan,n. 孤兒,
日常生活對話,outline,n. 外形;輪廓,
居家與生活,overcoat,"n. 外套,大衣",
日常生活對話,ownership,n. 物主身分;所有權,
日常生活對話,pad,"n. 墊,襯墊;護墊;鞍墊",
日常生活對話,pail,n. 桶;提桶,
日常生活對話,pal,n. 伙伴;好友,
日常生活對話,palace,"n. 皇宮,宮殿",
飲食與餐飲,pancake,"n. 薄煎餅,薄烤餅",
情緒與性格,panic,"n. 恐慌,驚慌",
交通與旅遊,parade,"n. 行列,遊行",
休閒與運動,paradise,n. 樂園,
日常生活對話,parcel,"n. 小包,包裹",
交通與旅遊,passage,"n. 通行;走廊,過道",
情緒與性格,passion,"n. 熱情,激情;酷愛",
交通與旅遊,passport,n. 護照;通行證;執照,
日常生活對話,password,n. 密碼;口令;暗語,
日常生活對話,patience,n. 耐心;忍耐;耐性;毅力,
日常生活對話,pause,"n. 暫停,間歇;躊躇,猶豫",
交通與旅遊,pavement,n. 鋪築過的地面;人行道,
日常生活對話,paw,n. 腳爪;爪子,
商務與職場,pay,n. 薪俸;報酬;報償;懲罰,
日常生活對話,pea,n. 豌豆,
日常生活對話,peak,n. 山頂;頂端,
日常生活對話,pearl,n. 珍珠,
飲食與餐飲,peel,"n. (水果,蔬菜等的)皮;(對蝦等的)殼",
日常生活對話,peep,n. 窺視;偷看;一瞥,
日常生活對話,penny,n. 便士;一便士硬幣,
休閒與運動,performance,n. 演出;演奏;表演,
日常生活對話,permission,"n. 允許,許可,同意",
日常生活對話,permit,"n. 許可證,執照",
日常生活對話,personality,"n. 人格,品格",
自然與環境,pest,"n. ,害蟲;有害的植物",
飲食與餐飲,pickle,n. 醃黃瓜等的泡菜;鹽滷,
醫療與健康,pill,"n. 藥丸,藥片;(女用)口服避孕藥",
交通與旅遊,pilot,n. (飛機等的)駕駛員,
自然與環境,pine,n. 松樹,
日常生活對話,pint,n. 品脫(英美容量或液量名),
日常生活對話,pit,"n. 窪坑,凹處;地窖",
情緒與性格,pity,n. 憐憫;同情;憾事,
日常生活對話,plastic,n. 塑膠;塑膠製品;信用卡,
日常生活對話,plenty,n. 豐富;充足;大量,
日常生活對話,plug,"n. 塞子,栓;堵塞物",
日常生活對話,plum,n. 洋李; 梅子,
商務與職場,plumber,"n. 管子工,鉛管工",
日常生活對話,pole,n. 柱;竿,
日常生活對話,politician,n. 政客,
日常生活對話,politics,"n. 黨派關係,手腕,權術",
交通與旅遊,poll,"n. 民意測驗;投票,選舉",
日常生活對話,pony,n. 矮種馬;小馬,
日常生活對話,porcelain,n. 瓷;(總稱)瓷器,
日常生活對話,portion,n. (一)部分,
日常生活對話,portrait,"n. 肖像,畫像;相片",
日常生活對話,postage,"n. 郵資,郵費",
日常生活對話,poster,"n. 招貼,海報,廣告(畫)",
日常生活對話,postponement,n. 延期;延緩,
日常生活對話,pottery,n. 陶器,
日常生活對話,poverty,"n. 貧窮,貧困",
日常生活對話,powder,n. 粉,
日常生活對話,prayer,"n. 祈禱,禱告",
日常生活對話,preparation,"n. 準備,預備",
日常生活對話,pressure,n. 壓力,
日常生活對話,priest,n. 牧師;神父,
日常生活對話,process,"n. 過程,進程",
日常生活對話,product,n. 產品,
商務與職場,profit,"n. 利潤,盈利;收益",
日常生活對話,program,n. 節目,
日常生活對話,proof,n. 證據;物證;證明,
商務與職場,property,"n. 財產,資產",
日常生活對話,proposal,n. 提議;計劃;提案,
日常生活對話,protection,n. 保護,
飲食與餐飲,pub,n. 酒吧,
飲食與餐飲,punch,"n. 一種用酒,果汁,香料等調和的飲料",
日常生活對話,quarrel,n. 爭吵,
日常生活對話,quote,n. 引文;報價,
自然與環境,radar,n. 雷達,
居家與生活,rag,n. 破布;抹布;破爛衣衫,
日常生活對話,raisin,n. 葡萄乾,
日常生活對話,rank,"n. 等級;地位,身分",
日常生活對話,rate,n. 比率;價格,
日常生活對話,ray,n. 光線;輻射線,
日常生活對話,razor,n. 剃刀,
日常生活對話,reaction,"n. 反應,感應",
日常生活對話,receipt,"n. 收據,收條",
日常生活對話,receiver,"n. 受領人;收件人,收款人",
休閒與運動,recorder,n. 錄影機;錄音機,
情緒與性格,regret,"n. 懊悔,悔恨;抱歉,遺憾;哀悼",
日常生活對話,release,"n. 發行,發表;釋放,解放",
日常生活對話,relief,"n. 緩和,減輕;解除",
教育與學術,religion,n. 宗教;宗教信仰,
居家與生活,rent,"n. 租金,租費",
日常生活對話,repair,n. 修理,
日常生活對話,replacement,n. 取代;接替,
日常生活對話,representative,"n. 代表,代理人",
日常生活對話,republic,n. 共和國;共和政體,
日常生活對話,request,"n. 要求,請求",
日常生活對話,reserve,n. 儲備(物);儲備金;保留(物);儲藏量,
日常生活對話,resource,"n. 資源;物力,財力",
日常生活對話,response,n. 回答;答覆,
日常生活對話,responsibility,n. 責任,
日常生活對話,ribbon,n. 緞帶;絲帶,
日常生活對話,riddle,"n. 謎,謎語",
自然與環境,risk,"n. 危險,風險",
情緒與性格,roar,"n. 吼,嘯;怒號;喧鬧聲",
飲食與餐飲,roast,n. 烘烤;烤肉,
日常生活對話,robber,"n. 搶劫者,強盜",
日常生活對話,robbery,n. 搶劫;盜取;搶劫案,
居家與生活,robe,"n. 長袍,浴衣,睡袍;學士服",
日常生活對話,rocket,"n. 飛彈,火箭",
情緒與性格,romantic,n. 浪漫的人;愛幻想者,
日常生活對話,rot,"n. 腐爛,腐壞;腐敗,墮落",
自然與環境,rough,n. 高低不平的地面;粗製品;梗概;草圖,
日常生活對話,routine,n. 例行公事,
居家與生活,rug,n. 小地毯;毛皮地毯,
日常生活對話,rumor,"n. 謠言,謠傳",
日常生活對話,rust,"n. 鏽,鐵鏽",
日常生活對話,sack,n. 袋;粗布袋,
日常生活對話,sake,n. 理由;緣故;利益,
日常生活對話,saucer,n. 淺碟,
日常生活對話,sausage,"n. 香腸,臘腸",
商務與職場,saving,"n. 挽救;節儉,節約;儲金",
日常生活對話,scale,n. 尺度;等級;級別,
自然與環境,scarecrow,n. 稻草人;威嚇物,
居家與生活,scarf,n. 圍巾,
日常生活對話,scatter,n. 消散;分散,
教育與學術,schedule,n. 清單;目錄;時間表;課程表,
教育與學術,scholar,n. 學者,
教育與學術,scholarship,n. 獎學金,
日常生活對話,scoop,n. 勺子;戽斗,
日常生活對話,scout,n. 斥候;童子軍,
日常生活對話,scream,n. 尖叫;尖銳刺耳的聲音,
日常生活對話,screw,"n. 螺釘,螺絲釘",
居家與生活,scrub,"n. 擦洗,擦淨",
日常生活對話,seal,"n. 圖章,印信;封(印)",
日常生活對話,security,"n. 安全;保安;保障;證券,債券證券,債券",
日常生活對話,separation,n. 分開;分離,
日常生活對話,sex,n. 性別;色情;性交;性慾;性感,
日常生活對話,shade,n. 蔭;陰涼處;陰暗,
休閒與運動,shadow,n. 蔭;陰暗處;影子,
日常生活對話,shame,"n. 羞恥(心),羞愧(感)",
居家與生活,shampoo,n. 洗髮精,
日常生活對話,shave,"n. 剃刀,刮鬍刀;修面",
日常生活對話,shepherd,n. 牧羊人,
日常生活對話,shovel,"n. 鏟子,鐵鍬",
自然與環境,sigh,"n. 嘆氣,嘆息",
日常生活對話,signal,n. 信號;暗號;交通指示燈,
日常生活對話,similarity,n. 類似;相似,
情緒與性格,sin,"n. 罪孽,罪惡",
日常生活對話,sip,n. 一小口,
日常生活對話,situation,"n. 處境,境遇",
居家與生活,skate,n. 冰鞋,
自然與環境,ski,n. 滑雪屐,
日常生活對話,skip,n. 省略,
自然與環境,skyscraper,n. 摩天樓,
日常生活對話,slave,n. 奴隸,
日常生活對話,sleeve,n. 袖子;袖套,
日常生活對話,slice,n. 薄片,
日常生活對話,slope,n. 傾斜;坡度,
日常生活對話,snap,n. 猛咬;突然折斷;劈啪聲;快照;活力,
醫療與健康,sore,"n. 痛處;瘡,潰瘍;傷心事",
醫療與健康,sorrow,"n. 悲痛,悲哀,悲傷,憂傷",
日常生活對話,spade,n. 鏟;鍬,
飲食與餐飲,spaghetti,n. 義大利麵條,
飲食與餐飲,spice,"n. 香料,調味品;少許,一點",
日常生活對話,spill,n. 溢出;濺出;散落,
日常生活對話,spin,n. 旋轉;自旋,
日常生活對話,spit,"n. 唾液,口水",
情緒與性格,spite,"n. 惡意,心術不良",
日常生活對話,splash,n. 濺潑聲,
醫療與健康,sprain,n. 扭傷,
自然與環境,spray,n. 浪花;噴霧,
自然與環境,sprinkle,n. 稀疏小雨,
日常生活對話,spy,n. 間諜,
日常生活對話,squeeze,n. 榨;壓榨,
醫療與健康,stab,"n. 刺,戳;刺破的傷口",
休閒與運動,stadium,"n. 體育場,運動場;球場;競技場",
商務與職場,staff,n. (全體)職員;幕僚,
日常生活對話,stare,"n. 凝視,注視",
日常生活對話,statue,"n. 雕像,塑像",
日常生活對話,steady,n. (關係確定的)情侶;固定支架,
日常生活對話,stepchild,n. 繼子(或繼女),
日常生活對話,stepfather,"n. 繼父,後父",
日常生活對話,stepmother,"n. 繼母,後母",
日常生活對話,stereo,n. 立體音響裝置,
醫療與健康,sting,n. 螫針;刺,
休閒與運動,stir,"n. 撥動,攪拌",
醫療與健康,stitch,n. 一針;(縫合傷口的)針線;針法,
居家與生活,stocking,n. 長襪,
飲食與餐飲,stomach,n. 胃,
日常生活對話,stool,n. 凳子;擱腳凳;解大便,
日常生活對話,strategy,"n. 策略,計謀",
自然與環境,strength,"n. 力量,力氣",
居家與生活,strip,"n. 條,帶;脫衣舞",
日常生活對話,structure,n. 結構;構造;建築物,
商務與職場,studio,"n. 工作室,畫室;雕塑室;照相館",
日常生活對話,stuff,"n. 材料,原料;物品",
自然與環境,style,n. 時尚;風格;文體,
日常生活對話,substance,n. 物質;主旨;要義,
日常生活對話,suburb,n. 郊區,
飲食與餐飲,suck,"n. 吸吮,吸食;一口",
日常生活對話,suicide,"n. 自殺,自殺行為",
日常生活對話,sum,"n. 總和,總計",
日常生活對話,summary,"n. 總結,摘要",
商務與職場,summit,n. 頂峰;最高級會議,
日常生活對話,superior,n. 上司;長官,
日常生活對話,survey,n. 調查;調查報告,
日常生活對話,survival,n. 倖存;殘存,
日常生活對話,survivor,"n. 倖存者,生還者",
日常生活對話,suspect,n. 嫌疑犯;可疑分子,
日常生活對話,suspicion,"n. 懷疑,疑心,猜疑",
日常生活對話,sweat,"n. 汗,汗水",
日常生活對話,swell,"n. 鼓起,膨脹",
日常生活對話,switch,"n. 開關,電閘",
日常生活對話,sword,"n. 劍,刀",
科技與數位,system,n. 系統,
醫療與健康,tablet,n. 藥片;小片,
日常生活對話,tack,n. 大頭釘;圖釘,
日常生活對話,tag,n. 標籤,
日常生活對話,tailor,n. 裁縫師,
日常生活對話,tap,n. 龍頭;竊聽器,
商務與職場,tax,n. 稅;稅金,
休閒與運動,tease,n. 戲弄;賣弄風騷的女孩,
科技與數位,technique,n. 技巧;技術,
商務與職場,technology,n. 工藝學;工藝,
自然與環境,temper,n. 情緒;脾氣;暴躁,
日常生活對話,temperature,n. 溫度,
自然與環境,territory,"n. 領土,版圖",
日常生活對話,text,"n. 正文,本文",
教育與學術,theory,n. 學說;論說,
日常生活對話,thirst,"n. 渴,口渴",
日常生活對話,thread,n. 線,
情緒與性格,threat,"n. 威脅,恐嚇",
日常生活對話,tickle,n. 呵癢;癢感;使人癢的東西,
日常生活對話,tide,n. 潮汐;潮水,
自然與環境,timber,n. 木材;樹林,
居家與生活,tissue,n. 紙巾;面紙;(動植物的)組織[,
自然與環境,tobacco,n. 菸草;煙葉,
日常生活對話,ton,n. 噸,
日常生活對話,tortoise,"n. 陸龜;龜,烏龜",
日常生活對話,toss,n. 擲幣賭勝負,
交通與旅遊,tourism,"n. 旅遊,觀光",
交通與旅遊,tourist,"n. 旅遊者,觀光者",
交通與旅遊,tow,"n. 拖,拉;牽引;拖輪;拖曳車",
日常生活對話,trace,n. 蹤跡,
商務與職場,trader,n. 商人;交易人,
日常生活對話,trail,"n. 拖曳物,尾部",
商務與職場,transport,n. 交通工具,
居家與生活,trash,n. 垃圾,
交通與旅遊,traveler,n. 旅客;遊客,
日常生活對話,tray,"n. 盤子,托盤",
日常生活對話,tremble,"n. 震顫,發抖",
日常生活對話,trend,"n. 趨勢,傾向;時尚",
日常生活對話,tribe,n. 部落;種族,
日常生活對話,troop,"n. 軍隊,部隊",
醫療與健康,trunk,n. 樹幹;大血管,
居家與生活,tub,n. 浴缸,
日常生活對話,tug,"n. 牽引,拖曳",
日常生活對話,tulip,n. 鬱金香,
日常生活對話,tumble,n. 跌跤;墜落,
日常生活對話,tummy,n. 肚子,
日常生活對話,tune,n. 曲調;歌曲,
居家與生活,tutor,n. 家庭教師,
日常生活對話,twig,n. 細枝;嫩枝,
日常生活對話,twin,n. 孿生兒,
醫療與健康,twist,n. 扭傷;曲解,
日常生活對話,typewriter,n. 打字機,
商務與職場,union,n. 工會;結合,
日常生活對話,unity,n. 整體;一貫性,
日常生活對話,universe,n. 宇宙,
日常生活對話,upset,n. 翻倒;傾覆,
交通與旅遊,van,n. 有蓋小貨車,
日常生活對話,variety,"n. 多樣化,變化",
自然與環境,vase,n. 花瓶,
交通與旅遊,vehicle,n. 車輛;飛行器;傳播媒介;工具,
日常生活對話,verse,n. 詩;韻文,
日常生活對話,vest,n. 背心,
教育與學術,vice-president,n. 副(總統、校長、總裁等),
日常生活對話,victim,n. 受害者,
日常生活對話,violence,n. 暴力行為,
日常生活對話,violet,n. 紫蘿蘭,
日常生活對話,vision,n. 視力;視覺;洞察力,
日常生活對話,vitamin,n. 維他命,
日常生活對話,volume,"n. 卷,冊",
情緒與性格,wag,n. 搖擺; 愛說笑打趣的人,
商務與職場,wage,n. 薪水;報酬,
商務與職場,wages,n. 代價;報償;工資總額,
交通與旅遊,wagon,n. 運貨馬車,
交通與旅遊,wander,n. 遊蕩;徘徊,
日常生活對話,warmth,n. 溫暖;親切;熱情,
日常生活對話,wax,n. 蠟;蜂蠟;耳垢,
日常生活對話,wealth,n. 財富;大量,
日常生活對話,weave,"n. 織法,編法",
日常生活對話,web,n. 蜘蛛網;網狀物,
自然與環境,weed,n. 雜草;野草,
日常生活對話,weep,n. 哭泣,
日常生活對話,wheat,n. 小麥,
日常生活對話,whip,n. 抽打;拍擊,
日常生活對話,whistle,n. 口哨;警笛,
日常生活對話,willow,n. 柳,
日常生活對話,wink,n. 眨眼;瞬間,
日常生活對話,wipe,"n. 擦,揩",
日常生活對話,wisdom,"n. 智慧,才智;名言",
日常生活對話,wrap,n. 覆蓋物,
日常生活對話,wrist,n. 手腕,
日常生活對話,X-ray,n. X光照片,
日常生活對話,yawn,n. 呵欠,
日常生活對話,yell,n. 叫喊;吼叫;歡呼,
飲食與餐飲,yolk,n. 蛋黃,
日常生活對話,youngster,n. 年輕人,
日常生活對話,zipper,n. 拉鍊,
日常生活對話,zone,n. 地區;時區;(地)層,
日常生活對話,absolute,adj. 絕對的;完全的,
日常生活對話,abstract,adj. 抽象的,
教育與學術,academic,adj. 學術的,
日常生活對話,accidental,adj. 偶然的;意外的,
飲食與餐飲,acid,adj. 酸性的;有酸味的,
日常生活對話,adequate,adj. 足夠的,
日常生活對話,admirable,adj. 值得讚揚的;絕妙的,
日常生活對話,aggressive,"adj. 好鬥的,挑釁的;有進取精神的",
日常生活對話,agreeable,adj. 欣然贊同的,
情緒與性格,alert,adj. 警惕的;機敏的,
日常生活對話,amateur,adj. 業餘的;外行的,
日常生活對話,ambitious,adj. 有野心的,
日常生活對話,annual,adj. 一年一次的;每年的,
情緒與性格,anxious,"adj. 焦慮的,掛念的",
日常生活對話,appropriate,"adj. 適當的,恰當的",
商務與職場,artificial,adj. 人工的,
休閒與運動,artistic,adj. 藝術的,
日常生活對話,ashamed,adj. 羞愧的,
日常生活對話,associate,adj. 夥伴的;共事的;副的;聯合的,
休閒與運動,athletic,"adj. 運動的,體育的;行動敏捷的",
日常生活對話,atomic,adj. 原子的,
日常生活對話,audio,"adj. 聽覺的,聲音的",
日常生活對話,awkward,adj. 笨拙的;尷尬的,
日常生活對話,bald,adj. 禿頭的,
日常生活對話,bankrupt,adj. 破產的;已完全失敗的,
日常生活對話,broke,adj. 一文不名的;破了產的,
日常生活對話,brutal,adj. 野蠻的;粗暴的,
日常生活對話,characteristic,"adj. 特有的,獨特的",
日常生活對話,circular,adj. 圓形的;環形的,
日常生活對話,civilian,adj. 百姓的;民用的,
日常生活對話,clumsy,adj. 笨拙的,
日常生活對話,coarse,"adj. 粗的,粗糙的",
日常生活對話,comic,adj. 滑稽的,
日常生活對話,competitive,adj. 競爭的,
日常生活對話,concrete,adj. 具體的,
日常生活對話,consequent,adj. 隨之發生的,
日常生活對話,conservative,"adj. 保守的,守舊的",
日常生活對話,consistent,"adj. 始終如一的,前後一致的",
日常生活對話,constructive,adj. 建設性的;積極的;有助益的,
情緒與性格,content,adj. 滿意的;甘願的,
日常生活對話,continual,"adj. 不間斷的,連續的",
日常生活對話,continuous,"adj. 連續的,不斷的",
日常生活對話,contrary,"adj. 相反的,對立的",
日常生活對話,conventional,"adj. 習慣的,慣例的",
日常生活對話,cooperative,adj. 合作的;合作社的,
日常生活對話,copper,adj. 紅銅色的,
日常生活對話,counter,adj. 相反的;反對的;對立的,
情緒與性格,courageous,"adj. 英勇的,勇敢的",
日常生活對話,courteous,adj. 有禮貌的,
日常生活對話,critical,"adj. 緊要的,關鍵性的,危急的",
日常生活對話,cunning,"adj. 狡猾的,奸詐的",
自然與環境,damp,adj. 有濕氣的;潮濕的,
日常生活對話,defensible,adj. 可防禦的;可辯護的,
日常生活對話,defensive,adj. 防禦的,
日常生活對話,definite,"adj. 明確的,確切的",
日常生活對話,delicate,adj. 易碎的;嬌貴的,
日常生活對話,delightful,"adj. 令人愉快的,令人高興的",
日常生活對話,dense,"adj. 密集的,稠密的",
日常生活對話,dependable,adj. 可靠的;可信任的,
日常生活對話,dependent,adj. 依靠的;依賴的,
日常生活對話,desperate,adj. 極度渴望的,
日常生活對話,detective,adj. 偵查用的;探測用的,
日常生活對話,digital,adj. 數字的,
日常生活對話,distinct,adj. 與其他不同的,
日常生活對話,distinguished,adj. 卓越的;著名的,
自然與環境,divine,"adj. 神授的,天賜的",
醫療與健康,dominant,"adj. 佔優勢的,支配的,統治的",
日常生活對話,durable,"adj. 經久的,耐用的",
日常生活對話,dusty,adj. 滿是灰塵的,
休閒與運動,dynamic,adj. 動態的,
情緒與性格,earnest,adj. 誠摯的;熱心的,
教育與學術,economic,adj. 經濟上的;經濟學的,
商務與職場,economical,"adj. 經濟的,節約的",
日常生活對話,elastic,"adj. 有彈性的,有彈力的",
日常生活對話,elegant,"adj. 優美的,漂亮的",
日常生活對話,elementary,"adj. 基本的;初級的,基礎的",
休閒與運動,emotional,adj. 易動情的,
日常生活對話,enormous,adj. 巨大的,
情緒與性格,envious,adj. 嫉妒的;羨慕的,
日常生活對話,essential,adj. 必要的;實質的,
飲食與餐飲,eventual,adj. 最後的;結果的,
日常生活對話,evident,adj. 明顯的;明白的,
教育與學術,experimental,adj. 實驗性的;試驗性的,
飲食與餐飲,explosive,adj. 爆炸(性)的;爆發性的,
日常生活對話,facial,adj. 臉的;面部的,
情緒與性格,faithful,adj. 忠實的;忠誠的,
日常生活對話,fantastic,adj. 奇妙的,
日常生活對話,fatal,adj. 致命的,
日常生活對話,favorable,adj. 適合的,
自然與環境,fertile,"adj. (土地)肥沃的,富饒的;受精的",
日常生活對話,fierce,adj. 兇猛的;殘酷的,
日常生活對話,financial,adj. 財政的;金融的,
日常生活對話,flexible,adj. 可彎曲的;可變通的,
日常生活對話,fluent,"adj. 流利的,流暢的",
休閒與運動,fortunate,"adj. 幸運的,僥倖的",
自然與環境,fossil,adj. 化石的;守舊的,
日常生活對話,fragrant,adj. 香的,
日常生活對話,functional,adj. 機能的;實用的,
日常生活對話,fundamental,adj. 基礎的;根本的,
情緒與性格,furious,adj. 狂怒的,
日常生活對話,genuine,adj. 真的;非偽造的,
自然與環境,gifted,"adj. 有天資的,有天賦的",
日常生活對話,gigantic,"adj. 巨大的,龐大的",
日常生活對話,glorious,"adj. 壯觀的,壯麗的",
日常生活對話,graceful,"adj. 優美的,雅緻的",
日常生活對話,gracious,adj. 親切的;和藹的,
日常生活對話,grammatical,adj. 文法的;合乎文法的,
日常生活對話,grateful,"adj. 感謝的,感激的",
日常生活對話,grave,"adj. 嚴重的;嚴肅的,認真的",
日常生活對話,greasy,adj. 油膩的,
日常生活對話,guilty,adj. 有罪的,
日常生活對話,habitual,adj. 習以為常的,
日常生活對話,harsh,adj. 粗糙的,
醫療與健康,healthful,adj. 有益於健康的,
日常生活對話,honorable,adj. 可尊敬的,
日常生活對話,hopeful,adj. 抱有希望的,
日常生活對話,identical,adj. 完全相同的,
日常生活對話,idle,adj. 無所事事的,
教育與學術,ignorant,"adj. 無知的,不學無術的",
日常生活對話,imaginable,adj. 能想像的,
日常生活對話,imaginary,adj. 虛構的;幻想的,
日常生活對話,imaginative,adj. 虛構的;幻想的,
休閒與運動,influential,adj. 有影響的,
教育與學術,informative,adj. 教育性的;有益的,
日常生活對話,initial,"adj. 開始的,最初的",
日常生活對話,intellectual,adj. 智力的,
日常生活對話,intelligent,adj. 有才智的,
日常生活對話,intense,"adj. 強烈的,劇烈的",
日常生活對話,intensive,adj. 加強的;密集的,
日常生活對話,intermediate,"adj. 中等程度的,中級的",
日常生活對話,intimate,"adj. 親密的,熟悉的",
日常生活對話,junior,adj. 年紀較輕的;資淺的三年級(生)的,
情緒與性格,keen,adj. 熱心的;敏銳的;渴望的,
日常生活對話,lawful,adj. 合法的,
日常生活對話,lean,adj. 精瘦的;貧乏的,
教育與學術,learned,"adj. 有學問的,博學的;精通的",
日常生活對話,leisurely,"adj. 從容不迫的,悠閒的",
教育與學術,literary,"adj. 文學的,文藝的",
日常生活對話,logical,adj. 合邏輯的;合理的,
居家與生活,lousy,adj. 不潔的;卑鄙的;討厭的,
情緒與性格,loyal,"adj. 忠誠的,忠心的",
自然與環境,lunar,adj. 月的;陰曆的,
日常生活對話,luxurious,adj. 奢侈的;驕奢淫逸的,
日常生活對話,magnetic,adj. 磁鐵的;磁性的,
日常生活對話,magnificent,"adj. 壯麗的,宏偉的",
日常生活對話,manual,adj. 用手操作的,
日常生活對話,maximum,adj. 最大限度的,
科技與數位,mechanical,adj. 機械的,
日常生活對話,memorable,adj. 值得懷念的;難忘的,
日常生活對話,memorial,adj. 追悼的;記憶的,
日常生活對話,mere,"adj. 僅僅的,只不過的",
日常生活對話,messy,adj. 混亂的,
情緒與性格,mild,"adj. 溫和的,溫柔的",
日常生活對話,minimum,"adj. 最小的,最少的",
情緒與性格,miserable,adj. 悽慘的;悲哀的,
日常生活對話,moderate,"adj. 中等的,適度的",
日常生活對話,modest,adj. 審慎的;適度的,
自然與環境,monthly,adj. 每月的;每月一次的,
日常生活對話,mountainous,adj. 多山的;巨大的,
自然與環境,muddy,adj. 多爛泥的;泥濘的,
日常生活對話,multiple,adj. 複合的;多樣的,
日常生活對話,mutual,adj. 相互的;共同的,
日常生活對話,mysterious,adj. 神祕的;不可思議的,
日常生活對話,nearsighted,adj. 近視的,
日常生活對話,needy,adj. 貧窮的,
日常生活對話,nuclear,adj. 原子能的;細胞核的,
日常生活對話,numerous,"adj. 許多的,很多的",
日常生活對話,obedient,"adj. 服從的,順從的",
日常生活對話,objective,adj. 客觀的,
日常生活對話,occasional,"adj. 偶爾的,非經常的",
日常生活對話,offensive,"adj. 冒犯的,唐突的",
日常生活對話,oral,"adj. 口頭的,口述的;口部的",
日常生活對話,organic,adj. 有機的,
日常生活對話,outstanding,adj. 傑出的;未償付的,
日常生活對話,oval,adj. 卵形的;橢圓形的,
日常生活對話,overnight,adj. 通宵;整夜,
日常生活對話,partial,"adj. 部分的,局部的;不完全的",
休閒與運動,passive,adj. 被動的;消極的,
日常生活對話,peculiar,adj. 奇怪的;乖癖的,
日常生活對話,permanent,"adj. 永久的,永恆的;永遠的",
日常生活對話,persuasive,adj. 有說服力的,
情緒與性格,pessimistic,adj. 悲觀的,
教育與學術,philosophical,adj. 哲學的,
教育與學術,physical,adj. 身體的;物理學的,
日常生活對話,plentiful,"adj. 豐富的,充足的;多的",
日常生活對話,plural,adj. 複數的,
醫療與健康,poisonous,adj. 有毒的;有害的,
日常生活對話,portable,adj. 手提式的;輕便的,
日常生活對話,precise,adj. 精確的;準確的,
日常生活對話,preferable,"adj. 更可取的,更合意的",
日常生活對話,pregnant,adj. 懷孕的,
日常生活對話,prime,adj. 最初的;原始的;基本的,
日常生活對話,primitive,adj. 原始的;遠古的;早期的,
日常生活對話,productive,"adj. 生產的,生產性的",
商務與職場,professional,adj. 職業性的,
日常生活對話,profitable,adj. 有利的,
日常生活對話,prominent,"adj. 卓越的,著名的",
日常生活對話,promising,"adj. 有希望的,有前途的",
情緒與性格,prompt,"adj. 敏捷的;即時的,即期的",
日常生活對話,prosperous,"adj. 興旺的,繁榮的,昌盛的",
醫療與健康,psychological,"adj. 心理的,精神的",
日常生活對話,realistic,adj. 現實的,
日常生活對話,relative,adj. 有關的;相對的,
日常生活對話,reluctant,adj. 不情願的;勉強的,
日常生活對話,remarkable,adj. 非凡的;卓越的,
日常生活對話,respectable,adj. 值得尊敬的;體面的,
日常生活對話,respectful,adj. 恭敬的;尊敬人的,
日常生活對話,revolutionary,adj. 革命的,
日常生活對話,rural,adj. 農村的;田園的,
日常生活對話,senior,adj. 年資較深的;四年級生的,
日常生活對話,severe,adj. 嚴重的;劇烈的,
日常生活對話,shameful,"adj. 可恥的,丟臉的",
日常生活對話,shortsighted,"adj. 近視的;目光短淺的,缺乏遠見的",
日常生活對話,singular,adj. 單數的;獨個的,
日常生活對話,slight,adj. 輕微的;微小的,
自然與環境,solar,adj. 太陽的;日光的,
醫療與健康,sorrowful,adj. 悲傷的;令人傷心的,
日常生活對話,spare,"adj. 多餘的,剩下的;空閒的",
飲食與餐飲,spicy,adj. 辛辣的;痛快的,
居家與生活,spiritual,adj. 心靈的;崇高純潔的,
日常生活對話,splendid,adj. 燦爛的;傑出的,
自然與環境,stingy,adj. 小氣的,
日常生活對話,submarine,adj. 海底的,
日常生活對話,suspicious,"adj. 猜疑的,疑心的;多疑的",
情緒與性格,sympathetic,adj. 同情的;有同情心的,
科技與數位,systematic,adj. 有系統的;成體系的,
商務與職場,technological,"adj. 技術(學)的,工藝(學)的",
日常生活對話,tense,adj. 繃緊的,
日常生活對話,thorough,adj. 徹底的;完全的,
教育與學術,thoughtful,adj. 考慮周到的,
日常生活對話,timid,adj. 膽小的;羞怯的,
日常生活對話,tiresome,adj. 令人厭倦的,
日常生活對話,tolerable,adj. 可忍受的;可容忍的,
日常生活對話,tolerant,"adj. 忍受的,容忍的",
日常生活對話,tough,"adj. 堅韌的,牢固的;頑固的;棘手的",
情緒與性格,tragic,"adj. 悲慘的,不幸的",
情緒與性格,tremendous,"adj. 巨大的;極度的,驚人的",
日常生活對話,tribal,adj. 部落的;種族的,
情緒與性格,troublesome,"adj. 麻煩的,棘手的",
日常生活對話,unique,adj. 獨特的,
日常生活對話,universal,adj. 宇宙的;通用的,
日常生活對話,urban,adj. 城市的,
日常生活對話,urgent,"adj. 緊急的,急迫的",
情緒與性格,vain,adj. 愛虛榮的;徒然的,
日常生活對話,vast,"adj. 廣闊的,浩瀚的;非常的",
日常生活對話,very,adj. 正是;恰好是;僅僅,
日常生活對話,virgin,adj. 未玷污的,
教育與學術,visual,adj. 視力的;光學的,
日常生活對話,vital,adj. 充滿活力的;致命的,
日常生活對話,voluntary,adj. 自願的,
日常生活對話,weekly,adj. 每週的;一週一次的,
日常生活對話,yearly,adj. 每年的;按年的,
日常生活對話,youthful,adj. 年輕的;富青春活力的,
日常生活對話,abandon,v. 放棄,
自然與環境,absorb,"v. 吸收(液體,氣體,光,聲等)",
日常生活對話,access,v. 取出(資料);使用;接近,
日常生活對話,accompany,v. 陪同;伴隨,
日常生活對話,accomplish,v. 完成;實現;達到,
日常生活對話,accuse,v. 指控,
日常生活對話,acquaint,v. 使認識;使熟悉,
日常生活對話,acquire,v. 取得;獲得,
日常生活對話,adapt,v. 使適應;使適合,
教育與學術,adjust,v. 校準;調整;適應,
日常生活對話,alert,v. 向...報警;使警覺,
日常生活對話,amuse,v. 逗...高興,
日常生活對話,analyze,v. 分析,
自然與環境,annoy,"v. 惹惱,使生氣;使煩惱",
交通與旅遊,apologize,v. 道歉,
日常生活對話,appoint,"v. 任命,指派",
日常生活對話,arch,"v. 使成弧形,拱起",
日常生活對話,arise,v. 升起,
休閒與運動,arouse,v. 喚起;激動;叫醒,
日常生活對話,assemble,"v. 集合,召集",
日常生活對話,assign,"v. 分配,分派",
日常生活對話,associate,"v. 聯想,把...聯想在一起",
日常生活對話,assume,v. 假定,
日常生活對話,assure,"v. 向...保證,擔保",
日常生活對話,attach,"v. 裝上,貼上;使附屬",
日常生活對話,await,"v. 等候,期待",
交通與旅遊,backpack,v. 把...放入背包; 背負簡便行李旅行,
日常生活對話,bankrupt,v. 使破產;使赤貧,
日常生活對話,bargain,v. 討價還價,
日常生活對話,blend,v. 使混和,
日常生活對話,blink,v. 眨眼睛;閃爍,
自然與環境,bloom,v. 開花;興盛,
自然與環境,blossom,v. 開花;發展成,
日常生活對話,blush,v. 臉紅,
日常生活對話,boast,v. 吹牛;誇耀,
日常生活對話,bond,v. 以...作抵押;使...黏合,
日常生活對話,bounce,"v. 彈起,彈回",
日常生活對話,breed,"v. 使繁殖,飼養",
飲食與餐飲,broil,v. 烤;炙,
日常生活對話,calculate,v. 計算,
日常生活對話,campaign,v. 參加競選,
日常生活對話,carve,"v. 刻,雕刻",
日常生活對話,catalog,v. 將...編入目錄,
日常生活對話,catalogue,"v. 為...編目;登記,記載",
日常生活對話,cease,"v. 停止,終止",
日常生活對話,cement,"v. 黏緊,黏牢",
情緒與性格,cherish,v. 撫育;愛護,
自然與環境,chirp,v. 鳥發啾聲;蟲發唧聲;人嘁喳說話,
日常生活對話,circulate,v. 流通;發行,
日常生活對話,clarify,v. 澄清;闡明,
日常生活對話,clash,v. 砰地相碰撞,
日常生活對話,classify,v. 將...分類,
日常生活對話,climax,v. 使達到頂點(或高潮),
日常生活對話,code,v. 為...編碼,
日常生活對話,collapse,v. 倒塌,
日常生活對話,comment,v. 評論,
日常生活對話,commit,"v. 使作出保證;犯(罪),做(錯事等)",
日常生活對話,complicate,v. 使複雜化,
日常生活對話,compose,"v. 作(詩,曲等);構(圖)",
日常生活對話,concentrate,v. 濃縮;全神貫注,
日常生活對話,concrete,v. 使凝固;使結合,
日常生活對話,confess,"v. 坦白,供認,承認",
日常生活對話,confine,v. 限制;使局限,
日常生活對話,congratulate,v. 祝賀;恭禧,
日常生活對話,conquer,v. 克服;征服,
日常生活對話,consist,"v. 組成,構成",
日常生活對話,constitute,"v. 構成,組成",
日常生活對話,construct,"v. 建造,構成",
商務與職場,consult,v. 與...商量,
自然與環境,consume,"v. 消耗,花費;耗盡",
日常生活對話,content,v. 使滿足,
日常生活對話,contest,"v. 競爭,角逐;爭辯",
日常生活對話,contrast,"v. 使對比,使對照",
日常生活對話,contribute,"v. 捐獻,捐助;貢獻,出力",
日常生活對話,converse,"v. 交談,談話",
休閒與運動,convey,v. 運送;傳達,
日常生活對話,convince,v. 使信服;說服,
日常生活對話,cooperate,"v. 合作,協作;(事物)配合",
日常生活對話,cope,v. 競爭,
居家與生活,cork,v. 用軟木塞塞住;抑制,
日常生活對話,correspond,"v. 符合,一致",
日常生活對話,counter,v. 反對;反擊,
日常生活對話,crack,v. 砸開,
日常生活對話,cram,v. 把...塞滿;死記硬背,
日常生活對話,cripple,v. 使成跛子;使殘廢,
日常生活對話,criticize,v. 批評;批判;苛求,
日常生活對話,crush,"v. 壓碎,壓壞",
日常生活對話,cube,v. 使成立方形;切成小方塊,
日常生活對話,cue,v. 給...暗示,
日常生活對話,curl,v. 使(頭髮)捲曲,
日常生活對話,curse,"v. 詛咒,咒罵",
日常生活對話,curve,v. 使彎曲;使成曲線,
日常生活對話,cushion,v. 緩和...的衝擊,
日常生活對話,damn,"v. 罵...該死,咒罵",
情緒與性格,damp,v. 使潮濕;使沮喪;抑制,
日常生活對話,declare,"v. 宣佈,宣告",
日常生活對話,decrease,v. 減少,
日常生活對話,defeat,"v. 戰勝,擊敗",
日常生活對話,defend,v. 防禦;保衛;保護,
日常生活對話,delight,v. 使高興,
日常生活對話,demand,"v. 要求,請求",
日常生活對話,demonstrate,"v. 示範操作(產品),展示",
交通與旅遊,depart,"v. 起程,出發;離開,離去",
情緒與性格,depress,v. 使沮喪,
日常生活對話,deserve,"v. 應受,該得",
日常生活對話,devise,v. 設計;發明,
日常生活對話,devote,v. 將...奉獻,
日常生活對話,differ,"v. 不同,相異",
飲食與餐飲,digest,v. 消化(食物),
日常生活對話,disadvantage,v. 使處於不利地位,
日常生活對話,discipline,v. 懲戒,
日常生活對話,disconnect,v. 切斷(電話、電源等),
自然與環境,discourage,"v. 使洩氣,使沮喪",
日常生活對話,disguise,"v. 掩飾,隱瞞",
日常生活對話,disgust,v. 使作嘔,
日常生活對話,dismiss,"v. 解散,遣散;解雇;開除",
日常生活對話,disorder,v. 使混亂;擾亂,
日常生活對話,dispute,v. 爭論;爭執,
日常生活對話,distinguish,v. 區別;識別,
日常生活對話,distribute,v. 分發;分配,
日常生活對話,disturb,"v. 妨礙,打擾",
日常生活對話,divorce,"v. 與...離婚,使離婚",
醫療與健康,dominate,"v. 支配,統治,控制",
日常生活對話,download,v. 下載,
日常生活對話,doze,"v. 打瞌睡,打盹",
自然與環境,draft,v. 起草;設計,
情緒與性格,dread,v. 懼怕;擔心,
日常生活對話,drift,"v. 漂,漂流",
日常生活對話,drill,v. 鑽(孔);在...上鑽孔,
日常生活對話,dye,v. 把...染上顏色,
日常生活對話,eliminate,"v. 排除,消除",
日常生活對話,email,v. electronic mail,
科技與數位,e-mail,v. 傳送電子郵件,
日常生活對話,embarrass,v. 使困窘,
日常生活對話,emerge,v. 浮現;出現,
居家與生活,enclose,v. 圍住;圈起,
日常生活對話,encounter,"v. 遭遇(敵人);遇到(困難,危險等)",
日常生活對話,endanger,v. 危及;使遭到危險,
日常生活對話,endure,"v. 忍耐,忍受",
日常生活對話,enforce,"v. 實施,執行",
日常生活對話,enlarge,v. 擴大;擴展,
日常生活對話,entertain,"v. 招待,款待",
日常生活對話,equip,"v. 裝備,配備",
日常生活對話,establish,v. 建立;設立,
日常生活對話,estimate,"v. 估計,估量",
日常生活對話,evaluate,v. 對...評價,
日常生活對話,evidence,"v. 顯示,表明",
日常生活對話,exaggerate,"v. 張,誇大;對...言過其實",
日常生活對話,exhaust,v. 使精疲力盡,
日常生活對話,exhibit,"v. 展示,陳列",
日常生活對話,expand,"v. 展開,張開",
日常生活對話,explore,v. 探測;探勘,
日常生活對話,expose,v. 使暴露於,
日常生活對話,extend,"v. 延長,延伸",
日常生活對話,feast,v. 盛宴款待,
交通與旅遊,ferry,v. 用渡船運送,
日常生活對話,fetch,v. (去)拿來,
日常生活對話,finance,v. 籌措資金,
日常生活對話,flatter,v. 諂媚;奉承,
日常生活對話,flee,v. 逃離;逃避,
日常生活對話,flunk,v. 失敗;不及格,
居家與生活,flush,v. 湧;湧流;用水沖洗,
日常生活對話,foam,v. 起泡沫,
日常生活對話,forbid,"v. 禁止,不許",
日常生活對話,forecast,v. 預測,
日常生活對話,frame,v. 給...裝框子,
日常生活對話,frost,v. 結霜於,
日常生活對話,frown,v. 皺眉;表示不滿,
日常生活對話,fuel,v. 加燃料;加油,
日常生活對話,fulfill,v. 履行(諾言等),
居家與生活,furnish,v. 給(房間)配置(傢俱等);供應;提供,
日常生活對話,gaze,"v. 凝視,注視,盯",
日常生活對話,gear,"v. 使適應,使適合",
日常生活對話,giggle,v. 咯咯地笑;傻笑,
休閒與運動,glide,"v. 滑動,滑行",
日常生活對話,glimpse,"v. 看一眼,瞥見",
日常生活對話,grace,v. 使優美,
飲食與餐飲,grieve,v. 使悲傷;使苦惱,
日常生活對話,grind,v. 磨(碎),
日常生活對話,guarantee,v. 保證;擔保,
日常生活對話,halt,v. 停止;終止,
日常生活對話,harden,v. 使變硬;使變堅固,
交通與旅遊,hasten,v. 催促;加速;趕緊,
日常生活對話,herd,v. 放牧,
自然與環境,honeymoon,v. 度蜜月,
居家與生活,hook,v. 用鉤鉤住,
情緒與性格,horrify,"v. 使恐懼,使驚懼",
日常生活對話,hose,v. 用軟管淋澆,
日常生活對話,host,"v. 主辦,主持;以主人身分招待",
日常生活對話,identify,v. 確認;識別,
日常生活對話,idle,v. 空轉,
日常生活對話,illustrate,"v. (用圖,實例等)說明",
日常生活對話,imitate,v. 模仿,
日常生活對話,immigrate,v. 遷移;遷入,
日常生活對話,impact,v. 壓緊;擠滿,
飲食與餐飲,imply,v. 暗指;暗示;意味著,
商務與職場,industrialize,v. 使工業化,
日常生活對話,infect,v. 傳染;侵染;感染,
自然與環境,initial,v. 簽姓名的首字母於;草簽,
科技與數位,input,v. 將(資料等)輸入電腦,
日常生活對話,insert,v. 插入;嵌入,
休閒與運動,inspire,v. 鼓舞,
日常生活對話,install,"v. 安裝,設置",
日常生活對話,instruct,v. 指示,
日常生活對話,insult,"v. 侮辱,羞辱",
日常生活對話,intend,v. 想要;打算,
日常生活對話,intensify,"v. 加強,增強",
日常生活對話,interact,v. 互相作用,
日常生活對話,interfere,"v. 介入;干涉,干預",
日常生活對話,intermediate,v. 作中間人;干預,
日常生活對話,interpret,v. 解釋,
日常生活對話,invade,"v. 侵入,侵略",
日常生活對話,invest,v. 投(資),
日常生活對話,involve,"v. 使捲入,連累;牽涉",
日常生活對話,isolate,v. 使孤立,
日常生活對話,itch,v. 發癢,
日常生活對話,knuckle,v. 用指關節敲打,
休閒與運動,labor,v. 勞動;努力,
日常生活對話,lag,v. 落後;延遲,
自然與環境,landscape,v. 在(一片土地)上造園,
日常生活對話,launch,v. 發射;開始,
日常生活對話,lean,"v. 倚,靠",
教育與學術,lecture,v. 講課;訓斥,
日常生活對話,license,"v. 許可,准許;發許可證給",
日常生活對話,lighten,"v. 使光明,照亮",
日常生活對話,loan,"v. 借出,貸與",
商務與職場,manufacture,"v. (大量)製造,加工",
日常生活對話,mislead,v. 把...帶錯方向;把...引入歧途,
日常生活對話,misunderstand,v. 誤會;曲解,
日常生活對話,monitor,v. 監控;監聽;監測,
休閒與運動,motivate,v. 給...動機;刺激,
自然與環境,mow,v. 刈(草坪等)上的草,
日常生活對話,murmur,"v. 私下抱怨,咕噥",
日常生活對話,neglect,"v. 忽視,忽略",
商務與職場,negotiate,"v. 談判,協商",
日常生活對話,nevertheless,"v. 仍然,不過,然而",
日常生活對話,obtain,"v. 得到,獲得",
日常生活對話,occupy,"v. 佔領,佔據",
情緒與性格,offend,v. 冒犯;觸怒,
日常生活對話,oppose,v. 反對,
交通與旅遊,orbit,v. 繞軌道運行,
日常生活對話,overcome,v. 戰勝;克服,
日常生活對話,overlook,v. 眺望;俯瞰,
日常生活對話,overtake,v. 追上;趕上;超過,
日常生活對話,overthrow,v. 打倒;推翻;廢除,
日常生活對話,pace,v. 踱步於,
休閒與運動,parachute,"v. 傘降,跳傘",
日常生活對話,pedal,v. 踩踏板,
日常生活對話,peer,"v. 凝視,盯著看",
自然與環境,perfume,v. 使充滿香氣,
日常生活對話,pioneer,"v. 當先驅,成為開拓者",
日常生活對話,pirate,v. 掠奪;剽竊,
日常生活對話,plot,"v. 密謀,策劃;標繪",
日常生活對話,polish,"v. 磨光,擦亮",
日常生活對話,portray,v. 畫;描寫,
日常生活對話,possess,"v. 擁有,持有;具有",
日常生活對話,predict,v. 預言;預料,
日常生活對話,preserve,"v. 保存,保藏;防腐",
日常生活對話,privilege,v. 給予...特權,
日常生活對話,proceed,"v. 開始,著手",
日常生活對話,prompt,v. 提示,
日常生活對話,prosper,"v. 繁榮,昌盛",
日常生活對話,protest,"v. 抗議,反對",
日常生活對話,publish,v. 出版;發行;刊載,
休閒與運動,quake,v. 顫抖;震動;搖晃,
教育與學術,quilt,v. 加軟襯料後縫製;東拼西湊地編(書),
情緒與性格,rage,"v. 發怒,怒斥",
日常生活對話,rebel,v. 造反;反叛,
日常生活對話,recall,v. 回憶;使想起;召回,
日常生活對話,recite,v. 背誦;朗誦;詳述,
日常生活對話,recycle,v. 回收,
教育與學術,refer,"v. 論及,談到;參考",
日常生活對話,reflect,"v. 反射;照出,映出",
日常生活對話,reform,"v. 改革,革新",
日常生活對話,refresh,v. 使得到補充;更新,
日常生活對話,register,"v. 註冊,申報",
日常生活對話,regulate,v. 為...制訂規章;調節,
日常生活對話,relieve,"v. 緩和,減輕;解除",
日常生活對話,remark,v. 議論;評論,
醫療與健康,remedy,v. 補救;糾正;去除(弊病等),
日常生活對話,rescue,v. 援救;營救,
日常生活對話,research,"v. 調查,探究",
日常生活對話,resemble,"v. 像,類似",
日常生活對話,resign,"v. 放棄,辭去",
日常生活對話,resolve,"v. 解決,解答;使分解",
日常生活對話,restore,v. 恢復,
日常生活對話,retain,"v. 保留,保持",
日常生活對話,retire,v. 退休;退役,
日常生活對話,retreat,"v. 撤退,退卻",
日常生活對話,revenge,v. 替...報仇,
教育與學術,revise,v. 校訂;更改,
日常生活對話,reward,v. 酬謝;獎勵,
日常生活對話,rhyme,v. 押韻,
交通與旅遊,route,v. 給...定路線,
日常生活對話,ruin,v. 毀滅,
日常生活對話,sacrifice,v. 犧牲;獻出,
商務與職場,salary,v. 給...薪水,
日常生活對話,scold,"v. 罵,責罵",
日常生活對話,scratch,v. 抓;搔,
日常生活對話,sculpture,v. 雕刻,
日常生活對話,shelter,v. 遮蔽;庇護,
休閒與運動,shift,v. 轉移;移動,
日常生活對話,shrug,v. 聳(肩),
居家與生活,shuttle,v. 短程穿梭般運送,
日常生活對話,site,v. 為...選址;設置,
交通與旅遊,sketch,v. 寫生;速寫;為...繪草圖,
交通與旅遊,sled,v. 乘雪橇,
交通與旅遊,sledge,v. 乘雪橇,
休閒與運動,sleigh,v. 駕雪橇;用雪橇運輸,
日常生活對話,slight,v. 輕視;藐視,
日常生活對話,sneeze,v. 打噴嚏,
日常生活對話,sob,v. 嗚咽;啜泣,
日常生活對話,spare,"v. 分出,騰出(時間,人手)",
休閒與運動,spark,v. 發動;點燃,
自然與環境,sparkle,v. 發火花;閃耀;煥發,
日常生活對話,spear,"v. 刺,戳",
日常生活對話,split,v. 劈開;切開,
日常生活對話,stem,"v. 起源於,由...而造成",
日常生活對話,strengthen,v. 加強;增強,
飲食與餐飲,strive,"v. 努力,苦幹,奮鬥;反抗,鬥爭",
日常生活對話,stroke,v. 畫短線於,
日常生活對話,summarize,"v. 總結,概述,概括",
交通與旅遊,surf,v. 衝浪;在網路或頻道上搜索資料,
日常生活對話,surrender,"v. 使投降,使自首",
休閒與運動,sway,v. 搖動;搖擺;影響,
日常生活對話,tap,"v. 輕拍,輕叩",
日常生活對話,telegraph,v. 用電報發送;電匯;電購,
日常生活對話,tense,"v. 使拉緊,使繃緊",
情緒與性格,terrify,v. 使害怕;使恐怖,
日常生活對話,tolerate,v. 忍受;寬恕;容許,
休閒與運動,transfer,v. 轉換;調動,
日常生活對話,transform,v. 使改變;使轉化,
日常生活對話,translate,v. 翻譯,
日常生活對話,triumph,v. 獲得勝利,
自然與環境,twinkle,v. (星等)閃爍;閃耀,
科技與數位,upload,v. [電腦]上載,
日常生活對話,urge,v. 催促;力勸,
日常生活對話,violate,v. 違犯;擾亂,
日常生活對話,volunteer,v. 自願(做),
交通與旅遊,voyage,v. 航行;旅行,
日常生活對話,withdraw,v. 提取;撤離,
日常生活對話,witness,v. 目擊;為...作證,
日常生活對話,wreck,v. 遇難;受到破壞,
日常生活對話,wrinkle,v. 起皺紋,
日常生活對話,counter,"adv. 反方向地,相反地",
日常生活對話,elsewhere,adv. 在別處;往別處,
日常生活對話,furthermore,"adv. 而且,此外,再者",
日常生活對話,highly,"adv. 非常,很,高度地",
日常生活對話,largely,adv. 大部分;主要地;大量地,
日常生活對話,lately,"adv. 近來,最近;不久前",
日常生活對話,leisurely,"adv. 從容不迫地,慢慢地",
自然與環境,monthly,adv. 每月;每月一次,
日常生活對話,moreover,"adv. 並且,加之,此外",
日常生活對話,mostly,"adv. 一般地,通常",
日常生活對話,namely,"adv. 即,那就是",
日常生活對話,nowadays,"adv. 現今,時下",
日常生活對話,otherwise,"adv. 除此以外;否則,不然",
日常生活對話,overnight,adv. 一整夜的,
商務與職場,roughly,adv. 粗糙地;粗暴地;大約,
日常生活對話,scarcely,"adv. 幾乎不,幾乎沒有",
日常生活對話,weekly,adv. 每週,
日常生活對話,yearly,adv. 一年一度,
日常生活對話,amid,prep. 在...之間;在...之中,
日常生活對話,amidst,prep. 在...之中;在...中間,
日常生活對話,concerning,prep. 關於,
日常生活對話,despite,"prep. 不管,儘管,任憑",
日常生活對話,including,prep. 包括,
日常生活對話,regarding,prep. 關於;就...而論,
日常生活對話,abdomen,n. 下腹,
日常生活對話,accent,n. 重音;腔調,
交通與旅遊,acceptance,"n. 接受;領受;(票據等的)承兌,認付",
交通與旅遊,access,n. 通道;入口;門路,
日常生活對話,accomplishment,n. 成就;成績;造詣;實現,
日常生活對話,accountant,n. 會計師,
日常生活對話,accuracy,n. 正確(性);準確(性),
飲食與餐飲,acid,n. (化學)酸,
日常生活對話,acquaintance,n. 相識的人,
日常生活對話,acre,n. 英畝,
日常生活對話,adjective,n. 形容詞,
日常生活對話,adjustment,n. 調節;調整,
日常生活對話,admiration,n. 欽佩;羨慕,
日常生活對話,admission,n. 進入許可;入場費;承認,
日常生活對話,adverb,n. 副詞,
日常生活對話,agency,n. 仲介;代理,
商務與職場,agent,n. 代理人;代理商,
飲食與餐飲,alcohol,n. 酒精;酒,
日常生活對話,alert,"n. 警戒,警報;警戒狀態",
日常生活對話,allowance,"n. 津貼,零用錢",
日常生活對話,aluminum,n. 鋁,
日常生活對話,amateur,n. 業餘從事者;外行,
休閒與運動,amusement,n. 樂趣;消遣,
日常生活對話,analysis,n. 分析,
日常生活對話,ancestor,"n. 祖宗,祖先",
交通與旅遊,anniversary,n. 周年紀念日,
情緒與性格,anxiety,"n. 焦慮,掛念",
交通與旅遊,apology,n. 道歉,
日常生活對話,appliance,"n. 用具;裝置,設備",
日常生活對話,applicant,n. 申請人,
日常生活對話,application,n. 申請,
商務與職場,appointment,n. (尤指正式的)約會;約定,
日常生活對話,appreciation,"n. 欣賞,鑑賞;賞識",
日常生活對話,approval,n. 批准;認可,
居家與生活,arch,"n. 拱門,拱形",
日常生活對話,arms,n. 武器;戰爭;戰鬥;兵役,
日常生活對話,article,n. 文章;條款,
日常生活對話,aspect,"n. 方面,觀點",
醫療與健康,aspirin,n. 阿斯匹靈(解熱鎮痛藥),
日常生活對話,assembly,n. 集會;集合,
商務與職場,assignment,n. (分派的)任務;工作;(課外)作業,
日常生活對話,assistance,"n. 幫助,協助",
日常生活對話,associate,n. 夥伴;同事,
日常生活對話,association,"n. 協會,公會,社團",
日常生活對話,assurance,n. 保證,
自然與環境,atmosphere,n. 大氣;氣氛,
日常生活對話,atom,n. 原子,
日常生活對話,attachment,n. 連接;安裝;附著;附屬物;附件;扣押;扣押令,
日常生活對話,attraction,n. 吸引;吸引力,
商務與職場,authority,n. 職權;官方,
日常生活對話,autobiography,n. 自傳,
日常生活對話,backpack,n. 背包,
休閒與運動,ballet,n. 芭蕾舞,
日常生活對話,bankrupt,n. 破產者;赤貧者,
商務與職場,bargain,n. 交易;廉價,
交通與旅遊,barrier,n. 障礙物;路障,
日常生活對話,basin,n. 臉盆;盆地,
日常生活對話,battery,n. 電池,
自然與環境,beak,n. 鳥嘴,
日常生活對話,beam,n. 橫樑;光束,
日常生活對話,behavior,n. 行為,
日常生活對話,biography,n. 傳記,
教育與學術,biology,n. 生物學,
日常生活對話,blade,n. 刀片;葉片;葉片狀物,
日常生活對話,blend,"n. 混合,混雜;交融;混合物",
日常生活對話,blessing,n. 祈神賜福;祝福,
日常生活對話,blink,n. 眨眼睛;一瞬間,
自然與環境,bloom,n. 開花,
自然與環境,blossom,n. 花;開花,
日常生活對話,blush,n. 臉紅,
日常生活對話,boast,n. 吹牛;大話,
日常生活對話,bond,n. 結合力;束縛,
日常生活對話,bounce,"n. 彈,反彈",
飲食與餐飲,bra,n. 奶罩,
日常生活對話,bracelet,n. 手鐲;臂鐲,
日常生活對話,brassiere,n. 胸罩,
日常生活對話,breed,n. 品種,
日常生活對話,bridegroom,n. 新郎,
日常生活對話,bulletin,n. 公報;公告,
居家與生活,cabinet,"n. 櫥,櫃;內閣",
日常生活對話,calculation,"n. 計算;估計,推測;盤算",
日常生活對話,calculator,n. 計算機,
交通與旅遊,calorie,n. 卡路里,
休閒與運動,campaign,"n. 運動,活動",
日常生活對話,candidate,n. 候選人;候補者,
日常生活對話,capacity,"n. 容量,容積",
日常生活對話,cape,"n. 岬,海角",
日常生活對話,capitalism,n. 資本主義,
日常生活對話,capitalist,n. 資本主義者,
商務與職場,career,n. 職業;生涯;歷程,
交通與旅遊,cargo,n. (船、飛機、車輛裝載的)貨物,
商務與職場,carrier,n. 運送人;從事運輸業公司;帶菌者,
日常生活對話,catalog,n. 目錄,
教育與學術,catalogue,"n. 目錄;大學概況一覽;登記,記載",
休閒與運動,CD,n. 激光唱片,
日常生活對話,cease,n. 停息,
日常生活對話,celebration,n. 慶祝,
自然與環境,cement,n. 水泥,
居家與生活,chamber,"n. 室,房間;議院",
日常生活對話,championship,n. 冠軍的地位,
日常生活對話,characteristic,"n. 特性,特徵",
情緒與性格,charity,n. 施捨;善舉,
教育與學術,chemistry,n. 化學,
日常生活對話,chirp,n. 啁啾聲;唧唧聲,
居家與生活,chore,n. 家庭雜務,
休閒與運動,chorus,n. 合唱隊,
自然與環境,cigar,n. 雪茄煙,
醫療與健康,cinema,n. 電影院;電影;電影業,
日常生活對話,circulation,n. 發行量,
日常生活對話,circumstance,n. 境況;境遇,
日常生活對話,civilian,"n. 平民,百姓",
日常生活對話,civilization,n. 文明,
日常生活對話,clash,"n. 碰撞聲,鏗鏘聲",
日常生活對話,classification,n. 分類;分級,
日常生活對話,cliff,"n. 懸崖,峭壁",
日常生活對話,climax,"n. 頂點,最高點",
科技與數位,code,n. 法規;代碼;電碼,
日常生活對話,collapse,n. 倒塌,
日常生活對話,combination,n. 組合,
情緒與性格,comedy,n. 喜劇,
日常生活對話,comic,n. 漫畫,
日常生活對話,commander,"n. 指揮官,司令官",
日常生活對話,comment,n. 評論,
商務與職場,commerce,"n. 商業,貿易,交易",
日常生活對話,communication,n. 交往;通信,
日常生活對話,community,n. 社區,
日常生活對話,compact disk,n. 光碟,
日常生活對話,companion,"n. 同伴,伴侶",
日常生活對話,competition,"n. 競爭,角逐",
日常生活對話,competitor,n. 競爭者;對手,
居家與生活,composer,n. 作曲家,
日常生活對話,composition,n. 寫作;作曲;作品;作文,
日常生活對話,concentration,n. 專心;濃縮,
日常生活對話,concept,"n. 概念,觀念",
自然與環境,concrete,n. 混凝土,
日常生活對話,conductor,n. 指揮,
商務與職場,conference,"n. (正式)會議;討論會,協商會",
日常生活對話,confidence,"n. 自信,信心,把握",
日常生活對話,confusion,n. 困惑;慌亂,
日常生活對話,congress,n. 立法機關,
日常生活對話,conjunction,n. 連接詞;結合;關聯,
交通與旅遊,conscience,n. 良心;道義心,
飲食與餐飲,consequence,"n. 結果,後果",
日常生活對話,conservative,"n. 保守者,守舊者",
日常生活對話,consonant,n. 子音,
日常生活對話,constitution,"n. 憲法;章程,法規",
日常生活對話,construction,"n. 建造,建設",
日常生活對話,consultant,n. 顧問,
日常生活對話,consumer,n. 消費者;消耗者,
日常生活對話,container,n. 容器,
日常生活對話,content,"n. 內容,要旨",
情緒與性格,contentment,n. 知足;滿意,
日常生活對話,contest,"n. 爭奪,競爭",
日常生活對話,context,n. 上下文;文章脈絡,
日常生活對話,contrary,n. 相反;反面;對立的一方,
日常生活對話,contrast,"n. 對比,對照",
日常生活對話,contribution,n. 貢獻,
日常生活對話,convenience,n. 方便;合宜,
商務與職場,convention,"n. 會議,大會",
日常生活對話,cooperation,n. 合作;協力,
商務與職場,cooperative,n. 合作社;合作商店,
日常生活對話,copper,n. 銅,
日常生活對話,cord,"n. 細繩,粗線,索",
自然與環境,cork,n. 軟木;軟木塞,
日常生活對話,costume,"n. 服裝,裝束",
居家與生活,cottage,n. 小屋,
商務與職場,council,n. 會議,
居家與生活,counter,n. 櫃臺,
日常生活對話,courtesy,n. 禮貌,
日常生活對話,crack,n. 裂縫;爆裂聲,
商務與職場,craft,"n. 工藝,手藝",
日常生活對話,creation,n. 創造;創作;創立,
日常生活對話,creativity,n. 創造力,
日常生活對話,cripple,n. 跛子;殘廢的人,
居家與生活,critic,"n. 批評家,評論家",
日常生活對話,criticism,n. 批評;評論,
日常生活對話,cruelty,"n. 殘酷,殘忍",
日常生活對話,crush,"n. 壓碎,毀壞; 迷戀;迷戀的對象",
日常生活對話,cube,n. 立方體;立方,
日常生活對話,cucumber,"n. 黃瓜,胡瓜",
日常生活對話,cue,"n. 暗示,信號",
日常生活對話,cunning,"n. 狡猾,奸詐;靈巧,熟練",
日常生活對話,curiosity,n. 好奇心,
日常生活對話,curl,"n. 捲毛,捲髮",
日常生活對話,curse,n. 咒語;詛咒,
日常生活對話,curve,n. 曲線,
日常生活對話,cushion,n. 墊子;坐墊,
日常生活對話,damn,n. 詛咒,
自然與環境,damp,"n. 濕氣,潮濕",
日常生活對話,deadline,n. 最後限期,
日常生活對話,decoration,"n. 裝飾,裝潢",
日常生活對話,decrease,"n. 減少,減小;減少額,減小量",
日常生活對話,defeat,"n. 失敗,戰敗,挫折",
日常生活對話,defense,"n. 防禦,保衛,防護",
情緒與性格,delight,"n. 欣喜,愉快",
日常生活對話,demand,"n. 要求,請求",
日常生活對話,demonstration,n. 實地示範,
交通與旅遊,departure,"n. 離開;出發,起程",
日常生活對話,dependent,n. 受撫養者,
自然與環境,depression,"n. 沮喪,意氣消沈",
日常生活對話,destruction,n. 破壞;毀滅;消滅,
居家與生活,detective,n. 偵探;私家偵探,
飲食與餐飲,determination,n. 堅定;果斷,
日常生活對話,device,"n. 儀器,裝置",
日常生活對話,diaper,n. 尿布,
日常生活對話,digest,n. 消化,
教育與學術,digestion,"n. 消化;(知識等的)領悟,吸收",
日常生活對話,dignity,n. 尊嚴,
日常生活對話,diligence,n. 勤勉;勤奮,
教育與學術,diploma,n. 畢業文憑,
日常生活對話,diplomat,n. 外交官,
日常生活對話,disadvantage,n. 不利條件,
日常生活對話,disaster,"n. 災害,災難,不幸",
教育與學術,discipline,"n. 紀律,風紀;教養",
自然與環境,discouragement,"n. 沮喪,氣餒,洩氣;勸阻",
日常生活對話,disguise,"n. 假扮,偽裝",
情緒與性格,disgust,"n. 厭惡,憎惡",
醫療與健康,disorder,"n. 混亂,無秩序; 不適,小病",
日常生活對話,dispute,n. 爭論;爭執;爭端,
日常生活對話,distribution,n. 分發;分配,
日常生活對話,district,"n. 地區,區域,地帶",
日常生活對話,divorce,n. 離婚,
醫療與健康,doctor,n. 醫生,
居家與生活,dorm,n. 宿舍,
日常生活對話,doze,"n. 瞌睡,假寐",
自然與環境,draft,n. 草稿;徵兵;通風,
情緒與性格,dread,"n. 畏懼,恐怖",
日常生活對話,drift,n. 漂流;漂移,
居家與生活,drill,"n. 鑽,鑽頭;鑽床",
日常生活對話,dye,"n. 染料,染色",
日常生活對話,dynasty,n. 王朝;朝代,
情緒與性格,earnest,"n. 認真,誠摯",
日常生活對話,earphone,n. 耳機,
教育與學術,economics,n. 經濟學,
教育與學術,economist,n. 經濟學者,
商務與職場,economy,"n. 節約,節省",
日常生活對話,efficiency,n. 效率;效能,
日常生活對話,elastic,"n. 橡皮帶,鬆緊帶;橡皮圈",
商務與職場,electrician,n. 電工;電氣技師,
科技與數位,electronics,n. 電子學,
日常生活對話,email,n. electronic mail,
科技與數位,e-mail,n. 電子郵件,
日常生活對話,embarrassment,n. 窘;難堪;使人為難的人(或事物),
日常生活對話,embassy,n. 大使館,
日常生活對話,emphasis,"n. 強調,重視,重點",
日常生活對話,empire,n. 帝國,
日常生活對話,encounter,"n. 遭遇,衝突",
日常生活對話,enforcement,n. 執行;強制,
商務與職場,engineering,n. 工程;工程學,
日常生活對話,enlargement,n. 放大,
休閒與運動,entertainment,"n. 招待,款待; 演藝界",
日常生活對話,enthusiasm,"n. 熱心,熱情",
日常生活對話,equality,n. 相等;平等,
日常生活對話,equipment,"n. 配備,裝備",
日常生活對話,era,n. 時代;年代,
日常生活對話,errand,"n. 差事,差使",
居家與生活,escalator,n. 電扶梯,
日常生活對話,essay,n. 論說文;散文,
日常生活對話,essential,"n. 要素,要點;本質,實質",
日常生活對話,establishment,n. 建立;創立;建立的機構,
日常生活對話,estimate,n. 估計;估價,
日常生活對話,evaluation,n. 評估;估價,
日常生活對話,eve,n. 前夕,
日常生活對話,evidence,n. 證據;證詞;證人;物證,
教育與學術,examinee,n. 應試者;受檢查者,
教育與學術,examiner,n. 主考人;檢查人;審查員,
日常生活對話,exception,n. 例外,
自然與環境,exhaust,n. 排出;排氣,
日常生活對話,exhibit,"n. 展示品,陳列品",
日常生活對話,expansion,n. 擴展;擴張,
日常生活對話,explanation,"n. 說明,解釋",
飲食與餐飲,explosion,n. 爆發;爆炸,
飲食與餐飲,explosive,n. 爆炸物;炸藥,
日常生活對話,exposure,n. 暴露;暴曬,
日常生活對話,extent,n. 程度;限度;範圍,
商務與職場,facility,"n. 能力;技能;設備, 設施; 工具;(供特定用途的)場所",
日常生活對話,fame,"n. 聲譽,名望",
日常生活對話,fantasy,n. 空想;幻想,
日常生活對話,farewell,n. 告別;告別辭,
日常生活對話,feast,"n. 盛宴,筵席",
日常生活對話,ferry,n. 渡輪,
日常生活對話,fetch,n. 活人的魂;鬼,
日常生活對話,fiction,n. 小說,
日常生活對話,finance,n. 財政;金融,
日常生活對話,firecracker,n. 爆竹;鞭炮,
日常生活對話,fireplace,n. 壁爐,
日常生活對話,flunk,n. 失敗;不及格,
日常生活對話,flush,n. 紅暈,
日常生活對話,foam,n. 泡沫,
日常生活對話,forecast,n. 預測,
日常生活對話,formation,"n. 形成;構成物; 形態, 結構",
日常生活對話,formula,"n. 配方,處方;公式",
日常生活對話,fort,"n. 堡壘,要塞",
自然與環境,fossil,n. 化石;守舊的人(或事物),
日常生活對話,foundation,"n. 建立,創辦;基礎;基金會",
日常生活對話,founder,n. 創立者;奠基者,
飲食與餐飲,fragrance,n. 芬芳;香味,
醫療與健康,frame,n. 骨架;結構,
交通與旅遊,freeway,n. 高速公路,
日常生活對話,frequency,"n. 頻率,次數",
日常生活對話,freshman,"n. 一年級生,新生",
日常生活對話,frost,n. 霜,
日常生活對話,frown,n. 蹙額;不悅之色,
日常生活對話,frustration,n. 失望;挫折,
日常生活對話,fuel,n. 燃料,
日常生活對話,fulfillment,"n. 完成,履行;實現;成就(感)",
日常生活對話,fundamental,n. 基本原則(或原理);綱要,
日常生活對話,funeral,"n. 喪葬,葬儀",
日常生活對話,gallery,"n. 畫廊,美術館",
日常生活對話,gangster,"n. 歹徒,匪盜,流氓",
日常生活對話,gaze,"n. 凝視,注視",
商務與職場,gear,n. 齒輪;工具;設備,
日常生活對話,gene,"n. 基因,遺傳因子",
日常生活對話,generation,n. 世代;產生,
日常生活對話,generosity,n. 寬宏大量;慷慨,
自然與環境,genius,n. 天才,
醫療與健康,germ,n. 微生物;細菌;病菌,
日常生活對話,giggle,n. 咯咯地笑;傻笑,
日常生活對話,ginger,"n. 生薑,薑",
日常生活對話,glide,"n. 滑翔,下滑",
日常生活對話,glimpse,n. 瞥見;一瞥,
休閒與運動,globe,n. 地球儀;地球,
商務與職場,goods,n. 商品;貨物,
交通與旅遊,grace,n. 優雅;(票據等到期後的)寬限,
日常生活對話,graduation,n. 畢業典禮,
日常生活對話,grammar,n. 文法,
日常生活對話,grapefruit,n. 葡萄柚,
日常生活對話,gratitude,"n. 感激之情,感恩,感謝",
日常生活對話,grave,n. 墓穴,
日常生活對話,greeting,"n. 問候,迎接,招呼;賀詞;問候語",
醫療與健康,grief,"n. 悲痛,悲傷",
教育與學術,grind,n. 研磨,
日常生活對話,groom,n. 馬伕;新郎,
教育與學術,guarantee,n. 保證;保證書,
日常生活對話,guilt,n. 有罪;犯罪;過失,
日常生活對話,gulf,n. 海灣,
日常生活對話,gull,"n. 鷗,海鷗; 易受騙的人",
日常生活對話,halt,"n. 暫停,停止;終止",
教育與學術,handwriting,n. 書寫;手寫,
飲食與餐飲,hardship,"n. 艱難,困苦",
科技與數位,hardware,n. 金屬器件;硬體,
休閒與運動,harmonica,n. 口琴,
日常生活對話,harmony,n. 和諧;協調,
日常生活對話,haste,n. 急忙;慌忙;性急,
情緒與性格,hatred,"n. 憎恨,增惡;敵意",
日常生活對話,headphone,n. 頭戴式耳機,
日常生活對話,helicopter,n. 直昇機,
日常生活對話,herd,n. 畜群;牧群,
日常生活對話,hesitation,"n. 躊躇,猶豫",
居家與生活,homeland,n. 祖國;家鄉,
自然與環境,honeymoon,n. 蜜月,
日常生活對話,hook,"n. 鉤,掛鉤",
日常生活對話,horizon,n. 地平線,
居家與生活,hose,n. 軟管;長統襪;短統襪,
交通與旅遊,hostel,n. 旅舍,
居家與生活,household,"n. 一家人;家眷;家庭,戶",
居家與生活,housewife,n. 家庭主婦,
居家與生活,housework,n. 家務,
交通與旅遊,humanity,n. 人性;人道;慈愛,
自然與環境,humidity,"n. 濕氣,濕度",
自然與環境,hurricane,"n. 颶風,暴風雨",
日常生活對話,hydrogen,n. 氫,
日常生活對話,iceberg,n. 浮在海洋上的巨大冰塊,
日常生活對話,identification,n. 認出;識別,
日常生活對話,idiom,n. 成語,
日常生活對話,idol,n. 偶像,
日常生活對話,illustration,"n. 說明,圖解",
日常生活對話,imitation,"n. 模仿,模擬;仿造;偽造",
日常生活對話,immigrant,"n. 移民,僑民",
日常生活對話,immigration,n. 移居,
休閒與運動,impact,"n. 衝擊,撞擊;影響",
日常生活對話,impression,n. 印象,
日常生活對話,incident,n. 事件;事變,
日常生活對話,indication,n. 指示;指點,
日常生活對話,infant,n. 嬰兒,
日常生活對話,infection,n. 傳染;侵染,
日常生活對話,inflation,n. 通貨膨脹,
日常生活對話,information,n. 資訊,
日常生活對話,ingredient,"n. 要素,因素",
日常生活對話,initial,n. (字的)起首字母,
自然與環境,innocence,n. 天真無邪,
日常生活對話,input,n. 輸入,
日常生活對話,insert,n. 插入物;夾在報刊中的散頁廣告,
日常生活對話,inspection,n. 檢查;檢閱;視察,
日常生活對話,inspiration,n. 靈感,
自然與環境,instinct,n. 本能;天性;直覺,
教育與學術,instructor,n. 教練;指導者,
日常生活對話,insult,"n. 侮辱,羞辱",
商務與職場,insurance,n. 保險;保險契約,
教育與學術,intellectual,n. 知識分子,
日常生活對話,intelligence,n. 智能;智慧;理解力,
日常生活對話,intensity,n. 強度;極度,
日常生活對話,intention,n. 意圖,
休閒與運動,interaction,n. 互動,
日常生活對話,intermediate,n. 中間事物;調解人,
交通與旅遊,Internet,n. 網際網路,
日常生活對話,interruption,n. 中止;干擾,
日常生活對話,intimate,"n. 至交,密友",
日常生活對話,intonation,n. 語調;抑揚之聲,
日常生活對話,invasion,"n. 入侵,侵略",
日常生活對話,invention,"n. 發明,創造",
日常生活對話,investigation,n. 調查,
商務與職場,investment,n. 投資;投資額,
日常生活對話,involvement,n. 介入,
日常生活對話,isolation,n. 隔離,
日常生活對話,itch,n. 癢,
日常生活對話,jealousy,n. 妒忌;猜忌,
日常生活對話,junior,n. 較年少者;三年級生,
日常生活對話,knuckle,n. 關節;肘;蹄;(鉸鏈的)關節,
教育與學術,lab,"n. 實驗室,研究室",
商務與職場,labor,"n. 勞工;分娩,陣痛",
教育與學術,laboratory,"n. 實驗室,研究室",
日常生活對話,lag,n. 滯後;衰退,
交通與旅遊,landmark,"n. 地標,陸標;里程碑",
交通與旅遊,landscape,"n. 風景,景色",
日常生活對話,landslide,n. 山崩;(選舉中的)壓倒性大勝利,
交通與旅遊,launch,n. (船的)下水;發射,
教育與學術,lead,"n. 指導;領先地位;線索,鉛筆心",
教育與學術,learning,"n. 學習;學問,學識",
教育與學術,lecture,n. 授課;冗長的訓話,
休閒與運動,lecturer,n. 講演者,
日常生活對話,legend,n. 傳說;傳奇故事,
日常生活對話,license,"n. 許可,特許",
日常生活對話,limitation,"n. 極限,限度",
飲食與餐飲,liquor,n. 酒;含酒精飲料,
教育與學術,literature,n. 文學;文學作品,
日常生活對話,loan,n. 貸款,
日常生活對話,location,n. 位置;場所,
居家與生活,locker,n. (公共場所的)衣物櫃,
教育與學術,logic,n. 邏輯;邏輯學,
日常生活對話,lotion,"n. (化妝等用的)化妝水,塗劑",
情緒與性格,loyalty,n. 忠誠;忠心,
休閒與運動,luxury,"n. 奢侈品,奢華;享受,樂趣",
日常生活對話,ma'am (n.),女士,
科技與數位,machinery,n. 機器;機械,
日常生活對話,madam,"n. 夫人,太太",
教育與學術,makeup,n. 構造;性格;化妝;補考;排版,
日常生活對話,manual,n. 手冊,
日常生活對話,manufacture,"n. 製品,產品",
商務與職場,manufacturer,"n. 製造業者,廠商",
休閒與運動,marathon,n. 馬拉松賽跑,
商務與職場,margin,n. 邊緣;利潤,
交通與旅遊,maturity,n. 成熟;完善;(支票等的)到期,
日常生活對話,maximum,n. 最高極限,
日常生活對話,measure,n. 尺寸,
商務與職場,mechanic,n. 技工,
交通與旅遊,memorial,n. 紀念碑,
情緒與性格,mercy,"n. 慈悲,憐憫;仁慈",
日常生活對話,merit,"n. 長處,優點;法律依據",
日常生活對話,messenger,n. 送信人,
日常生活對話,microscope,n. 顯微鏡,
日常生活對話,mineral,n. 礦物,
日常生活對話,minimum,n. 最小數;最低限度,
日常生活對話,minister,n. 部長;大臣,
日常生活對話,ministry,n. (常大寫)(政府的)部,
自然與環境,mischief,"n. 頑皮,淘氣",
休閒與運動,misfortune,n. 不幸;惡運,
情緒與性格,modesty,"n. 謙遜,虛心",
日常生活對話,monitor,n. 監視器,
自然與環境,monthly,n. 月刊,
交通與旅遊,monument,"n. 紀念碑,紀念塔,紀念館",
休閒與運動,motivation,n. 刺激;推動,
日常生活對話,mudslide,n. 塌方;山崩,
日常生活對話,murderer,"n. 謀殺犯,兇手",
日常生活對話,murmur,n. 低聲抱怨,
日常生活對話,mustache,n. 髭;小鬍子,
日常生活對話,nationality,n. 國籍,
日常生活對話,neglect,n. 忽略;疏忽;疏漏,
情緒與性格,nightmare,n. 夢魘;惡夢,
日常生活對話,nonsense,n. 胡說;胡鬧,
日常生活對話,noun,n. 名詞,
日常生活對話,nursery,n. 托兒所;苗圃,
日常生活對話,nylon,n. 尼龍,
日常生活對話,obedience,n. 服從;順從,
日常生活對話,objection,n. 反對;異議,
日常生活對話,objective,"n. 目的,目標",
日常生活對話,observation,n. 觀察;觀測,
日常生活對話,obstacle,n. 障礙(物);妨礙,
商務與職場,occupation,"n. 工作,職業;佔領;佔用",
情緒與性格,offense,"n. 進攻,攻擊;冒犯;觸怒",
日常生活對話,opera,n. 歌劇,
日常生活對話,operation,n. 手術;操作,
教育與學術,oral,n. 口試,
交通與旅遊,orbit,n. 運行軌道,
休閒與運動,orchestra,n. 管弦樂隊,
飲食與餐飲,outcome,n. 結果;結局,
日常生活對話,oval,n. 卵形(物),
自然與環境,oxygen,n. 氧;氧氣,
交通與旅遊,pace,n. 步速;速度;進度,
居家與生活,panel,n. 鑲板;壁板;專門小組,
日常生活對話,parachute,n. 降落傘,
日常生活對話,paragraph,"n. (文章的)段,節",
日常生活對話,participation,n. 參加,
日常生活對話,participle,n. 分詞,
日常生活對話,partnership,n. 合夥(或合作)關係,
飲食與餐飲,pasta,n. 麵糰,
自然與環境,pebble,n. 小卵石,
日常生活對話,pedal,n. 踏板;腳蹬,
日常生活對話,peer,"n. 同輩,同事",
日常生活對話,penalty,n. 處罰;刑罰;罰款,
日常生活對話,percent,n. 百分之一,
日常生活對話,percentage,"n. 百分率,百分比",
情緒與性格,perfection,n. 完美;盡善盡美,
日常生活對話,perfume,n. 香水;香料,
日常生活對話,persuasion,"n. 說服,勸說",
自然與環境,petal,n. 花瓣,
日常生活對話,phenomenon,n. 現象,
居家與生活,philosopher,n. 哲學家,
教育與學術,philosophy,n. 哲學,
休閒與運動,photography,"n. 照相術,攝影術",
醫療與健康,physician,n. 醫師,
居家與生活,physicist,n. 物理學家,
日常生活對話,physics,n. 物理,
居家與生活,pianist,n. 鋼琴家;鋼琴演奏者,
日常生活對話,pickpocket,n. 扒手,
日常生活對話,pioneer,n. 拓荒者,
日常生活對話,pirate,n. 海盜;劫掠者,
日常生活對話,plot,n. 陰謀;標繪圖,
日常生活對話,plural,n. 複數,
日常生活對話,polish,"n. 磨光,擦亮",
自然與環境,pollution,n. 污染,
日常生活對話,popularity,n. 普及;流行;聲望,
商務與職場,porter,"n. 搬運工人,腳夫",
日常生活對話,possession,n. 擁有;佔有;所有物,
日常生活對話,pregnancy,n. 懷孕,
日常生活對話,preposition,n. 介系詞;前置詞,
日常生活對話,presentation,"n. 贈送;呈現;介紹,引見",
日常生活對話,preservation,n. 維護;維持;保存;保藏;防腐,
日常生活對話,prevention,"n. 預防,防止",
日常生活對話,prime,"n. 最初,初期",
日常生活對話,privacy,"n. 祕密,私下",
日常生活對話,privilege,n. 特權;優特,
日常生活對話,procedure,n. 程序;手續;步驟,
日常生活對話,production,n. 製造;生產,
商務與職場,profession,n. 職業同行,
居家與生活,professional,"n. 專家,內行",
教育與學術,professor,n. 教授,
日常生活對話,promotion,"n. 提升,晉級",
日常生活對話,prompt,n. 催促;提醒,
日常生活對話,pronoun,n. 代名詞,
教育與學術,pronunciation,n. 發音;發音法;讀法,
日常生活對話,prosperity,"n. 興旺,繁榮,昌盛,成功",
飲食與餐飲,protein,n. 蛋白質,
日常生活對話,protest,"n. 抗議,異議",
日常生活對話,proverb,"n. 諺語,俗語",
居家與生活,psychologist,n. 心理學家,
教育與學術,psychology,n. 心理學,
日常生活對話,publication,"n. 出版;發表,宣佈",
日常生活對話,publicity,n. 名聲;宣傳,
商務與職場,publisher,n. 出版商,
日常生活對話,pursuit,"n. 追蹤,追擊",
自然與環境,quake,n. 地震;顫抖;搖晃,
日常生活對話,quilt,n. 被(子);被褥,
日常生活對話,quotation,n. 引用;引證;引文,
情緒與性格,rage,"n. 狂怒,盛怒",
自然與環境,rainfall,"n. 降雨,下雨;降雨量",
日常生活對話,rebel,n. 造反者;反抗者,
日常生活對話,recall,n. 回想;收回,
日常生活對話,reception,"n. 接待,接見;接待處",
飲食與餐飲,recipe,n. 食譜,
日常生活對話,recognition,"n. 認出,識別;承認",
日常生活對話,recovery,"n. 恢復,復甦;復元,痊癒",
休閒與運動,recreation,n. 消遣;娛樂,
日常生活對話,reduction,n. 減少;削減,
教育與學術,reference,n. 參考文獻;出處;提及,
日常生活對話,reflection,n. 反射;回響,
日常生活對話,reform,"n. 改革,改良",
日常生活對話,refugee,n. 難民;流亡者,
日常生活對話,refusal,n. 拒絕,
日常生活對話,register,"n. 登記,註冊",
日常生活對話,registration,"n. 登記,註冊,掛號",
日常生活對話,regulation,"n. 規章;規則,規定;條例",
日常生活對話,rejection,n. 拒絕;退回,
日常生活對話,relative,n. 親戚,
日常生活對話,relaxation,"n. 緩和,放寬,減輕",
日常生活對話,remark,"n. 言辭;談論,評論",
醫療與健康,remedy,n. 治療;治療法;藥物,
日常生活對話,repetition,n. 重複;反覆,
日常生活對話,representation,"n. 代表,代理",
日常生活對話,reputation,"n. 名譽,名聲",
日常生活對話,rescue,n. 援救;營救,
教育與學術,research,"n. (學術)研究;調查,探究",
教育與學術,researcher,n. 研究員;調查者,
居家與生活,reservation,n. 保留(意見);預訂的房間(或席座),
商務與職場,resignation,n. 辭職;放棄,
日常生活對話,resistance,"n. 抵抗,反抗",
日常生活對話,resolution,n. 決心;決定;解決,
飲食與餐飲,resolve,"n. 決心,決意;堅決,剛毅,果斷",
商務與職場,restriction,n. 限制;約束;限定;限制規定,
日常生活對話,retirement,n. 退休,
日常生活對話,retreat,n. 撤退,
日常生活對話,reunion,n. 團聚;重聚,
日常生活對話,revenge,n. 報仇;報復,
教育與學術,revision,n. 修訂;校訂;修正,
日常生活對話,revolution,n. 革命;循環,
日常生活對話,revolutionary,n. 革命者,
日常生活對話,reward,n. 報答;報償;獎賞,
日常生活對話,rhyme,"n. 韻,韻腳",
日常生活對話,rhythm,n. 節奏;韻律,
自然與環境,romance,"n. 戀愛,風流韻事;愛情小說",
交通與旅遊,route,n. 路;路線;路程,
居家與生活,ruin,n. 毀滅;崩潰;廢墟;傾家蕩產,
日常生活對話,sacrifice,"n. 牲禮,祭品",
商務與職場,salary,"n. 薪資,薪水",
日常生活對話,salesman,n. 售貨員,
日常生活對話,salesperson,"n. 店員,售貨員",
日常生活對話,saleswoman,n. 女店員;售貨員,
自然與環境,satellite,n. 衛星,
情緒與性格,satisfaction,"n. 滿意,滿足",
交通與旅遊,scenery,n. 風景,
日常生活對話,scold,n. 責罵,
醫療與健康,scratch,n. 抓痕;擦傷,
日常生活對話,screwdriver,n. 螺絲刀;螺絲起子,
日常生活對話,sculpture,"n. 雕刻品,雕塑品;雕",
日常生活對話,seagull,n. 海鷗,
教育與學術,senior,n. 資深人士;(大學)四年級生,
日常生活對話,settler,n. 殖民者;開拓者,
日常生活對話,shaver,n. 理髮師,
日常生活對話,shelter,n. 遮蓋物;避難所,
休閒與運動,shift,n. 移動,
日常生活對話,shrug,n. 聳肩,
交通與旅遊,shuttle,n. (織機的)梭;短程運行的車輛,
交通與旅遊,sightseeing,"n. 觀光,遊覽",
日常生活對話,significance,"n. 重要性,重要",
情緒與性格,sincerity,n. 真實;誠心誠意,
日常生活對話,singular,n. 單數,
日常生活對話,site,"n. 地點,場所",
交通與旅遊,sketch,"n. 速寫,素描",
自然與環境,sled,n. 平底雪橇,
自然與環境,sledge,n. 雪橇,
自然與環境,sleigh,n. (輕便)雪橇,
日常生活對話,slight,n. 輕蔑;怠慢,
日常生活對話,slogan,"n. 口號,標語",
日常生活對話,smog,n. 煙霧,
日常生活對話,sneeze,n. 噴嚏,
日常生活對話,sob,"n. 嗚咽(聲),啜泣(聲)",
日常生活對話,socket,n. 插座;插口,
科技與數位,software,n. 軟體,
教育與學術,sophomore,n. (大學;高中的)二年級學生,
交通與旅遊,souvenir,"n. 紀念品,紀念物",
日常生活對話,spare,n. 備用品;備用零件,
自然與環境,spark,"n. 火花,火星",
自然與環境,sparkle,"n. 火花;閃耀,閃光",
日常生活對話,sparrow,n. 麻雀,
自然與環境,spear,n. 矛;魚叉,
日常生活對話,species,n. 種類;種,
日常生活對話,split,n. 分裂;分割,
交通與旅遊,sportsman,n. 運動家;願意冒險的人,
交通與旅遊,sportsmanship,"n. 運動員精神,運動道德",
居家與生活,sportswoman,n. 女運動家,
日常生活對話,status,"n. 狀況,狀態",
自然與環境,stem,"n. 莖,(樹)幹,(葉)柄",
教育與學術,stroke,"n. 中風;打,擊;(寫字,繪畫的)一筆",
日常生活對話,submarine,n. 潛艇,
日常生活對話,suggestion,"n. 建議,提議",
日常生活對話,surf,n. 海浪,
醫療與健康,surgeon,n. 外科醫生,
日常生活對話,surgery,n. (外科)手術,
日常生活對話,surrender,"n. 投降,自首",
日常生活對話,surroundings,n. 周圍的事物;周圍的情況,
休閒與運動,sway,n. 搖動;搖擺;影響,
日常生活對話,syllable,n. 音節,
情緒與性格,sympathy,"n. 同情,同情心;弔唁",
休閒與運動,symphony,"n. 交響樂,交響曲",
飲食與餐飲,syrup,n. 糖漿,
科技與數位,technician,"n. 技術人員,技師",
日常生活對話,telegram,n. 電報,
科技與數位,telegraph,"n. 電報,電信",
日常生活對話,telescope,n. 望遠鏡,
日常生活對話,tendency,n. 傾向;癖性,
日常生活對話,tension,n. 緊張;張力,
情緒與性格,terror,"n. 恐怖,驚駭",
日常生活對話,theme,n. 主題思想;題材,
日常生活對話,tolerance,"n. 寬容,寬大",
日常生活對話,tomb,n. 墓;墓碑,
情緒與性格,tragedy,n. 悲劇,
日常生活對話,transfer,n. 移交;轉讓,
日常生活對話,translation,n. 譯文;譯本,
日常生活對話,translator,n. 譯者,
交通與旅遊,transportation,n. 運輸;輸送;交通車輛,
日常生活對話,triumph,n. 勝利,
自然與環境,tug of war,n. 拔河,
日常生活對話,twinkle,"n. 閃爍,閃耀",
日常生活對話,typist,n. 打字員,
交通與旅遊,underpass,n. 地下通道,
日常生活對話,unique,n. 獨一無二的人(或事物),
日常生活對話,universal,n. 普通性;普遍現象,
教育與學術,university,n. 大學,
日常生活對話,urge,n. 強烈的慾望,
日常生活對話,usage,"n. 使用,用法",
飲食與餐飲,vegetarian,n. 素食者,
休閒與運動,verb,n. 動詞,
交通與旅遊,vessel,"n. 船,艦;器皿;血管",
日常生活對話,vinegar,n. 醋,
日常生活對話,violation,n. 違反;違背,
日常生活對話,virgin,n. 處女,
日常生活對話,virtue,n. 美德;優點,
醫療與健康,virus,n. 病毒,
日常生活對話,volcano,n. 火山,
商務與職場,volunteer,"n. 志願者,義工",
日常生活對話,vowel,n. 母音字母,
交通與旅遊,voyage,n. 乘船旅遊; 空中旅行,
日常生活對話,walnut,n. 胡桃;胡桃色,
交通與旅遊,website,n. 網站,
日常生活對話,weekly,n. 週刊;週報,
日常生活對話,welfare,n. 福利;社會救濟,
自然與環境,wit,n. 機智;風趣,
日常生活對話,witch,"n. 女巫,巫婆",
日常生活對話,witness,n. 目擊者;證詞;證據,
日常生活對話,wizard,n. 奇才;高手;男巫,
交通與旅遊,wreck,"n. (船等的)失事,遇難",
日常生活對話,wrinkle,n. 皺;皺紋,
日常生活對話,yogurt,n. 優格,
日常生活對話,abrupt,adj. 突然的;意外的,
日常生活對話,absurd,adj. 荒謬的;愚蠢的,
日常生活對話,abundant,adj. 大量的;充足的; 豐富的,
日常生活對話,ace,adj. 第一流的;突出的,
日常生活對話,adolescent,adj. 青少年的;未成熟的,
日常生活對話,agricultural,adj. 農業的,
日常生活對話,airtight,adj. 密閉的;無懈可擊的,
交通與旅遊,alien,adj. 外國的;外國人的,
情緒與性格,allergic,adj. 過敏的,
日常生活對話,alternate,adj. 輪流的,
日常生活對話,ample,adj. 大量的;充裕的,
日常生活對話,antique,adj. 年代久遠的;古董的,
日常生活對話,apt,adj. 易於...的;恰當的;聰明的,
交通與旅遊,astray,adj. 迷路的;離開正道的,
日常生活對話,barbarian,adj. 野蠻(人)的,
日常生活對話,barefoot,adj. 赤腳的,
日常生活對話,barren,adj. 貧瘠的;荒蕪的;不妊的,
日常生活對話,bass,adj. 低沈的;男低音的,
情緒與性格,beloved,adj. 心愛的,
日常生活對話,beneficial,adj. 有益的;有利的,
日常生活對話,blond,adj. 白膚金髮碧眼的,
日常生活對話,blonde,adj. 白膚金髮碧眼的,
飲食與餐飲,bodily,adj. 肉體的;身體的;有形的,
日常生活對話,bronze,adj. 青銅製的;青銅色的,
日常生活對話,carefree,adj. 無憂無慮的;輕鬆愉快的,
日常生活對話,cautious,adj. 十分小心的;謹慎的,
日常生活對話,centigrade,adj. 攝氏的,
日常生活對話,chestnut,adj. 栗色的,
日常生活對話,chubby,adj. 圓胖的,
日常生活對話,civic,adj. 城市的;市民的,
醫療與健康,clockwise,adj. 順時針方向的;右旋的,
日常生活對話,colonial,adj. 殖民地的;殖民的,
日常生活對話,commonplace,adj. 平凡的;普通的,
日常生活對話,communist,adj. 共產主義的,
日常生活對話,compact,adj. 緊密的;結實的;小型的,
情緒與性格,compassionate,adj. 有同情心的;慈悲的,
日常生活對話,compound,"adj. 合成的,複合的",
日常生活對話,considerate,adj. 體諒的,
日常生活對話,constitutional,adj. 憲法的;生來的,
日常生活對話,contagious,adj. 接觸傳染的;(感情等)感染性的,
日常生活對話,contemporary,adj. 當代的,
日常生活對話,continental,adj. 洲的;大陸的,
日常生活對話,coral,adj. 珊瑚的;珊瑚色的,
日常生活對話,corrupt,adj. 腐敗的;貪污的,
醫療與健康,counterclockwise,adj. 逆時針方向的,
日常生活對話,cowardly,adj. 膽小的;懦怯的,
日常生活對話,cozy,adj. 舒適的;愜意的,
日常生活對話,crystal,adj. 水晶的,
日常生活對話,descriptive,adj. 描寫的;描述性的,
日常生活對話,destructive,adj. 破壞的;毀滅性的,
日常生活對話,distinctive,adj. 有特色的;特殊的,
自然與環境,downward,"adj. 向下的,下降的;日趨沒落的",
日常生活對話,dreadful,adj. 可怕的,
飲食與餐飲,elaborate,"adj. 精心製作的;煞費苦心的,辛勤的",
日常生活對話,enthusiastic,adj. 熱情的;熱烈的,
日常生活對話,erect,adj. 豎起的,
日常生活對話,eternal,adj. 永久的;永恆的,
日常生活對話,evergreen,adj. 常綠的;常青的,
日常生活對話,exceptional,adj. 例外的;異常的;特殊的,
日常生活對話,excess,adj. 過量的;額外的,
居家與生活,executive,adj. 執行的;行政部門的,
日常生活對話,extensive,adj. 廣大的;廣闊的,
日常生活對話,exterior,adj. 外部的;外面的,
日常生活對話,external,adj. 外面的;外來的,
日常生活對話,extinct,adj. (火等)熄滅了的;絕種的,
日常生活對話,extraordinary,adj. 異常的;特別的,
日常生活對話,federal,adj. 聯邦(制)的,
日常生活對話,feeble,adj. 虛弱的;軟弱的,
自然與環境,feminine,adj. 女性的;女孩氣的;陰性的,
醫療與健康,forgetful,adj. 健忘的,
情緒與性格,foul,adj. 惡臭的;污濁的;惡劣的;犯規的,
情緒與性格,frantic,adj. (因喜悅或憤怒等)發狂似的,
日常生活對話,gay,adj. 同性戀的,
教育與學術,geographical,adj. 地理學的;地理的,
日常生活對話,gorgeous,adj. 燦爛的;華麗的;極好的,
情緒與性格,grim,adj. 無情的;嚴厲的;恐怖的,
日常生活對話,gross,adj. 總的;粗略的;令人噁心的,
飲食與餐飲,hardy,adj. 能吃苦耐勞的;(植物等)耐寒的,
醫療與健康,hearty,adj. 衷心的;健壯的;豐盛的,
自然與環境,heavenly,adj. 天堂般的,
情緒與性格,heroic,adj. 英雄的;英勇的,
日常生活對話,heterosexual,adj. 異性戀的,
日常生活對話,hoarse,adj. (嗓音)嘶啞的,
日常生活對話,homosexual,adj. 同性戀的,
日常生活對話,horizontal,adj. 水平的;橫的,
日常生活對話,hostile,adj. 敵方的;懷敵意的,
日常生活對話,immense,adj. 巨大的;廣大的,
日常生活對話,imperial,adj. 帝國的,
日常生活對話,indifferent,adj. 不感興趣的;中立的;無關緊要的,
情緒與性格,indignant,adj. 憤怒的;憤慨的,
日常生活對話,indispensable,adj. 必不可少的;必需的,
日常生活對話,infinite,adj. 無限的,
日常生活對話,initiate,adj. 新加入的,
日常生活對話,inland,adj. 內地的;內陸的,
日常生活對話,innumerable,adj. 無數的,
日常生活對話,intent,adj. 專注的;熱切的;堅決要做的,
日常生活對話,interior,adj. 內的;內部的,
日常生活對話,inward,"adj. 裡面的,內部的;內心的;向內的",
日常生活對話,jolly,"adj. 快活的,高興的",
自然與環境,juvenile,adj. 少年的;孩子氣的;幼年的,
日常生活對話,kin,adj. 有親屬關係的;同類的;類似的,
教育與學術,knowledgeable,adj. 博學的;有見識的,
交通與旅遊,lame,adj. 跛腳的;站不住腳的,
日常生活對話,lifelong,adj. 終身的;一輩子的,
交通與旅遊,locomotive,adj. 活動的;移動的;火車頭的,
情緒與性格,lofty,adj. 高聳的;極高的;高傲的,
日常生活對話,lonesome,adj. 寂寞的;孤單的;荒涼的,
日常生活對話,maiden,adj. 未婚的;少女的;初次的,
日常生活對話,majestic,adj. 雄偉的;威嚴的;崇高的,
日常生活對話,manifest,adj. 顯然的;清楚的,
日常生活對話,marginal,adj. 頁邊的;邊緣的;不重要的,
日常生活對話,marine,adj. 海的;海生的;海軍陸戰隊的,
日常生活對話,martial,adj. 戰爭的;軍事的;尚武的,
自然與環境,masculine,adj. 男性的;男子氣概的,
日常生活對話,massive,adj. 厚實的;粗大的;大量的,
日常生活對話,migrant,adj. 移居(尤指移出國境)的;流浪的,
日常生活對話,minimal,adj. 最小的;極微的,
日常生活對話,mock,adj. 假的;假裝的;模擬的,
日常生活對話,monstrous,adj. 怪異的;駭人聽聞的;巨大的,
日常生活對話,mortal,adj. 會死的;凡人的;致命的;極度的,
飲食與餐飲,muscular,adj. 肌肉的;健壯的,
自然與環境,naive,adj. 天真的;幼稚的;輕信的,
日常生活對話,nasty,adj. 齷齪的;卑鄙的;難處理的,
日常生活對話,nonviolent,adj. 非暴力的,
日常生活對話,notable,adj. 值得注意的;顯著的,
日常生活對話,noticeable,adj. 顯而易見的;顯著的,
日常生活對話,nude,adj. 裸的;與生俱有的,
日常生活對話,oblong,adj. 橢圓形的,
日常生活對話,obstinate,adj. 頑固的;頑強的,
日常生活對話,olive,adj. 橄欖的;橄欖色的,
日常生活對話,oriental,adj. (珍珠等)光輝奪目的;優質的,
商務與職場,outgoing,adj. 直率的;往外的;即將離職的;友善的,
日常生活對話,outward,adj. 向外的;往外去的,
日常生活對話,overall,"adj. 總的,全部的,全面的",
情緒與性格,pacific,adj. (大寫) 太平洋的; 愛好和平的; 溫和的;平靜的,
日常生活對話,parallel,"adj. 平行的,同方向的",
日常生活對話,passionate,adj. 熱情的;激昂的,
日常生活對話,patent,adj. 專利的,
日常生活對話,permissible,adj. 可允許的,
日常生活對話,poetic,adj. 詩的;韻文的,
日常生活對話,polar,adj. 北極的;南極的;截然對立的,
日常生活對話,potential,"adj. 潛在的,可能的",
日常生活對話,prehistoric,adj. 史前的;舊式的,
日常生活對話,priceless,adj. 無價的;稀世之珍的,
日常生活對話,prior,adj. 在先的;在前的;居先的,
居家與生活,ragged,adj. 破爛的;不整潔的;參差不齊的,
日常生活對話,rear,"adj. 後面的,背後的",
日常生活對話,reckless,adj. 不在乎的;魯莽的,
休閒與運動,reptile,adj. 爬行動物(似)的,
日常生活對話,republican,adj. 共和政體的,
居家與生活,resident,"adj. 居住的,定居的;常駐的",
日常生活對話,reverse,adj. 顛倒的;相反的;反向的,
日常生活對話,ridiculous,"adj. 可笑的,荒謬的;滑稽的",
日常生活對話,rigid,adj. 堅硬的;嚴格的;死板的,
醫療與健康,robust,adj. 強健的;健全的;結實的,
日常生活對話,rugged,adj. 高低不平的;粗糙的;粗線條的,
日常生活對話,sacred,adj. 神的;神聖的,
飲食與餐飲,salmon,"adj. 鮭肉色的,淺澄色的",
日常生活對話,savage,adj. 野性的;兇猛的;殘酷的,
日常生活對話,secure,adj. 安全的牢固的,
日常生活對話,shabby,adj. 破爛的;破舊的;邋遢的,
自然與環境,sloppy,adj. 懶散的;草率的,
日常生活對話,sly,adj. 狡猾的,
飲食與餐飲,sober,adj. 清醒的;沒喝醉的;嚴肅的,
日常生活對話,sole,adj. 單獨的;唯一的,
日常生活對話,solemn,adj. 嚴肅的;莊嚴的;鄭重的,
日常生活對話,solitary,adj. 單獨的;唯一的;隱居的,
醫療與健康,sovereign,adj. 最高統治者的;具有獨立主權的,
日常生活對話,squat,adj. 蹲著的;矮胖的,
教育與學術,statistical,adj. 統計的;統計學的,
日常生活對話,stern,adj. 嚴厲的;堅定的,
日常生活對話,stout,adj. 矮胖的;結實的;牢固的,
日常生活對話,straightforward,adj. 一直向前的;正直的;簡單易懂的,
交通與旅遊,stray,adj. 迷路的;流浪的;零星的,
日常生活對話,structural,adj. 建築上的;建築用的;結構上的,
醫療與健康,sturdy,adj. 結實的;健康的;堅固的,
日常生活對話,stylish,adj. 時髦的;漂亮的,
日常生活對話,substantial,adj. 大量的;實在的,
日常生活對話,superficial,adj. 外表的;粗略的;膚淺的,
日常生活對話,supreme,"adj. 最高的,至上的",
日常生活對話,tan,adj. 鞣革的;棕褐色的,
教育與學術,tentative,adj. 試驗性的;暫時性的;猶豫的,
日常生活對話,terminal,adj. 末端的;終點的,
醫療與健康,toxic,adj. 毒(性)的;有毒的,
日常生活對話,transparent,adj. 透明的;一目了然的;易懂的,
日常生活對話,trim,adj. 整齊的;苗條的,
日常生活對話,triple,adj. 三倍的;三重的,
日常生活對話,underneath,adj. 下面的;底層的,
日常生活對話,understandable,adj. 可理解的;能懂的,
日常生活對話,upright,adj. 挺直的;直立的;正直的,
日常生活對話,upward,adj. 向上的;升高的,
日常生活對話,utter,adj. 徹底的;十足的;絕對的,
日常生活對話,vague,adj. (形狀等)模糊不清的;曖昧的,
自然與環境,velvet,adj. 天鵝絨製的;柔軟光滑的,
休閒與運動,verbal,adj. 言辭上的;動詞的,
日常生活對話,vertical,adj. 垂直的;豎的,
日常生活對話,vigorous,adj. 精力充沛的,
日常生活對話,wary,adj. 小心翼翼的;謹防的,
日常生活對話,weary,adj. 疲倦的;厭倦的,
日常生活對話,weird,adj. 怪誕的,
日常生活對話,wholesale,adj. 批發的,
醫療與健康,wholesome,adj. 有益健康的;強健的,
日常生活對話,widespread,adj. 分佈(或散佈)廣的,
自然與環境,worthwhile,adj. 值得花費時間(或金錢)的,
日常生活對話,worthy,adj. 值得的,
日常生活對話,abide,v. 忍受;等候,
日常生活對話,abolish,v. 廢除;廢止,
日常生活對話,accustom,v. 使習慣於,
日常生活對話,acknowledge,v. 承認,
情緒與性格,adore,v. 崇拜;愛慕,
日常生活對話,ally,v. 使結盟;使聯姻,
日常生活對話,alter,v. 改變;修改,
日常生活對話,alternate,v. 輪流,
居家與生活,anchor,v. 拋錨;繫住;主持電視新聞節目,
日常生活對話,applaud,v. 向...鼓掌;稱讚,
居家與生活,armor,v. 穿盔甲(或加裝甲);提供防禦,
日常生活對話,ascend,v. 登高;上升;,
日常生活對話,assault,v. 攻擊;抨擊;施暴,
飲食與餐飲,astonish,"v. 使吃驚,使驚訝",
日常生活對話,awe,v. 使敬畏;使畏怯,
交通與旅遊,ballot,v. 投票;投票表決,
日常生活對話,ban,v. 禁止;取締,
日常生活對話,banquet,v. 宴請,
日常生活對話,batter,v. 連續猛擊;搗毀;把...用舊,
日常生活對話,beautify,v. 使更加美麗;美化,
日常生活對話,beware,v. 當心;提防,
日常生活對話,bid,v. 吩咐;(拍賣中)喊價,
飲食與餐飲,blast,v. 炸開;吹奏;嚴厲批評,
醫療與健康,blaze,v. 燃燒;閃耀;炫示,
日常生活對話,bleach,v. 漂白;曬得褪色;使脫色,
日常生活對話,blot,v. 污損(名譽);(用吸墨紙)吸乾,
日常生活對話,blur,v. 使模糊不清;使朦朧,
休閒與運動,bog,v. 陷入泥沼;動彈不得,
飲食與餐飲,bolt,v. 閂上;用螺栓拴緊;吞吃;衝出,
日常生活對話,boom,v. 發出隆隆聲;激增;暴漲;興旺,
休閒與運動,bound,v. 與...接界;跳躍;彈回,
日常生活對話,brace,v. 支撐;做好準備,
日常生活對話,braid,v. 編成辮子;編成穗帶;編結,
日常生活對話,bribe,v. 向...行賄,
日常生活對話,broaden,v. 變寬;變闊;擴大,
飲食與餐飲,brood,v. 孵蛋;籠罩;沈思;沮喪,
日常生活對話,browse,v. 瀏覽,
飲食與餐飲,bruise,v. 使受瘀傷;碰傷(水果);挫傷(感情),
日常生活對話,bulge,v. 膨脹;凸起;裝滿,
日常生活對話,bully,v. 脅迫;欺侮,
日常生活對話,butcher,v. 屠宰(牲口),
日常生活對話,cannon,v. 開砲;砲轟,
日常生活對話,caution,v. 警告;使小心,
飲食與餐飲,cellar,v. 把...藏入地窖(或酒窖),
教育與學術,certificate,v. 發證書給;用證書批准,
休閒與運動,chant,v. 反覆地唱(或說);吟誦,
日常生活對話,chatter,v. 喋喋不休;吱吱叫,
日常生活對話,cite,v. 引用;舉出;表揚,
居家與生活,clasp,v. 扣住;鉤住;緊抱;緊握,
日常生活對話,cling,v. 黏著;依附;墨守,
日常生活對話,cluster,v. 使成簇(或群);叢生,
居家與生活,clutch,v. 抓住;攫取,
居家與生活,cocoon,v. 緊緊包住;使(自己)孤立,
日常生活對話,coil,v. 捲;盤繞;捲成圈,
日常生活對話,combat,v. 戰鬥;搏鬥;反對,
日常生活對話,commission,"v. 委任,委託",
交通與旅遊,commute,v. 減刑;通勤,
居家與生活,compact,v. 使緊密;壓緊;使簡潔,
日常生活對話,compass,"v. 圖謀,計劃;包圍;達到;理解",
日常生活對話,compel,v. 強迫;強求,
日常生活對話,compliment,v. 讚美;恭維,
情緒與性格,compound,v. 使惡化;使混合;使合成;以複利計算; 妥協,
日常生活對話,comprehend,v. 理解;領會;包含,
日常生活對話,compromise,v. 妥協;危及;洩露(祕密等),
日常生活對話,compute,v. 計算;估算;推斷,
科技與數位,computerize,v. 使電腦化;用電腦處理,
日常生活對話,conceal,"v. 隱蔽,隱藏",
日常生活對話,conceive,v. 構想出;設想;懷孕,
日常生活對話,condemn,v. 責備;譴責;判刑,
日常生活對話,conduct,"v. 引導,帶領",
日常生活對話,confront,v. 面臨;遭遇,
日常生活對話,consent,v. 同意;贊成,
日常生活對話,conserve,v. 保存;保護;節省,
日常生活對話,console,v. 安慰;慰問,
自然與環境,contaminate,v. 弄髒;污染,
教育與學術,contemplate,v. 凝視;思忖;仔細考慮,
日常生活對話,contend,v. 爭取;競爭;搏鬥;聲稱,
日常生活對話,convert,v. 轉變;變換;改變信仰,
日常生活對話,convict,v. 證明...有罪;判...有罪,
教育與學術,copyright,v. 為(書籍等)取得版權,
日常生活對話,corrupt,v. 使腐敗;使墮落;賄賂,
日常生活對話,counsel,v. 忠告;提議,
日常生活對話,crater,v. 使成坑; 形成坑,
日常生活對話,creak,v. 發出咯吱咯吱聲,
日常生活對話,crib,v. 作弊;抄襲,
日常生活對話,crouch,v. 蹲伏;彎腰,
日常生活對話,crunch,v. 嘎吱作響地咬嚼(或踩、壓),
居家與生活,curb,v. 控制;遏止;勒住,
醫療與健康,curry,v. 梳刷(馬等);鞣製;用咖喱燒,
日常生活對話,dart,v. 投擲(標槍等);投射;狂奔,
自然與環境,dazzle,v. 使眼花;使驚羨,
日常生活對話,decay,v. 腐朽;衰退,
日常生活對話,deceive,"v. 欺騙,蒙蔽",
日常生活對話,delegate,v. 委派...為代表,
情緒與性格,despair,"v. 絕望,喪失信心",
日常生活對話,despise,v. 鄙視,
飲食與餐飲,devour,v. 狼吞虎嚥地吃;吞沒,
日常生活對話,discard,"v. 拋棄,摒棄,丟棄",
日常生活對話,discriminate,v. 歧視;區分出,
醫療與健康,dispense,v. 分配;執行;配(藥),
日常生活對話,dispose,v. 配置;處置,
飲食與餐飲,distress,v. 使悲痛;使苦惱,
日常生活對話,document,v. 用文件證明,
日常生活對話,drape,v. (用布等鬆軟地)覆蓋;垂掛,
日常生活對話,dwarf,v. 使顯得矮小;阻礙生長,
居家與生活,dwell,v. 居住;存在於;思索,
休閒與運動,eclipse,v. 蝕;遮蔽;使失色;投下陰影,
日常生活對話,elaborate,v. 精心製作,
商務與職場,elevate,v. 提高;振奮;升職,
居家與生活,embrace,v. 擁抱;包含;抓住(機會等),
日常生活對話,endeavor,v. 努力;力圖,
日常生活對話,enroll,"v. 把...記入名冊,登記",
日常生活對話,ensure,v. 保證;擔保,
日常生活對話,entitle,v. 給...權力(或資格),
日常生活對話,equate,v. 用符號表示某種關係;等同,
日常生活對話,erect,"v. 使豎立,使豎直",
日常生活對話,erupt,v. 噴出;爆發,
交通與旅遊,escort,v. 護送;為...護航;陪同,
日常生活對話,esteem,v. 尊重;評價,
日常生活對話,exceed,v. 超過;勝過,
日常生活對話,excel,v. 勝過;突出,
情緒與性格,exclaim,v. 呼喊;驚叫,
日常生活對話,exclude,v. 拒絕接納;排除在外,
日常生活對話,execute,v. 實施;執行;處死,
日常生活對話,exile,v. 流放;放逐,
日常生活對話,falter,v. 踉蹌;搖晃;結巴地說話,
居家與生活,fascinate,"v. 迷住,使神魂顛倒",
醫療與健康,fatigue,v. 使疲勞,
休閒與運動,fiddle,v. 拉提琴;胡來;騙取,
日常生活對話,filter,v. 過濾;滲透,
自然與環境,flake,v. 使成薄片;像雪花般覆蓋,
休閒與運動,flap,v. (上下或前後)拍動;(鳥)振(翅),
日常生活對話,flaw,v. 使破裂;使有缺陷,
日常生活對話,flick,v. 疾飛;掠過,
日常生活對話,flip,v. (為作出決定而)擲(硬幣);輕拋,
日常生活對話,flourish,v. 茂盛;繁茂;興旺,
日常生活對話,format,v. 編排或安排成某種形式,
居家與生活,foul,v. 污染;玷污;犯規;塞住,
休閒與運動,freight,v. 裝貨於;運輸(貨物),
情緒與性格,fume,v. 冒煙;薰;發怒,
交通與旅遊,fuse,v. 把保險絲接入(電路);熔接;裝引信,
日常生活對話,fuss,v. 忙亂;小題大作;爭辯,
休閒與運動,gallop,v. (馬等)疾馳;飛跑,
自然與環境,gasp,v. 倒抽一口氣;喘氣,
情緒與性格,glare,v. 怒目注視;眩目地照射,
日常生活對話,gleam,v. 發微光;閃現,
日常生活對話,glitter,v. 閃爍;光彩奪目,
情緒與性格,gloom,v. 變陰暗;感到沮喪,
日常生活對話,gnaw,v. 啃;嚙;折磨,
日常生活對話,gobble,v. 狼吞虎嚥;(火雞)咯咯地叫,
飲食與餐飲,gorge,v. 塞飽;狼吞虎嚥地吃,
日常生活對話,grant,"v. 同意,准予",
飲食與餐飲,graze,v. 吃草;放牧;擦傷,
日常生活對話,grease,v. 塗油脂於;賄賂,
日常生活對話,grip,v. 握牢;(咬或夾)牢;掌握,
日常生活對話,groan,v. 呻吟;抱怨,
日常生活對話,gross,v. 獲得...總收入(或毛利),
日常生活對話,growl,v. (狗等)嗥叫;(人)咆哮,
日常生活對話,grumble,v. 發牢騷;咕噥;發轟隆聲,
居家與生活,gulp,v. 狼吞虎嚥;大口地吸(氣);哽住,
自然與環境,gust,v. 吹強風,
居家與生活,gut,v. 取出內臟;損毀(房屋等)的內部,
日常生活對話,handicap,"v. 妨礙,使不利",
日常生活對話,harness,v. 上挽具;套(馬);駕馭,
休閒與運動,haul,v. 拖;拉;拖運,
日常生活對話,haunt,v. (鬼魂等)常出沒於;縈繞;常去,
居家與生活,hedge,v. 用樹籬圍住;兩面下注,
日常生活對話,heed,v. 留心;注意,
日常生活對話,heighten,v. 加高;增高;增加,
日常生活對話,herald,v. 宣佈;通報;預示...的來臨,
日常生活對話,hijack,v. 劫持,
日常生活對話,hiss,v. 發出嘶嘶聲;發出噓聲,
日常生活對話,honk,v. 發雁鳴;按喇叭,
居家與生活,hood,v. 罩上兜帽(或風帽);加罩於,
日常生活對話,hound,v. (用獵狗等)追獵;緊追,
日常生活對話,hover,v. 盤旋;徘徊,
情緒與性格,howl,v. 嗥叫;怒吼;大哭;大笑,
日常生活對話,hurl,v. 猛力投擲;發射;厲聲叫罵,
休閒與運動,hymn,v. 唱聖歌;唱讚美詩,
商務與職場,impose,v. 徵(稅);加(負擔等)於,
情緒與性格,incense,v. 激怒;敬香,
日常生活對話,index,v. 編索引,
日常生活對話,induce,v. 導致;誘導;歸納出,
日常生活對話,indulge,v. 沈迷於;滿足(慾望等);縱容,
日常生活對話,inherit,"v. 繼承(傳統,遺產等)",
教育與學術,initiate,v. 創始;初學;(通過儀式)接納新成員,
日常生活對話,inquire,v. 訊問;查問;調查,
日常生活對話,institute,v. 創立;設立;開始,
日常生活對話,insure,v. 投保;確保,
日常生活對話,issue,v. 發行;發佈,
日常生活對話,jack,v. 用千斤頂托起,
交通與旅遊,jaywalk,v. 不守交通規則橫穿馬路,
日常生活對話,jeer,v. 嘲笑;嘲弄,
日常生活對話,jingle,v. 發出叮噹聲,
日常生活對話,jolly,v. 用好話勸(某人)做...;開玩笑,
飲食與餐飲,jug,v. (用罐)煮;燉;監禁,
日常生活對話,justify,v. 證明...是正當的;辯解,
休閒與運動,kindle,v. 點燃;煽動;照亮,
日常生活對話,lame,v. 使跛腳;使...變得無力,
日常生活對話,layer,v. 把...堆積成層,
日常生活對話,league,v. 使結盟;使聯合,
日常生活對話,lessen,v. 變小;變少;減輕,
自然與環境,lime,v. 撒石灰於,
日常生活對話,limp,v. 跛行,
日常生活對話,linger,v. 繼續逗留;持續;磨蹭,
居家與生活,lodge,v. 租房間給...住;申訴;暫住;投宿,
自然與環境,lumber,v. 伐木;(英國)拖累,
日常生活對話,lump,v. 弄成一團;歸併到一起,
日常生活對話,magnify,v. 放大;擴大;誇張,
日常生活對話,manifest,v. 表明;顯示,
情緒與性格,marvel,v. 感到驚訝;感到好奇,
日常生活對話,mash,v. 把...搗成糊狀;壓碎,
日常生活對話,massage,v. 給...按摩(或推拿),
日常生活對話,mediate,v. 調停解決;傳達,
情緒與性格,menace,v. 威脅;恐嚇,
日常生活對話,mingle,v. 使混合;使相混;交往,
情緒與性格,moan,v. 呻吟;嗚咽;悲歎,
日常生活對話,mock,v. 嘲弄;(為取笑而)模仿,
日常生活對話,modernize,v. 使現代化,
日常生活對話,modify,v. 更改;修改,
日常生活對話,moss,v. 以苔覆蓋;使長滿苔蘚,
日常生活對話,mound,v. 築牆防衛;堆起; 積成堆,
交通與旅遊,mount,v. 登上;騎上;鑲嵌;發動(攻勢),
醫療與健康,mourn,v. 哀痛;哀悼,
日常生活對話,mumble,v. 含糊地說;咕噥,
日常生活對話,mutter,v. 咕噥;抱怨,
情緒與性格,nag,v. 使煩惱;糾纏不休;不斷嘮叨,
交通與旅遊,navigate,v. 航行於;飛行於;操縱;導航,
飲食與餐飲,nibble,v. 一點點地咬(或吃),
日常生活對話,nickel,v. 鍍鎳於,
日常生活對話,nominate,v. 提名;任命,
日常生活對話,notify,v. 通知;公佈,
日常生活對話,orient,v. 使...朝東;定方位;使熟悉情況,
日常生活對話,ornament,v. 裝飾;美化,
日常生活對話,outdo,v. 勝過;超越,
日常生活對話,output,v. 生產;使出;輸出,
醫療與健康,overdo,v. 把...做得過分;使過於疲勞,
飲食與餐飲,overeat,v. 吃得過飽,
日常生活對話,overflow,v. 滿(或多)得溢出,
日常生活對話,overhear,v. 無意中聽到;偷聽,
日常生活對話,oversleep,v. 睡過頭,
日常生活對話,overwhelm,v. 壓倒;征服;使受不了,
商務與職場,overwork,v. 使工作過度;使過勞;過度使用,
交通與旅遊,paddle,v. 用槳划(船),
日常生活對話,parallel,v. 與...平行;比得上,
日常生活對話,patch,v. 補綴;修補;拼湊,
日常生活對話,patent,v. 取得...的專利權,
日常生活對話,patrol,v. 巡邏;巡查,
日常生活對話,peck,v. 琢;輕吻,
日常生活對話,peek,v. 偷看;窺視,
自然與環境,peg,v. 用木釘釘;用木夾夾,
居家與生活,penetrate,v. 穿過;透過;識破;滲透入,
日常生活對話,perceive,v. 察覺;感知;意識到,
自然與環境,perch,v. (鳥)飛落;棲息;(在較高處)暫歇,
日常生活對話,peril,v. 使有危險;危及,
日常生活對話,perish,v. 消滅;暴卒;枯萎,
日常生活對話,persist,v. 堅持;固執,
日常生活對話,pinch,v. 擰;夾,
日常生活對話,piss,v. 小便,
日常生活對話,pistol,v. 用手槍射擊,
日常生活對話,plead,v. 為(案件)辯護;懇求,
日常生活對話,pledge,v. 保證給予;許諾;發誓,
交通與旅遊,plow,v. 犁;耕;開(路);破(浪)前進,
日常生活對話,pluck,v. 採;拔...的毛;扯,
日常生活對話,plunge,v. 投入;將...插入;急降,
日常生活對話,poke,v. 戳;捅;撥弄,
交通與旅遊,preach,v. 佈道;說教,
日常生活對話,prevail,v. 勝過;優勝;流行,
教育與學術,preview,v. 試演;試映,
飲食與餐飲,prey,v. 捕食;掠奪,
飲食與餐飲,prick,v. 刺(穿);扎(穿);使內心極度痛苦,
日常生活對話,profile,v. 畫側面像;描出輪廓;寫傳略,
日常生活對話,prolong,v. 延長;拉長;拖延,
日常生活對話,prop,v. 支撐;維持;架;擱,
日常生活對話,proportion,v. 使成比例;使平衡;分攤,
日常生活對話,prospect,v. 勘探;找礦,
日常生活對話,prune,v. 修剪;修整;修枝,
日常生活對話,publicize,v. 宣傳;公佈;廣告,
自然與環境,puff,v. 一陣陣地吹;喘氣;用粉撲施粉,
休閒與運動,pulse,v. 搏動;跳動;振動,
日常生活對話,purchase,"v. 買,購買",
日常生活對話,quack,v. (鴨)呱呱叫,
日常生活對話,qualify,v. 使具有資格,
休閒與運動,quiver,v. 顫抖;抖動(翅膀等),
日常生活對話,rack,v. 把...放在架子上,
日常生活對話,rally,v. 召集;團結;重新振作,
日常生活對話,ranch,v. 經營牧場(或農場),
情緒與性格,rattle,v. 使發出咯咯聲;使驚惶失措,
日常生活對話,reap,v. 收割;收穫,
日常生活對話,reckon,v. 認為;把...看作;覺得;測量,
日常生活對話,recommend,"v. 推薦,介紹",
日常生活對話,reel,v. 捲;繞,
休閒與運動,referee,v. 為...擔任裁判;仲裁,
日常生活對話,refute,v. 駁斥;反駁,
醫療與健康,reign,v. 君臨;統治,
情緒與性格,rejoice,v. 欣喜;慶祝,
日常生活對話,repay,v. 償還;報答,
日常生活對話,reproduce,v. 繁殖;複製,
情緒與性格,resent,v. 憤慨;怨恨,
居家與生活,reside,v. 居住;駐在,
日常生活對話,resort,v. 訴諸;憑藉,
商務與職場,restrain,v. 抑制;約束,
日常生活對話,resume,v. 重新開始;繼續;恢復,
日常生活對話,retort,v. 反駁;回嘴,
日常生活對話,reverse,v. 翻轉;倒退;反向,
日常生活對話,revive,v. 復甦;恢復生機;使甦醒,
日常生活對話,revolt,v. 反叛;起義;使反感,
日常生活對話,revolve,v. 旋轉;自轉;以...為中心,
日常生活對話,rib,v. 裝肋於;嘲弄,
日常生活對話,ridge,v. 使成脊狀,
居家與生活,rifle,"v. 洗劫,劫掠",
日常生活對話,rim,v. 形成邊緣;顯出邊緣,
日常生活對話,rip,v. 撕;扯,
日常生活對話,ripple,v. 起漣漪;(頭髮等)呈波狀,
日常生活對話,rival,v. 與...競爭;比得上,
交通與旅遊,roam,v. 漫步;漫遊;流浪,
交通與旅遊,rumble,v. (雷等)隆隆響;(車輛)轆轆行駛,
自然與環境,rustle,v. (樹葉;紙等)沙沙作響;使沙沙作響,
日常生活對話,saddle,v. 給(馬背)裝鞍;使負擔,
日常生活對話,saint,v. 使成為聖徒,
日常生活對話,salute,v. 向...行禮;向...致敬,
日常生活對話,savage,v. 兇猛地攻擊;激烈抨擊,
日常生活對話,scan,v. 細看;審視,
醫療與健康,scar,v. 結疤;留下傷痕,
日常生活對話,scent,v. 嗅;聞,
日常生活對話,scheme,"v. 策劃,密謀",
日常生活對話,scorn,v. 輕蔑;藐視,
日常生活對話,scramble,v. 攀爬;雜亂蔓延;爭奪,
日常生活對話,scrap,v. 將...作為廢物;將...拆毀,
自然與環境,scrape,v. 刮;擦;勉強過日子,
日常生活對話,scroll,v. 使成卷形;用渦卷飾裝飾,
日常生活對話,secure,v. 把...弄牢;關緊,
日常生活對話,segment,v. 分割;切成片,
日常生活對話,sharpen,"v. 削尖,磨快",
日常生活對話,shatter,v. 粉碎;砸碎,
日常生活對話,shield,v. 保護;庇護;掩蓋,
日常生活對話,shiver,v. 發抖;打顫,
日常生活對話,shove,v. 推;撞;亂塞,
日常生活對話,shred,v. 切成條狀;用碎紙機撕毀(文件),
日常生活對話,shriek,v. 尖叫;發出尖聲,
日常生活對話,shudder,v. 發抖;戰慄,
居家與生活,shutter,v. 為...裝遮板(或快門等);關(店),
日常生活對話,simmer,v. 煨;燉;(危機等)即將爆發,
日常生活對話,slam,v. 猛地關上;砰地放下;打成滿貫,
日常生活對話,slap,v. 摑...耳光;侮辱,
日常生活對話,slaughter,v. 屠宰;屠殺,
日常生活對話,slay,v. 殺死;殺害,
日常生活對話,slump,v. (沈重地)倒下;(經濟)衰落,
休閒與運動,smash,v. 粉碎;瓦解;殺球,
日常生活對話,snarl,v. 吠;咆哮;纏結,
交通與旅遊,snatch,v. 奪走;抓住,
交通與旅遊,sneak,"v. 偷偷地走,溜",
日常生活對話,sniff,v. 嗅;用力吸;抽鼻涕,
日常生活對話,snore,v. 打鼾,
情緒與性格,snort,v. 噴鼻息;輕蔑(或憤怒)地哼,
日常生活對話,soak,v. 浸泡;使濕透,
飲食與餐飲,sober,v. 使醒酒;使清醒;變得嚴肅,
日常生活對話,soften,v. 使變柔軟;使變和藹,
居家與生活,sole,v. 給(鞋等)裝底(或換底),
休閒與運動,solo,v. 單獨地; 單獨表演;單飛,
日常生活對話,sow,v. 播(種),
日常生活對話,sponge,v. (用海綿)揩拭;海綿般地吸收,
日常生活對話,spotlight,v. 聚光照明;使公眾注意,
休閒與運動,sprint,v. 奮力而跑;衝刺,
日常生活對話,spur,v. 用靴刺踢;鞭策;鼓勵,
日常生活對話,squash,v. 把...壓扁(壓碎);鎮壓,
日常生活對話,squat,v. 蹲坐;蜷伏,
日常生活對話,stack,v. 把...疊成堆;堆放,
日常生活對話,stagger,v. 搖搖晃晃;蹣跚而行,
日常生活對話,stain,v. 沾污;染污;染色,
交通與旅遊,stake,"v. 把...押下打賭,拿...冒險",
日常生活對話,stall,v. 把...關入畜舍;使拋錨;支吾;拖延,
情緒與性格,startle,v. 使驚嚇;使驚奇,
交通與旅遊,steer,"v. 掌(船)舵,駕駛",
日常生活對話,stereotype,v. 使成為陳規;把...澆鑄成鉛板,
日常生活對話,stew,v. (用文火)燉;使極度不安;悶熱冒汗,
情緒與性格,stink,v. 發惡臭;名聲臭,
日常生活對話,stoop,v. 屈身;彎腰駝背;屈尊,
日常生活對話,straighten,v. 把...弄直;澄清,
醫療與健康,strain,v. 拉緊;伸張;竭力;扭傷;過濾,
日常生活對話,strand,v. 使擱淺;處於困境,
居家與生活,strap,v. 用帶捆綁(或束住),
交通與旅遊,stray,v. 迷路;流浪;分心;入歧途,
交通與旅遊,streak,v. 形成條紋;疾駛;閃現,
交通與旅遊,stride,v. 邁大步走;跨越,
日常生活對話,stroll,v. 散步;溜達,
日常生活對話,stumble,v. 絆腳;絆倒;踉蹌,
醫療與健康,stump,v. 砍去...的幹;作巡迴政治演說,
飲食與餐飲,stun,v. 使昏迷;使大吃一驚,
日常生活對話,stutter,v. 結結巴巴地說話,
日常生活對話,submit,v. 提交;呈遞;使服從,
日常生活對話,substitute,v. 用...代替;代替,
日常生活對話,summon,v. 召喚,
日常生活對話,supervise,v. 監督;管理;指導,
日常生活對話,suppress,v. 鎮壓;壓制;抑制,
日常生活對話,surge,v. (海浪)洶湧;激增,
日常生活對話,suspend,v. 使中止,
日常生活對話,sustain,v. 支撐;承受,
日常生活對話,swamp,v. 使陷入沼澤;淹沒;使陷入困境,
休閒與運動,swarm,v. 成群地移動(或飛行);擠滿,
情緒與性格,sympathize,v. 同情;憐憫,
日常生活對話,tackle,v. 著手對付(或處理);擒抱並摔倒,
日常生活對話,tan,v. 曬成棕褐色;鞣(皮),
日常生活對話,tangle,v. 使糾結;使混亂,
日常生活對話,tar,v. 塗焦油於;玷污;污辱,
日常生活對話,taunt,v. 辱罵;嘲笑;奚落,
日常生活對話,tempt,v. 引誘;誘惑,
居家與生活,tenant,"v. 租,租賃;居住於",
居家與生活,terrace,v. 使成梯形地,
醫療與健康,thrill,v. 使興奮;使激動;使毛骨悚然;顫抖,
日常生活對話,throng,v. 擠滿;湧入,
日常生活對話,thrust,v. 用力推;刺;插,
日常生活對話,tick,v. 發滴答聲;責備,
日常生活對話,tile,v. 鋪砌瓦(或瓷磚等),
日常生活對話,tilt,v. 使傾斜;使翹起;偏向,
日常生活對話,tin,v. 把...裝罐,
日常生活對話,tiptoe,v. 踮著腳,
飲食與餐飲,toil,v. 苦幹;艱難地行進,
醫療與健康,torch,v. 如火炬般地燃燒,
飲食與餐飲,torment,v. 使痛苦;折磨;煩擾,
日常生活對話,torture,v. 拷打;拷問;折磨,
交通與旅遊,tramp,v. 腳步沈重地行走;踐踏;流浪,
日常生活對話,trample,v. 踩;踐踏;蔑視,
日常生活對話,trench,v. 挖溝;挖戰壕,
休閒與運動,trifle,v. 戲弄;輕視,
日常生活對話,trim,v. 修剪;修整;整理;削減,
日常生活對話,triple,v. 使成三倍;三倍於,
休閒與運動,trot,v. (馬等)小跑;(人)慢跑,
日常生活對話,tuck,v. 把...塞進;使有褶襉,
休閒與運動,umpire,v. 仲裁;當裁判,
日常生活對話,underline,v. 劃線於...之下;強調,
日常生活對話,update,v. 使...合乎時代;更新,
日常生活對話,utter,v. 發出(聲音等);說;講,
日常生活對話,vacuum,v. 吸塵,
日常生活對話,veil,v. 用帷幕分隔;掩飾;戴面紗,
交通與旅遊,venture,v. 冒險;大膽行事,
日常生活對話,veto,v. 否決;反對,
休閒與運動,vibrate,v. 顫動;振動;震動,
日常生活對話,videotape,v. 將(節目)錄到帶子上,
日常生活對話,vow,v. 發誓要;鄭重宣告,
日常生活對話,wade,v. 涉水而行;艱難地前進,
情緒與性格,wail,v. 慟哭;(警笛等)尖嘯;哀訴,
日常生活對話,ward,v. 避開;擋開,
日常生活對話,warehouse,v. 把...存入倉庫,
情緒與性格,weary,v. 使疲倦;使厭煩,
日常生活對話,wharf,v. 靠碼頭,
情緒與性格,whine,v. 發哀鳴聲;發牢騷,
日常生活對話,whirl,v. 旋轉;迴旋,
飲食與餐飲,whisk,v. 撢;打(蛋等); 迅速移動,
日常生活對話,wholesale,v. 以批發方式,
日常生活對話,widow,v. 使成寡婦(或鰥夫),
日常生活對話,wither,v. 枯萎;凋謝,
日常生活對話,worship,v. 崇拜;拜神;做禮拜,
日常生活對話,wring,v. 絞;擰;緊握,
交通與旅遊,yacht,v. 駕快艇;乘遊艇,
日常生活對話,yarn,v. 講故事;長談,
交通與旅遊,yield,v. 出產;使屈服;讓路,
日常生活對話,zip,v. 以尖嘯聲行進;拉開拉鍊,
日常生活對話,zoom,v. 發出嗡嗡聲;將畫面推近或拉遠,
交通與旅遊,astray,adv. 迷路;離開正道,
日常生活對話,awhile,adv. 片刻,
日常生活對話,barefoot,adv. 赤著腳地,
日常生活對話,beforehand,adv. 事先;提前地,
飲食與餐飲,bodily,adv. 親身地;以肉體形式;整體地,
醫療與健康,clockwise,adv. 順時針方向地;右旋地,
醫療與健康,counterclockwise,adv. 逆時針方向地,
自然與環境,downward,adv. 向下;日趨沒落地;(時間)往後推移地,
日常生活對話,downwards,adv. 向下,
日常生活對話,foul,adv. 違反規則地;不正當地,
日常生活對話,hence,adv. 因此;由此,
日常生活對話,inland,adv. 向內地;向內陸,
日常生活對話,inward,adv. 向內;向中心,
日常生活對話,inwards,adv. 向內,
日常生活對話,jolly,"adv. 非常,很",
日常生活對話,meantime,adv. 其間;同時,
日常生活對話,nonetheless,adv. 但是;仍然,
日常生活對話,nowhere,adv. 任何地方都不,
交通與旅遊,outward,"adv. 向外;出海,出港",
交通與旅遊,outwards,"adv. 向外;出海,出港;顯而易見地",
日常生活對話,overall,adv. 總的來說;大體上,
日常生活對話,partly,adv. 部分地,
日常生活對話,prior,adv. 在前;居先,
日常生活對話,slap,adv. 砰地;猛然地,
日常生活對話,solo,adv. 單獨地,
日常生活對話,tiptoe,adv. 踮著腳,
日常生活對話,underneath,adv. 在下面;在底下,
日常生活對話,undoubtedly,adv. 毫無疑問地;肯定地,
日常生活對話,upright,adv. 挺直地;垂直地;豎著,
日常生活對話,upward,adv. 向上;在上面;以上;超過,
日常生活對話,upwards,"adv. 向上地,朝上",
日常生活對話,whereabouts,adv. 在哪裡,
日常生活對話,wholesale,adv. 以批發方式;全部地,
日常生活對話,midst,prep. 在...之中,
日常生活對話,underneath,prep. 在...下面,
日常生活對話,versus,prep. (常略作v.或vs.)與...相對,
交通與旅遊,via,prep. 經由;取道;憑藉,
情緒與性格,lest,conj. 惟恐;免得;擔心,
日常生活對話,whereas,conj. (常用在句首)反之;而,
日常生活對話,abortion,n. 墮胎,
教育與學術,academy,n. 學院;大學;研究院,
居家與生活,ace,n. (紙牌)A;么點牌;專家;發球得分,
日常生活對話,acknowledgement,n. 承認;確認;致謝;回音;公證狀,
日常生活對話,acne,n. 粉刺,
日常生活對話,admiral,n. 艦隊司令; 海軍上將,
日常生活對話,adolescence,n. 青春期,
日常生活對話,adolescent,n. 青少年,
日常生活對話,adulthood,n. 成年(期),
商務與職場,advertiser,n. 刊登廣告者;廣告客戶,
情緒與性格,affection,n. 愛慕;鍾愛,
日常生活對話,agenda,n. 議程,
飲食與餐飲,agony,n. 極度痛苦,
商務與職場,AI,n. 人工智慧 (artificial intelligence),
交通與旅遊,airway,n. 風道;氣道;航空公司,
交通與旅遊,aisle,n. 通道;走道,
日常生活對話,algebra,n. 代數,
交通與旅遊,alien,n. 外國人;外星人,
醫療與健康,allergy,n. 過敏症,
日常生活對話,alligator,n. 短吻鱷,
日常生活對話,ally,n. 同盟國;同盟者,
日常生活對話,alternate,n. 代替者;候補者,
日常生活對話,altitude,n. 高度;海拔,
日常生活對話,anchor,n. 錨;靠山;電視新聞節目主持人,
日常生活對話,anthem,n. 國歌;頌歌,
自然與環境,antique,n. 古物;古董;古風,
飲食與餐飲,applause,"n. 鼓掌歡迎,喝采",
日常生活對話,architect,n. 建築師,
教育與學術,architecture,n. 建築學,
日常生活對話,arena,n. 體育場;競技場,
休閒與運動,armor,n. 盔甲;裝甲;(動、植物)保護層,
飲食與餐飲,ass,n. 驢子;笨蛋;太自負的人,
日常生活對話,assault,n. 暴行;攻擊;抨擊;施暴,
商務與職場,asset,"n. 財產,資產",
情緒與性格,astonishment,n. 驚訝;驚愕,
交通與旅遊,astronaut,"n. 太空人,宇航員",
居家與生活,astronomer,n. 天文學家,
教育與學術,astronomy,n. 天文學,
日常生活對話,attendance,n. 出席;出席人數;侍候,
日常生活對話,auditorium,n. 會堂;禮堂,
休閒與運動,auxiliary,n. 輔助者;助動詞,
日常生活對話,awe,n. 敬畏;畏怯,
日常生活對話,bachelor,n. 單身漢,
醫療與健康,backbone,n. 脊柱;支柱;骨幹,
日常生活對話,badge,n. 徽章;證章,
交通與旅遊,ballot,n. 選票;候選人名單,
日常生活對話,ban,n. 禁止;禁令,
自然與環境,bandit,n. 強盜;土匪,
日常生活對話,banner,n. 旗幟;橫幅;大標題,
日常生活對話,banquet,n. 盛宴,
日常生活對話,barbarian,n. 野蠻人,
日常生活對話,barbershop,n. 理髮店,
休閒與運動,bass,n. 男低音;低音樂器;鱸魚,
日常生活對話,batch,n. 一批;一群;一爐;一團,
日常生活對話,batter,n. 打擊手;糊狀物,
商務與職場,bazaar,n. (中東的)市場;商店街;義賣,
日常生活對話,behalf,n. 代表,
日常生活對話,belongings,n. 財產;攜帶物品,
情緒與性格,beloved,n. 心愛的人,
日常生活對話,bid,n. 出價,
日常生活對話,blacksmith,n. 鐵匠,
自然與環境,blast,n. (一陣)疾風;突然吹奏;爆破,
日常生活對話,blaze,n. 火焰;火災;光輝;掃射,
日常生活對話,bleach,n. 漂白;漂白劑,
自然與環境,blizzard,n. 大風雪,
日常生活對話,blond,n. 白膚金髮碧眼的人,
日常生活對話,blonde,n. 白膚金髮碧眼的女人,
日常生活對話,blot,n. 墨水漬;污漬;污點,
日常生活對話,blues,n. 藍調;憂鬱,
日常生活對話,blur,n. 模糊;模糊不清的事物,
日常生活對話,bodyguard,n. 保鏢;護衛隊,
自然與環境,bog,n. 沼澤;泥塘,
居家與生活,bolt,n. 門栓;螺栓;電光;衝撞,
日常生活對話,bonus,n. 獎金;額外津貼;分紅,
交通與旅遊,boom,n. 隆隆聲;景氣;激增;暴漲,
飲食與餐飲,booth,n. (有篷的)貨攤;崗亭;(餐廳等)雅座,
日常生活對話,boredom,n. 無聊;厭倦,
居家與生活,bosom,n. 胸;乳房;(衣服的)襟;胸懷,
教育與學術,botany,n. 植物學;(總稱)一個地區的植物,
交通與旅遊,boulevard,n. 林蔭大道;大馬路,
休閒與運動,bound,n. 跳躍;領域;界限,
日常生活對話,boundary,n. 邊界;分界線;界限,
日常生活對話,bowel,n. 腸;內部;深處,
日常生活對話,boxer,n. 拳擊手;拳師;拳師狗,
日常生活對話,boxing,n. 拳擊;拳術;裝箱,
日常生活對話,boyhood,n. (男姓的)童年,
醫療與健康,brace,n. 支柱;大括號;(牙齒)矯正器,
日常生活對話,braid,n. 髮辮;穗帶,
日常生活對話,breadth,n. 寬度;幅度;寬宏,
日常生活對話,bribe,n. 賄賂,
日常生活對話,briefcase,n. 公事包,
日常生活對話,bronze,n. 青銅;青銅製品;古銅色,
醫療與健康,brooch,n. 女用胸針(或領針),
居家與生活,brood,n. 一窩孵出的雛鳥;一家的孩子們,
飲食與餐飲,broth,n. (用肉、蔬菜等煮成的)湯,
日常生活對話,brotherhood,n. 兄弟關係;同志關係,
日常生活對話,browse,n. 瀏覽,
飲食與餐飲,bruise,n. 青腫;(水果等)碰傷;挫傷,
日常生活對話,bulge,n. 腫脹;凸塊;增長,
日常生活對話,bulk,n. 體積;容積;大塊;大多數,
情緒與性格,bully,n. 恃強欺弱者;惡霸,
日常生活對話,bureau,n. 事務處,
飲食與餐飲,butcher,n. 肉販,
日常生活對話,cactus,n. 仙人掌,
日常生活對話,calf,n. 小牛;(鯨、象等的)幼兒;小腿,
教育與學術,calligraphy,n. 書法;筆跡,
休閒與運動,canal,n. 運河;河渠,
日常生活對話,cannon,n. 大砲;榴彈砲,
日常生活對話,carbon,n. 碳;複寫紙,
日常生活對話,cardboard,n. 硬紙板;卡紙板,
日常生活對話,caretaker,n. 照顧者;管理人,
日常生活對話,carnation,n. 康乃馨;淡紅色,
日常生活對話,carnival,n. 狂歡節;嘉年華會,
自然與環境,carp,n. 鯉魚,
日常生活對話,carton,n. 紙盒;紙板箱,
日常生活對話,category,n. 種類;類別,
教育與學術,cathedral,n. 大教堂,
日常生活對話,caution,n. 小心;謹慎;警告,
日常生活對話,celebrity,n. 名人;名流,
飲食與餐飲,celery,n. 芹菜,
飲食與餐飲,cellar,n. 地下室;地窖;酒窖,
休閒與運動,cello,n. 大提琴,
科技與數位,cellphone,"n. 手機,大哥大",
科技與數位,cell-phone,"n. 手機,大哥大",
科技與數位,cellular phone,"n. 手機,大哥大",
日常生活對話,Centigrade,n. 攝氏度,
日常生活對話,ceremony,"n. 儀式,典禮",
教育與學術,certificate,n. 證明書;執照,
日常生活對話,chair,n. 椅子,
日常生活對話,chairman,n. 主席,
日常生活對話,chairperson,n. 主席(沒有性別歧視的字眼),
日常生活對話,chairwoman,n. 女主席;女議長,
休閒與運動,chant,n. 詠唱;吟誦;單調的語調,
日常生活對話,chatter,n. 嘮叨;饒舌;吱吱聲,
交通與旅遊,checkbook,n. 支票簿,
交通與旅遊,check-in,n. 辦理投宿(或登機)手續;報到,
居家與生活,check-out,n. 檢查;調查;付款退租;下班離開,
日常生活對話,checkup,n. 檢查;體檢,
飲食與餐飲,chef,n. (餐館等的)主廚;大師傅,
居家與生活,chemist,n. 化學家,
自然與環境,chestnut,n. 栗子;栗樹;栗色,
日常生活對話,chili,n. 紅番椒,
日常生活對話,chimpanzee,n. 黑猩猩,
教育與學術,choir,n. (教堂的)唱詩班;合唱團,
休閒與運動,chord,n. (樂器的)弦;心弦;弦桿;和音,
交通與旅遊,circuit,n. 環道;一圈;巡迴路線;電路,
日常生活對話,clam,n. 蛤;蚌;守口如瓶的人,
居家與生活,clan,n. 氏族;部落;家族,
日常生活對話,clasp,n. 扣子;鉤子;夾子;緊握;緊抱,
日常生活對話,clause,n. (文件的)條款;子句,
日常生活對話,clover,n. 苜蓿,
日常生活對話,cluster,n. 串;簇;群,
日常生活對話,clutch,n. 爪子;手;掌握;攫取;離合器,
日常生活對話,coastline,n. 海岸線,
日常生活對話,cocoon,n. 繭,
日常生活對話,coil,n. (一)捲;(一)圈;(一)匝;線圈,
日常生活對話,colleague,"n. 同事,同僚",
教育與學術,colonel,n. 陸軍上校,
日常生活對話,colonial,n. 殖民地居民,
日常生活對話,combat,n. 戰鬥;格鬥;反對,
休閒與運動,comedian,n. 喜劇演員,
自然與環境,comet,n. 彗星,
日常生活對話,commentator,n. (電臺、電視臺等)時事評論者,
日常生活對話,commission,n. 佣金,
商務與職場,commodity,n. 商品;日用品,
日常生活對話,commonplace,n. 司空見慣的事;老生常談,
日常生活對話,communism,n. 共產主義,
日常生活對話,communist,n. 共產主義者,
交通與旅遊,commuter,n. 通勤者,
交通與旅遊,compact,n. 連鏡小粉盒;小型轎車,
醫療與健康,compass,n. 羅盤;指南針;圓規,
情緒與性格,compassion,n. 憐憫;同情,
日常生活對話,compliment,n. 恭維;問候;致意,
日常生活對話,compound,n. 混合物,
日常生活對話,comprehension,n. 理解;理解力,
日常生活對話,compromise,n. 妥協;危及;(原則等的)放棄,
日常生活對話,comrade,n. 夥伴;同事;(共產黨的)同志,
休閒與運動,conduct,"n. 行為,品行,舉動",
日常生活對話,confession,n. 承認;供認;告解,
日常生活對話,consent,n. 同意;贊成,
飲食與餐飲,conserve,"n. 糖漬食品,蜜餞;果醬",
日常生活對話,console,n. 操縱臺,
醫療與健康,constitutional,n. 保健散步;保健運動,
日常生活對話,contemporary,n. 同時代的人;同年齡的人;同時期的東西,
日常生活對話,contempt,n. 輕視;(對法庭等的)藐視,
日常生活對話,continuity,n. 連續性;一貫性,
日常生活對話,convict,n. (服刑的)囚犯,
日常生活對話,copyright,n. 版權;著作權,
日常生活對話,coral,n. 珊瑚,
商務與職場,corporation,n. 股份(有限)公司,
日常生活對話,correspondence,n. 一致;相對應;通信;(總稱)信件,
交通與旅遊,corridor,"n. 迴廊,通道",
商務與職場,counsel,n. 商議;忠告;法律顧問,
教育與學術,counselor,n. 顧問;(學生的)輔導員;律師,
交通與旅遊,coupon,n. 回數票;減價優待券,
醫療與健康,courtyard,n. 庭院;天井,
飲食與餐飲,cracker,n. (淡或鹹的)薄脆餅乾;鞭炮,
日常生活對話,crater,n. 火山口;巨大坑洞,
日常生活對話,creak,n. 咯吱咯吱聲,
自然與環境,creek,n. 小河;溪,
居家與生活,crib,n. 嬰兒床,
自然與環境,crocodile,n. 鱷魚,
居家與生活,crossing,"n. 交叉;交叉點,橫穿;雜交",
日常生活對話,crouch,n. 蹲伏(姿勢),
日常生活對話,crunch,n. 嘎吱吱(咬嚼)聲音;關鍵時刻,
日常生活對話,crystal,n. 水晶,
飲食與餐飲,cuisine,n. 烹飪(法);菜餚,
交通與旅遊,curb,n. 人行道旁的水泥(或石)邊;抑制,
日常生活對話,currency,n. 通貨;貨幣,
教育與學術,curriculum,n. 學校的全部課程,
日常生活對話,curry,n. 咖喱,
交通與旅遊,customs,n. 關稅;報關手續;海關出入境口,
日常生活對話,dart,n. 標槍;鏢;飛奔,
日常生活對話,dazzle,n. 耀眼的光;令人讚歎的東西,
醫療與健康,decay,n. 腐爛;蛀牙,
日常生活對話,declaration,"n. 宣佈,宣告;宣言,聲明",
商務與職場,delegate,n. 代表;會議代表,
日常生活對話,delegation,n. 授權;代表團,
日常生活對話,democrat,n. 民主主義者,
日常生活對話,denial,n. 否認;拒絕,
情緒與性格,despair,n. 絕望,
日常生活對話,destination,"n. 目的地,終點",
休閒與運動,destiny,n. 命運;天數,
居家與生活,detergent,"n. 洗潔劑,洗衣粉",
日常生活對話,devotion,n. 奉獻,
日常生活對話,dialect,n. 方言,
日常生活對話,disbelief,n. 不信;懷疑,
日常生活對話,discard,"n. 拋棄,丟棄",
居家與生活,disciple,n. 信徒;門徒,
日常生活對話,distinction,n. 區別;殊勳;榮譽,
飲食與餐飲,distress,n. 悲痛;苦惱,
日常生活對話,document,n. 文件;證件,
居家與生活,doorstep,n. 門階,
居家與生活,doorway,n. 出入口;門口,
居家與生活,dormitory,n. 學生宿舍,
飲食與餐飲,dough,n. 生麵糰;現款,
居家與生活,drape,n. 簾(尤指窗簾);幔,
居家與生活,dresser,n. 衣櫃,
日常生活對話,dressing,"n. 打扮;佈置,裝飾;(拌沙拉等用的)調料",
交通與旅遊,driveway,n. 車道,
日常生活對話,duration,"n. 持續,持久",
日常生活對話,dusk,"n. 薄暮,黃昏",
休閒與運動,dwarf,n. 矮子;矮小的動(植)物,
居家與生活,dwelling,n. 住處;寓所,
日常生活對話,eclipse,n. 蝕;被遮蔽;黯然失色,
自然與環境,eel,n. 鰻魚,
日常生活對話,ego,n. 自我;自負,
日常生活對話,embrace,n. 擁抱,
日常生活對話,endeavor,n. 努力;盡力,
日常生活對話,enrollment,n. 登記;入會;入伍;登記人數,
商務與職場,enterprise,"n. 企業,公司",
交通與旅遊,escort,n. 護衛隊;護航隊;護送;護航,
日常生活對話,estate,n. 地產,
日常生活對話,esteem,n. 尊重;評價,
日常生活對話,ethic,n. 倫理標準,
自然與環境,evergreen,n. 常綠樹;萬年青,
日常生活對話,exaggeration,n. 誇張,
日常生活對話,excess,n. 超越;過量,
商務與職場,executive,n. 執行者;業務主管,
日常生活對話,exile,n. 流放;流亡;被流放者,
日常生活對話,extension,n. 伸長;擴大;延期,
交通與旅遊,exterior,n. 外部;外表;外景,
日常生活對話,external,n. 外表;表面,
日常生活對話,eyelash,n. (一根)睫毛;(一根)眼毛,
日常生活對話,eyelid,n. 眼皮;眼瞼,
日常生活對話,fabric,n. 布料;織品,
自然與環境,fad,n. 一時的流行(或風尚),
日常生活對話,Fahrenheit,n. 華氏溫標,
醫療與健康,fatigue,n. 疲勞;勞累,
日常生活對話,feminine,n. 女性;陰性;陰性詞(或形式),
日常生活對話,fertilizer,n. 肥料,
日常生活對話,fiancé (n.),未婚夫,
日常生活對話,fiancée (n.),未婚妻,
日常生活對話,fiber,n. 纖維,
休閒與運動,fiddle,n. 小提琴;欺詐,
日常生活對話,filter,n. 濾器,
日常生活對話,fin,n. 鰭;鰭狀物,
日常生活對話,fishery,n. 漁業,
日常生活對話,flake,n. 小薄片,
休閒與運動,flap,n. 薄片;(信封的)蓋口;拍動,
日常生活對話,flaw,n. 缺點;瑕疵;裂隙,
日常生活對話,flick,n. (鞭子的)輕打;(手指的)輕彈,
日常生活對話,flip,n. 輕彈;輕擊,
休閒與運動,flourish,n. 揮舞;炫耀性的動作,
日常生活對話,fluency,n. 流暢;流暢的說話(或寫作),
日常生活對話,foe,n. 敵人;反對者,
自然與環境,foil,n. 箔;花劍劍術,
日常生活對話,folklore,n. 民間傳說,
日常生活對話,format,n. 版式;形式,
休閒與運動,foul,n. (比賽中)犯規,
飲食與餐飲,fowl,n. 禽;禽肉,
日常生活對話,fraction,n. 小部分;片段;碎片,
日常生活對話,framework,n. 架構;組織,
交通與旅遊,freight,n. (船運的)貨物;運費,
日常生活對話,frontier,n. 邊境;邊疆;新領域,
自然與環境,fume,n. 煙;氣;憤怒,
情緒與性格,fury,n. 狂怒;狂暴;猛烈,
日常生活對話,fuse,n. 保險絲;引信,
日常生活對話,fuss,n. 忙亂;小題大作;爭論,
交通與旅遊,gallop,n. (馬等的)疾馳;騎馬奔馳,
居家與生活,garment,n. 服裝;衣著,
自然與環境,gasp,n. 倒抽一口氣;喘氣,
日常生活對話,gathering,"n. 集會,聚集",
日常生活對話,gay,n. 同性戀者,
日常生活對話,gender,n. 性別,
教育與學術,geometry,n. 幾何學,
自然與環境,glacier,n. 冰河,
情緒與性格,glare,n. 瞪眼;怒視;刺眼的強光,
日常生活對話,gleam,n. 微光;閃光;一絲,
休閒與運動,glee,n. 快樂;歡欣,
日常生活對話,glitter,n. 閃光;光彩;(裝飾用)小發光物,
自然與環境,gloom,n. 陰暗;暗處;沮喪的氣氛,
飲食與餐飲,gorge,n. 峽谷;暴食,
日常生活對話,gorilla,n. 大猩猩,
教育與學術,gospel,n. 基督教教義;福音書,
教育與學術,grant,"n. 獎學金,助學金",
日常生活對話,gravity,n. 地心吸力,
日常生活對話,grease,n. 油脂;賄賂,
日常生活對話,greed,n. 貪心,
居家與生活,grip,n. 緊握;(咬或夾)住;理解;掌握,
日常生活對話,groan,n. 呻吟聲;抱怨(聲),
日常生活對話,gross,n. 總額;總量,
日常生活對話,growl,n. 嗥叫(聲);咆哮,
日常生活對話,grumble,n. 牢騷;轟隆聲,
醫療與健康,guideline,n. 指南;指導方針,
日常生活對話,gulp,n. 吞嚥;一(大)口;哽塞(聲),
自然與環境,gust,n. 一陣強風,
自然與環境,gut,n. 腸子;內臟;勇氣,
休閒與運動,gypsy,n. 吉普賽人;流浪者,
日常生活對話,hairdo,"n. 髮式,髮型; 做頭髮",
日常生活對話,hairstyle,n. 髮型,
日常生活對話,handicap,"n. 障礙,不利條件",
商務與職場,handicraft,n. 手工藝;手工藝品,
日常生活對話,harness,n. 馬具;挽具;保險帶,
休閒與運動,haul,n. 拖;拉;拖運;一次獲得的量,
日常生活對話,haunt,n. 常去之處,
自然與環境,hedge,n. 樹籬;界限;兩面下注,
日常生活對話,heed,n. 留心;注意,
日常生活對話,heir,n. 繼承人;嗣子,
日常生活對話,herald,n. 報信者;使者;先驅,
醫療與健康,herb,n. 草本植物;藥草,
日常生活對話,hermit,n. 隱士,
日常生活對話,heroic,n. (常用 heroics ) 英雄辭令;豪壯行為,
日常生活對話,heterosexual,n. 異性戀的人,
日常生活對話,hi-fi,n. 高傳真的音響裝置,
日常生活對話,hijack,n. 劫持事件,
日常生活對話,hiss,n. 嘶嘶聲;噓聲,
休閒與運動,hockey,n. 曲棍球,
日常生活對話,homosexual,n. 同性戀者,
交通與旅遊,honk,n. 雁鳴或汽車喇叭聲,
交通與旅遊,hood,n. 兜帽;風帽;罩;車蓋,
日常生活對話,hoof,n. 蹄,
日常生活對話,horizontal,n. 水平線;水平面;水平位置,
日常生活對話,hostage,n. 人質;抵押品,
日常生活對話,hound,n. 獵犬;卑劣的人,
居家與生活,housing,"n. 房屋,住宅",
日常生活對話,hover,n. 盤旋;徘徊,
情緒與性格,howl,n. 嗥叫;怒吼;大哭;大笑,
日常生活對話,hurl,n. 猛力投擲,
日常生活對話,hymn,n. 讚美詩;聖歌,
飲食與餐飲,idiot,n. 白癡;笨蛋,
休閒與運動,impulse,n. 衝動;推動力,
日常生活對話,incense,n. 香,
日常生活對話,index,n. 索引;標誌;指示符號,
日常生活對話,indifference,n. 漠不關心;無關緊要,
教育與學術,initiate,n. 初學者;新加入者,
日常生活對話,inland,"n. 內地,內陸",
教育與學術,institute,"n. (專科性的)學校,大學;研究所",
日常生活對話,intent,n. 意圖;目的,
日常生活對話,interference,"n. 干涉,干預;擾亂",
日常生活對話,interior,n. 內部;內地,
日常生活對話,interpretation,n. 解釋;闡明,
日常生活對話,interpreter,n. 通譯員,
日常生活對話,intuition,n. 直覺,
交通與旅遊,isle,n. 小島,
日常生活對話,issue,n. 問題;爭論;發行(物),
日常生活對話,ivy,n. 常春藤,
日常生活對話,jack,"n. 千斤頂;(紙牌中的)J牌,杰克;水手",
日常生活對話,jade,n. 玉;玉製品;綠玉色,
居家與生活,janitor,n. 清潔工;管理員;看門人,
日常生活對話,jasmine,n. 茉莉;淡黃色,
日常生活對話,jeer,n. 嘲笑;奚落人的話,
日常生活對話,jingle,n. (鈴、硬幣等金屬的)叮噹聲,
日常生活對話,jolly,n. 快活 (常用 jollies),
教育與學術,journalism,n. 新聞業;新聞學,
商務與職場,journalist,n. 新聞工作者,
日常生活對話,jug,n. 水罐;甕;壺;監牢,
日常生活對話,jury,n. 陪審團,
教育與學術,juvenile,n. 青少年;幼體;兒童讀物,
居家與生活,kin,n. 家族;同類,
日常生活對話,lad,n. 男孩;小伙子,
居家與生活,landlady,n. 女房東,
居家與生活,landlord,n. 房東,
自然與環境,laser,n. 雷射,
自然與環境,lash,n. 鞭打;(風浪等的)猛烈打擊;斥責,
日常生活對話,latitude,n. 緯度;,
日常生活對話,lawmaker,n. 立法者,
日常生活對話,layer,n. 層;階層;地層,
日常生活對話,league,"n. 同盟,聯盟",
日常生活對話,legislation,n. 立法;法規,
日常生活對話,lieutenant,n. 中尉(或少尉);助理官,
日常生活對話,likelihood,n. 可能;可能性,
飲食與餐飲,lime,n. 石灰;酸橙,
日常生活對話,limp,n. 跛行,
居家與生活,livestock,n. (總稱)家畜,
日常生活對話,lizard,n. 蜥蜴,
交通與旅遊,locomotive,n. 火車頭,
自然與環境,locust,n. 蝗蟲,
交通與旅遊,lodge,n. 木屋;小旅舍;守衛室,
商務與職場,logo,n. 商標,
日常生活對話,longitude,n. 經度,
交通與旅遊,lottery,n. 獎券;彩票;抽籤;運氣,
自然與環境,lotus,n. 蓮花,
自然與環境,lumber,n. 木材;木料,
日常生活對話,lump,n. 團;塊;腫塊;小方塊,
日常生活對話,maiden,n. 少女;處女,
日常生活對話,mainland,n. 大陸,
自然與環境,mainstream,n. (河的)主流;主要傾向,
日常生活對話,maintenance,n. 維持;維修;保養,
日常生活對話,majesty,n. 雄偉;壯麗;(帝王的)威嚴,
休閒與運動,mammal,n. 哺乳動物,
日常生活對話,mansion,"n. 大廈,大樓",
自然與環境,maple,n. 槭樹;楓樹,
交通與旅遊,marine,n. 船舶;海運業;海軍陸戰隊隊員,
日常生活對話,marshal,n. 元帥;高級將官;典禮官,
情緒與性格,marvel,n. 令人驚奇的事物(或人物),
日常生活對話,masculine,n. 男性;陽性;陽性詞,
日常生活對話,mash,n. 糊狀物;混合飼料,
日常生活對話,massage,n. 按摩(術);推拿,
日常生活對話,masterpiece,"n. 傑作,名作",
飲食與餐飲,mayonnaise,n. 蛋黃醬;美乃滋,
日常生活對話,meantime,"n. 其時,其間",
科技與數位,mechanics,n. 力學;機械學;技術;技巧,
情緒與性格,menace,n. 恐嚇;具有危害性的人(或物),
自然與環境,mermaid,n. 美人魚,
日常生活對話,midst,n. 當中;中間,
自然與環境,migrant,n. 移民;候鳥,
交通與旅遊,mileage,n. 總英里數;(每單位燃料的)行駛哩數,
日常生活對話,milestone,n. 里程碑;劃時代的事件,
飲食與餐飲,mint,n. 薄荷;薄荷糖;造幣廠,
日常生活對話,miser,n. 吝嗇鬼;守財奴,
日常生活對話,mistress,"n. 女主人,主婦",
情緒與性格,moan,n. 呻吟聲;嗚咽聲;悲歎,
教育與學術,mock,n. 嘲弄;笑柄;仿製品;模擬考,
日常生活對話,mode,n. 方式;型;模式,
日常生活對話,molecule,n. 分子;微小顆粒,
日常生活對話,monarch,n. 君主,
日常生活對話,mortal,n. 人;凡人,
自然與環境,moss,n. 苔蘚;泥炭沼澤,
日常生活對話,motherhood,n. 母性;(總稱)母親們,
休閒與運動,motive,n. 動機;主旨,
自然與環境,mound,n. 土墩;墳堆;小丘;投手的踏板,
交通與旅遊,mount,n. 騎;可乘騎的東西;底座;山丘,
自然與環境,mower,n. 割草機;收割機,
日常生活對話,mumble,n. 含糊的話;咕噥,
日常生活對話,muse,n. 沈思;冥想,
飲食與餐飲,mustard,n. 芥末;芥菜;芥末色,
日常生活對話,mutter,n. 咕噥;抱怨,
飲食與餐飲,mutton,n. 羊肉,
日常生活對話,myth,n. 神話;虛構的人(或事物),
日常生活對話,nag,n. 好嘮叨的人,
日常生活對話,newscast,n. 新聞廣播,
日常生活對話,nibble,n. 細咬;啃;少量,
日常生活對話,nickel,n. 鎳;五分鎳幣,
日常生活對話,nightingale,n. 夜鶯,
日常生活對話,nostril,n. 鼻孔,
日常生活對話,notable,n. 名人;顯要人物,
日常生活對話,notion,n. 概念;想法;打算,
教育與學術,novice,n. 新手;初學者,
日常生活對話,nucleus,n. (原子)核;細胞核;核心,
日常生活對話,nude,n. 裸體畫像;裸體,
日常生活對話,oar,n. 槳;櫓;划手,
日常生活對話,oasis,n. (沙漠中)的綠洲,
日常生活對話,oath,n. 誓言;宣誓,
日常生活對話,oatmeal,n. 燕麥片;燕麥粥,
日常生活對話,oblong,n. 橢圓形,
日常生活對話,observer,n. 觀察員;奉行者,
日常生活對話,occurrence,n. 發生;出現;事件,
自然與環境,octopus,n. 章魚,
日常生活對話,odds,n. 機會;可能性;投注賠率;不和,
飲食與餐飲,odor,n. 氣味,
日常生活對話,olive,n. 橄欖;橄欖色,
日常生活對話,opponent,"n. 對手;敵手,反對者",
休閒與運動,optimism,n. 樂觀;樂觀主義,
飲食與餐飲,orchard,n. 果樹園;果樹林,
日常生活對話,organizer,n. 組織者;萬用記事本,
居家與生活,orient,n. 亞洲國家(尤指東亞),
日常生活對話,oriental,n. 東方人;亞洲人,
日常生活對話,ornament,n. 裝飾品;裝飾,
醫療與健康,orphanage,n. 孤兒院;孤兒身分,
醫療與健康,ostrich,n. 駝鳥;有駝鳥心理的人,
日常生活對話,ounce,"n. 盎司,英兩",
日常生活對話,output,n. 出產;生產;產量,
居家與生活,outsider,n. 外人;門外漢;局外人,
日常生活對話,outskirts,n. (複數)郊外;郊區,
居家與生活,overall,n. 工作褲;工作服;防護服,
日常生活對話,overflow,n. 溢出;過剩;泛濫,
商務與職場,overwork,n. 過於繁重的工作;過勞,
日常生活對話,oyster,n. 牡蠣;沈默寡言的人,
日常生活對話,ozone,n. 臭氧,
日常生活對話,pacific,n. (大寫) 太平洋,
日常生活對話,packet,n. 小包(裹);小捆;小袋,
休閒與運動,paddle,n. 槳;(桌球的)球拍,
居家與生活,pane,n. 窗玻璃片;窗格;嵌板,
日常生活對話,paradox,n. 自相矛盾的議論,
日常生活對話,parallel,n. 平行線;平行面,
居家與生活,parlor,n. 客廳;接待室,
日常生活對話,participant,n. 關係者;參與者,
日常生活對話,particle,n. 微粒;顆粒,
休閒與運動,pastime,n. 消遣;娛樂,
日常生活對話,pastry,n. 酥皮點心,
日常生活對話,patch,n. 補釘;補片;貼片,
日常生活對話,patent,n. 專利;專利權,
情緒與性格,patriot,n. 愛國者,
日常生活對話,patrol,n. 巡邏;巡邏兵,
日常生活對話,patron,n. 贊助者;主顧(尤指老顧客),
情緒與性格,peacock,n. 孔雀;愛炫耀的人,
日常生活對話,peasant,n. 農夫,
日常生活對話,peck,n. 啄;啄痕;輕吻,
日常生活對話,peddler,n. 小販,
日常生活對話,peek,n. 偷偷看;一瞥,
居家與生活,peg,n. 栓;樁;(曬衣用)衣夾;(木製)假腿,
自然與環境,perch,n. (鳥類的)棲息處,
休閒與運動,performer,n. 演出者;演奏者;表演者,
日常生活對話,peril,n. (嚴重的)危險;危險的事物,
居家與生活,personnel,n. (總稱)人員;員工;人事部門,
情緒與性格,pessimism,n. 悲觀;悲觀主義,
日常生活對話,pier,n. 碼頭;防波堤,
日常生活對話,pilgrim,"n. 香客,朝聖者",
日常生活對話,pillar,n. 柱子;棟樑,
日常生活對話,pimple,n. 丘疹;面皰,
日常生活對話,pinch,n. 擰;夾;(一)撮,
日常生活對話,piss,n. 小便,
日常生活對話,pistol,n. 手槍,
自然與環境,plague,n. 瘟疫;天災;禍患,
自然與環境,plantation,n. 大農園;造林地,
居家與生活,playwright,n. 劇作家,
日常生活對話,plea,n. 請求;懇求,
日常生活對話,pledge,n. 保證;誓言;抵押,
自然與環境,plow,n. 犁;除雪機,
日常生活對話,pluck,n. (一)拉;(一)扯,
休閒與運動,plunge,n. 跳入;衝進;猛跌,
日常生活對話,pocketbook,n. 錢包;皮夾子;袖珍本,
日常生活對話,poke,n. 戳;捅;撥弄;慢性子的人,
交通與旅遊,porch,n. 門廊;入口處;走廊,
日常生活對話,potential,"n. 可能性;潛力,潛能",
居家與生活,poultry,n. 家禽,
自然與環境,prairie,n. 大草原,
日常生活對話,precaution,n. 謹慎;預防措施,
情緒與性格,preference,n. 偏愛;優先(權),
日常生活對話,preview,n. 預習;預告片,
飲食與餐飲,prey,n. 被捕食的動物;犧牲者,
醫療與健康,prick,n. 刺;扎;刺傷;悔恨,
交通與旅遊,prior,n. 修道院院長或副院長,
日常生活對話,priority,n. 在先;重點;優先權,
日常生活對話,procession,n. 一(長)列;一(長)排;隊伍,
休閒與運動,profile,n. 側影;輪廓;人物簡介,
交通與旅遊,prop,n. 支柱;支撐物;後盾;道具,
日常生活對話,prophet,n. 先知,
日常生活對話,proportion,n. 比例;比率,
日常生活對話,prospect,n. 預期;前途;盼望的事物,
日常生活對話,province,"n. 省,州",
日常生活對話,prune,n. 梅乾;深紫紅色,
飲食與餐飲,puff,n. (一)吹;粉撲;(奶油)鬆餅,
休閒與運動,pulse,n. 脈搏;有節奏的跳動,
日常生活對話,purchase,n. 所購之物,
日常生活對話,pyramid,n. (常大寫)金字塔;三角錐,
日常生活對話,quack,n. 鴨叫聲,
日常生活對話,quart,n. 夸脫(=2 品脫),
日常生活對話,quest,n. 追求;探索,
休閒與運動,quiver,n. 顫抖;抖動;箭袋內的箭,
交通與旅遊,rack,n. 掛物架;(行李)網架,
日常生活對話,radish,n. 小蘿蔔,
日常生活對話,radius,n. 半徑,
交通與旅遊,rail,n. 欄杆;扶手;鐵軌,
日常生活對話,rally,n. 大集會;重整旗鼓,
日常生活對話,ranch,n. 大牧場,
自然與環境,rascal,n. 無賴;淘氣鬼,
日常生活對話,ratio,n. 比率;比例,
日常生活對話,rattle,n. 咯咯聲;吵鬧聲,
自然與環境,realm,n. 王國;國土;領土,
日常生活對話,rear,"n. 後部,後面",
日常生活對話,reef,n. 礁;暗礁,
日常生活對話,reel,n. 捲軸;捲筒;一捲,
休閒與運動,referee,n. 裁判員;仲裁人,
日常生活對話,refuge,n. 躲避;避難;避難所,
醫療與健康,reign,n. 統治;在位期間,
自然與環境,relic,n. 遺物;遺風;遺跡,
日常生活對話,reminder,"n. 提醒者,提醒物;催函",
休閒與運動,reptile,n. 爬行動物;爬蟲類,
日常生活對話,republican,n. 共和主義者,
情緒與性格,resentment,n. 憤慨;怨恨,
居家與生活,residence,n. 住所;住宅,
居家與生活,resident,n. 居民;住院醫生,
休閒與運動,resort,n. 休閒度假之處;名勝,
日常生活對話,resume,n. (個人)簡歷,
日常生活對話,retort,n. 回嘴;反駁,
日常生活對話,reverse,n. 相反;反面;反向,
日常生活對話,revolt,n. 反叛;起義;反感,
日常生活對話,rhino,n. 犀牛,
日常生活對話,rhinoceros,n. 犀牛,
醫療與健康,rib,n. 肋骨;排骨,
居家與生活,ridge,n. 屋脊;山脈;(狹長的)隆起部,
日常生活對話,rifle,"n. 步槍,來福槍",
日常生活對話,rim,n. (尤指圓形物的)邊緣,
日常生活對話,rip,n. 裂口,
日常生活對話,ripple,n. 漣漪;細浪;波紋,
日常生活對話,rival,"n. 競爭者,對手,敵手",
交通與旅遊,roam,n. 漫步;漫遊;流浪,
自然與環境,robin,n. 知更鳥,
日常生活對話,rod,"n. 棒,桿,竿",
居家與生活,rubbish,n. 垃圾;廢物,
日常生活對話,rumble,n. 隆隆聲;轆轆聲,
日常生活對話,rustle,n. 沙沙聲;窸窣聲,
交通與旅遊,saddle,n. 馬鞍;(自行車、摩托車的)車座,
交通與旅遊,saint,n. 聖徒;道德崇高的人,
飲食與餐飲,salmon,n. 鮭魚;鮭肉;鮭肉色,
日常生活對話,salute,n. 敬禮;致敬;致意,
居家與生活,sandal,n. 涼鞋;拖鞋,
日常生活對話,savage,n. 野蠻人,
日常生活對話,scan,n. 掃描,
日常生活對話,scandal,n. 醜聞;醜事,
醫療與健康,scar,n. 疤;(物品等的)損傷痕,
飲食與餐飲,scent,n. 氣味;香味;蹤跡,
日常生活對話,scheme,n. 計劃;方案,
日常生活對話,scorn,n. 輕蔑;嘲笑,
日常生活對話,scramble,n. 爬行;攀登;爭奪,
日常生活對話,scrap,n. 碎片;小塊;破爛,
醫療與健康,scrape,n. 刮;擦;擦傷;擦痕,
日常生活對話,scroll,n. 卷軸;渦卷形裝飾,
居家與生活,sculptor,n. 雕刻家,
居家與生活,segment,n. 部分;部門;切片,
休閒與運動,sensation,n. 感覺;知覺;轟動,
情緒與性格,sensitivity,n. 敏感性;感受性,
醫療與健康,sentiment,n. 感情;情緒;感傷,
日常生活對話,sergeant,n. 中士;警官,
日常生活對話,series,n. 連續;系列,
交通與旅遊,sermon,n. 佈道;說教,
科技與數位,server,n. 侍者;伺服器,
交通與旅遊,setting,n. 安裝;設定;鑲嵌;背景,
日常生活對話,sheriff,n. 警長,
日常生活對話,shield,n. 盾;保護者;擋板,
日常生活對話,shiver,n. 顫抖;寒顫,
日常生活對話,shortage,"n. 缺少,不足,匱乏",
日常生活對話,shortcoming,"n. 缺點,短處",
日常生活對話,shove,n. 推;撞,
日常生活對話,shred,n. 碎片;碎條;破布,
日常生活對話,shriek,n. 尖叫聲,
日常生活對話,shrine,n. 聖壇;神殿,
自然與環境,shrub,n. 矮樹;灌木,
日常生活對話,shudder,n. 發抖;戰慄,
居家與生活,shutter,n. 關閉物;活動遮板;(相機的)快門,
日常生活對話,silkworm,n. 蠶,
日常生活對話,simmer,n. 即將沸騰(或爆發)的狀態,
醫療與健康,skeleton,n. 骨骼;骨瘦如柴的人(或動物);概略,
醫療與健康,skull,n. 頭骨;骷髏畫,
日常生活對話,slam,n. 砰然聲;(撲克牌的)滿貫,
日常生活對話,slap,n. 摑;侮辱,
日常生活對話,slaughter,n. 屠宰;大屠殺,
交通與旅遊,slump,n. 暴跌;不景氣;消沈,
休閒與運動,smash,n. 粉碎;瓦解;(演出等的)成功,
日常生活對話,snarl,n. 吠;咆哮;纏結,
交通與旅遊,snatch,n. 奪取;抓走,
交通與旅遊,sneak,"n. 溜走,不告而別",
居家與生活,sneaker,n. 運動鞋,
自然與環境,sniff,n. 嗅;聞;吸氣聲,
日常生活對話,snore,n. 打鼾;鼾聲,
自然與環境,snort,n. 噴鼻息;噴氣聲,
日常生活對話,soak,n. 浸泡;浸漬,
居家與生活,sole,n. 腳底;鞋底;襪底;底部;比目魚,
日常生活對話,solitary,n. 獨居者;隱士,
休閒與運動,solo,n. 獨奏(曲);獨唱(曲);單飛,
居家與生活,sovereign,n. 君主;元首;主權國家,
交通與旅遊,spacecraft,"n. 太空船,航天器",
交通與旅遊,spaceship,n. 太空船,
居家與生活,specialist,n. 專家;專科醫生,
日常生活對話,specimen,n. 樣品;標本,
交通與旅遊,spectacle,n. 景象;奇觀;壯觀,
日常生活對話,spectator,n. 旁觀者;目擊者,
教育與學術,spine,n. 脊柱;書脊;骨氣,
日常生活對話,splendor,n. 光輝;壯觀;輝煌,
日常生活對話,sponge,n. 海綿;海綿狀物,
日常生活對話,spotlight,n. 聚光燈;公眾注意的中心,
交通與旅遊,sprint,n. 全速疾跑;短距離賽跑,
醫療與健康,spur,n. 踢馬刺;激勵;(雞等的)距;骨刺,
日常生活對話,squat,n. 蹲坐;蜷伏,
自然與環境,stack,n. 乾草堆;一疊;煙囪,
日常生活對話,stagger,n. 搖晃;蹣跚,
日常生活對話,stain,n. 污點;色斑;染色劑,
商務與職場,stake,n. 股本;賭金;危險,
交通與旅遊,stall,n. 廄;攤位;(汽車的)拋錨,
日常生活對話,stanza,n. 詩的一節,
居家與生活,statesman,n. 政治家,
日常生活對話,statistic,n. 統計量;統計數值,
日常生活對話,steer,"n. 指點,建議",
日常生活對話,stereotype,n. 陳規;鉛版印刷,
飲食與餐飲,stew,n. 燉肉;燜菜;燉煮的食物,
居家與生活,steward,n. 男服務員;管家,
交通與旅遊,stewardess,n. (客機、輪船)女服務員,
自然與環境,stink,n. 臭氣,
日常生活對話,stoop,n. 彎腰;駝背;屈尊,
日常生活對話,storage,n. 貯藏;貯藏庫,
醫療與健康,strain,n. 拉緊;張力;壓力;扭傷;血緣,
日常生活對話,strait,n. 海峽,
商務與職場,strand,n. 股;縷;絞;線;繩;串,
日常生活對話,strap,n. 帶子;皮帶,
交通與旅遊,stray,n. 迷路者;流浪者;走失的家畜,
日常生活對話,streak,n. 條紋;斑紋;光線,
日常生活對話,stride,n. 闊步;步姿,
日常生活對話,stripe,n. 條紋;斑紋;線條,
日常生活對話,stroll,n. 散步;閒逛,
日常生活對話,stumble,n. 絆倒;失足,
教育與學術,stump,n. 殘幹;(鉛筆)頭;(煙)蒂,
飲食與餐飲,stutter,n. 結巴;口吃,
日常生活對話,substitute,n. 代替物;代用品,
交通與旅遊,suitcase,n. 小型旅行箱;手提箱,
日常生活對話,sulfur,n. 硫(磺);硫磺色,
日常生活對話,superstition,n. 迷信,
日常生活對話,supervisor,n. 管理人;指導者,
日常生活對話,surge,n. 大浪;波濤,
日常生活對話,swamp,n. 沼澤;沼澤地;困境,
日常生活對話,swarm,n. (密集的)一大群,
日常生活對話,tan,n. 棕褐色;曬成的棕褐膚色;鞣料,
日常生活對話,tangle,n. 糾結;紛亂,
日常生活對話,tar,n. 柏油;瀝青; 水手,
飲食與餐飲,tart,n. 水果餡餅;水果蛋糕,
日常生活對話,taunt,n. 辱罵;嘲笑;被嘲笑的人,
飲食與餐飲,tavern,n. 小酒館;小客棧,
日常生活對話,teller,n. 敘述者;(銀行)出納員,
交通與旅遊,tempo,n. 速度;拍子,
日常生活對話,temptation,n. 引誘;誘惑;誘惑物,
居家與生活,tenant,n. 房客,
日常生活對話,terminal,n. 終端機;接頭,
居家與生活,terrace,n. 大陽臺;露天階梯看臺;梯田,
商務與職場,thigh,n. 股;大腿,
日常生活對話,thorn,n. 刺;棘;惱人的事或人,
休閒與運動,thrill,n. 興奮;顫抖;引起激動的事物,
休閒與運動,thriller,n. 恐怖小說(或電影等),
日常生活對話,throne,n. 王座;神座;君權;帝王,
日常生活對話,throng,n. 人群;大群;群集,
休閒與運動,thrust,n. 猛推;刺;驅動力,
日常生活對話,tick,n. (鐘;錶等的)滴答聲;蝨,
日常生活對話,tile,n. 瓦;瓷磚;地磚;(麻將等的)牌,
日常生活對話,tilt,n. 傾斜;傾向,
日常生活對話,tin,n. 錫;罐頭,
日常生活對話,tiptoe,n. 腳趾尖,
日常生活對話,toad,n. 蟾蜍;令人討厭的人,
飲食與餐飲,toil,n. 辛苦;勞累;苦工,
日常生活對話,token,n. 標誌;象徵;代價券;籌碼,
日常生活對話,torch,"n. 火炬,火把",
飲食與餐飲,torment,n. 痛苦;苦惱;折磨,
日常生活對話,torrent,n. 洪流;(話語的)連發;(感情的)狂潮,
日常生活對話,torture,n. 拷打;酷刑;折磨,
休閒與運動,tournament,n. 比賽;錦標賽,
商務與職場,trademark,n. 商標,
日常生活對話,traitor,n. 叛徒;賣國賊;背叛者,
日常生活對話,tramp,n. 沈重的腳步聲;流浪;流浪者;蕩婦,
日常生活對話,trample,n. 踐踏;蹂躪;踐踏聲,
居家與生活,treasury,n. 金庫;庫房;國庫;寶庫,
商務與職場,treaty,"n. 條約,協定",
日常生活對話,trench,n. 溝;溝渠;戰壕,
日常生活對話,tribute,n. 進貢;敬意;尊崇,
日常生活對話,trifle,n. 瑣事;小玩意;乳脂鬆糕,
日常生活對話,trim,n. 修剪;修整;鑲邊飾,
日常生活對話,triple,n. 三倍數;三倍量;三個一組;三壘打,
休閒與運動,trot,n. (馬等的)小跑;(人的)慢跑,
自然與環境,trout,n. 鱒魚;鮭鱒魚,
居家與生活,tuck,n. (衣服等的)褶襉;打褶,
教育與學術,tuition,n. 學費,
自然與環境,tuna,n. 鮪魚,
日常生活對話,tyrant,n. 暴君;專橫的人,
休閒與運動,umpire,n. 仲裁人;(棒球等的)裁判員,
教育與學術,undergraduate,n. 大學生;大學肄業生,
日常生活對話,underline,n. 底線,
日常生活對話,underneath,n. 下面;底部,
日常生活對話,update,n. 最新的(信息、報導等);更新,
日常生活對話,upright,n. 垂直;豎立;直立的東西,
居家與生活,vacancy,n. 空;空白;空房;空缺,
日常生活對話,vacuum,n. 真空;空白;吸塵器,
日常生活對話,vanity,n. 自負;虛榮;梳妝臺,
日常生活對話,vapor,n. 水汽,
自然與環境,vegetation,n. 植被;草木,
日常生活對話,veil,n. 面紗;帷幕;託詞,
日常生活對話,vein,n. 靜脈;(葉、翅、礦)脈;紋理,
自然與環境,velvet,n. 天鵝絨;絲絨,
交通與旅遊,venture,n. 冒險;企業,
休閒與運動,verbal,n. 準動詞,
日常生活對話,vertical,n. 垂直線;垂直面,
日常生活對話,veto,n. 否決;否決權,
休閒與運動,videotape,n. 錄影帶;錄像帶,
日常生活對話,viewer,n. 觀看者;觀眾,
日常生活對話,vigor,n. vigor,
日常生活對話,villain,n. 壞人;反派角色,
自然與環境,vine,n. 藤;藤蔓;葡萄樹,
休閒與運動,violinist,n. 小提琴手,
交通與旅遊,visa,n. 簽證,
商務與職場,vow,n. 誓言;誓約,
交通與旅遊,wade,n. 跋涉;艱難的行走,
情緒與性格,wail,n. 慟哭聲;哀訴,
居家與生活,ward,n. 病房;牢房;行政區,
日常生活對話,ware,n. (特定種類的)陶器;貨物,
日常生活對話,warehouse,n. 倉庫;批發店,
情緒與性格,warrior,n. 武士;戰士;勇士,
日常生活對話,wharf,n. 碼頭;停泊處,
日常生活對話,wheelchair,n. 輪椅,
日常生活對話,whereabouts,n. 行蹤;下落,
情緒與性格,whine,n. 哀鳴聲;牢騷,
日常生活對話,whirl,n. 旋轉;迴旋,
交通與旅遊,whisk,n. 撢;迅速移動;攪拌器,
飲食與餐飲,whiskey,n. 威士忌酒,
飲食與餐飲,whisky,n. 威士忌酒,
日常生活對話,wholesale,n. 批發,
日常生活對話,widow,n. 寡婦,
日常生活對話,widower,n. 鰥夫,
日常生活對話,wig,n. 假髮,
日常生活對話,wilderness,"n. 荒野,荒漠",
日常生活對話,wildlife,n. 野生生物,
情緒與性格,woe,n. 悲哀;災難,
自然與環境,woodpecker,n. 啄木鳥,
教育與學術,workshop,n. 作坊;研討會,
日常生活對話,worship,n. 崇拜;敬神;禮拜,
自然與環境,wreath,n. 花圈;花冠,
日常生活對話,wring,n. 絞;擰;扭,
交通與旅遊,yacht,n. 快艇;遊艇,
交通與旅遊,yarn,n. 紗;紗線;冒險故事,
日常生活對話,yeast,n. 酵母;酵母片,
商務與職場,yield,n. 產量;利潤,
日常生活對話,yoga,n. 瑜珈,
日常生活對話,zinc,n. 鋅,
日常生活對話,zip,n. (子彈的)尖嘯聲;拉鍊;零,
休閒與運動,zoom,n. 嗡嗡聲;變焦攝影,
日常生活對話,abnormal,adj. 不正常的,
自然與環境,aboriginal,adj. 土著的;土著居民的,
醫療與健康,absentminded,adj. 心不在焉的;健忘的,
日常生活對話,accessible,adj. 可(或易)接近的;可(或易)得到的,
日常生活對話,accessory,adj. 附加的;附屬的,
日常生活對話,accountable,adj. 應負責任的;可說明的,
情緒與性格,acute,adj. 尖銳的;敏銳的;劇烈的,
日常生活對話,administrative,adj. 管理的;行政的,
情緒與性格,affectionate,adj. 充滿深情的;溫柔親切的,
飲食與餐飲,alcoholic,adj. 含酒精的;酗酒的,
日常生活對話,alternative,adj. 兩者(或若干)中擇一的,
日常生活對話,ambiguous,adj. 含糊不清的,
日常生活對話,amiable,adj. 和藹可親的,
日常生活對話,analytical,adj. 分析的,
日常生活對話,animate,adj. 有生命的;活潑的;有活力的,
日常生活對話,anonymous,adj. 匿名的,
日常生活對話,antarctic,adj. 南極的;南極區的,
醫療與健康,antibiotic,adj. 抗生的;抗菌的,
日常生活對話,applicable,adj. 合用的;可實施的,
日常生活對話,approximate,adj. 近似的;大概的,
日常生活對話,arctic,adj. 北極的;北極區的,
情緒與性格,arrogant,adj. 傲慢的;自大的,
日常生活對話,articulate,adj. 發音清晰的;口才好的,
日常生活對話,attendant,adj. 出席的;伴隨的;侍候的,
日常生活對話,authentic,adj. 可信的;真實的,
日常生活對話,awesome,adj. 令人敬畏的;非凡的,
教育與學術,biological,adj. 生物的;生物學的,
日常生活對話,bizarre,adj. 奇異的;異乎尋常的,
日常生活對話,bleak,adj. 荒涼的;陰冷的;無希望的,
日常生活對話,blunt,adj. 鈍的;遲鈍的;直率的,
日常生活對話,brisk,adj. 輕快的;興旺的;寒冷而清新的,
日常生活對話,brute,adj. 畜生的;畜生般的;殘忍的,
日常生活對話,bulky,adj. 體積大的;笨重的,
居家與生活,captive,adj. 被俘的;被迷住的,
情緒與性格,charitable,adj. 慈善的;寬容的,
醫療與健康,chronic,adj. (病)慢性的;(人)久病的;長期的,
居家與生活,clinical,adj. 臨床的;診所的,
日常生活對話,coherent,adj. 一致的;條理清楚的;連貫的,
日常生活對話,collective,adj. 集體的;共同的,
日常生活對話,colloquial,adj. 口語的;會話的,
情緒與性格,communicative,adj. 愛說話的;交際的,
日常生活對話,comparable,adj. 可比較的;比得上的,
日常生活對話,comparative,adj. 比較的;相對的,
日常生活對話,compatible,adj. 能共處的;可並立的;相容的,
日常生活對話,competent,adj. 有能力的;能幹的;能勝任的,
日常生活對話,component,adj. 組成的;構成的,
日常生活對話,comprehensive,adj. 廣泛的;綜合的,
日常生活對話,concise,adj. 簡明的,
日常生活對話,confidential,adj. 祕密的;機密的,
情緒與性格,conscientious,adj. 憑良心的;誠實的;認真的,
日常生活對話,constituent,adj. 構成(全體)的;組成的;選舉的,
日常生活對話,controversial,adj. 有爭議的;好議論的,
日常生活對話,coordinate,adj. 同等重要的;座標的;對等的,
日常生活對話,cordial,adj. 熱忱的;衷心的,
日常生活對話,corporate,adj. 法人(組織)的;團體的;共同的,
日常生活對話,cosmetic,adj. 化妝用的;裝飾性的;表面的,
日常生活對話,cosmopolitan,adj. 世界性的;國際性的,
日常生活對話,credible,adj. 可信的;可靠的,
日常生活對話,crooked,adj. 彎曲的;欺詐的;不正派的,
日常生活對話,crucial,adj. 決定性的;重要的,
商務與職場,crude,adj. 未經加工的;粗野的;粗糙的,
日常生活對話,cumulative,adj. 漸增的;蓄積的;累計的,
日常生活對話,customary,adj. 習慣上的;按慣例的,
日常生活對話,deadly,"adj. 致命的,致死的;非常的,極度的",
日常生活對話,decent,adj. 正派的;體面的,
飲食與餐飲,decisive,adj. 決定性的;確定的;果斷的,
日常生活對話,deliberate,adj. 深思熟慮的;蓄意的,
商務與職場,delinquent,adj. 怠忽職守的;拖欠的;犯法的,
醫療與健康,dental,adj. 牙齒的;牙科的,
日常生活對話,designate,adj. 指定的,
日常生活對話,destined,adj. 命中注定的;(場所)預定的,
日常生活對話,diplomatic,adj. 外交的;有外交手腕的,
情緒與性格,disastrous,adj. 災害的;悲慘的,
日常生活對話,disciplinary,adj. 訓練的;紀律的;懲戒的,
情緒與性格,discreet,adj. 謹慎的;謙虛的;不引人注意的,
日常生活對話,disgraceful,adj. 不名譽的;可恥的,
日常生活對話,dispensable,adj. 非必要的;可分配的,
日常生活對話,disposable,adj. 可任意處理的;用完即丟棄的,
日常生活對話,dissident,adj. 意見不同的,
日常生活對話,diverse,adj. 互異的;多變化的,
休閒與運動,documentary,adj. 文件的;(電影、電視等)記錄的,
日常生活對話,drastic,adj. 激烈的;極端的,
日常生活對話,dreary,adj. 慘淡的;沈悶的,
日常生活對話,dual,adj. 雙的;雙倍的;雙重的,
日常生活對話,dubious,adj. 半信半疑的;含糊的,
日常生活對話,eccentric,adj. (人、行為等)古怪的,
飲食與餐飲,edible,"adj. 可食的,食用的",
日常生活對話,editorial,adj. 社論的,
日常生活對話,eligible,adj. 有資格當選的;合格的,
日常生活對話,elite,adj. 精英的,
日常生活對話,eloquent,adj. 雄辯的;口才流利的,
日常生活對話,emphatic,adj. 強調的;著重的,
日常生活對話,epidemic,adj. 流行性的;傳染的;極為流行的,
日常生活對話,equivalent,"adj. 相等的,相同的",
交通與旅遊,ethical,adj. 倫理的;道德的,
教育與學術,ethnic,adj. 種族的;人種學的,
日常生活對話,excessive,adj. 過度的;極度的,
居家與生活,exclusive,adj. 排外的;唯一的;獨家的,
交通與旅遊,exotic,adj. 異國情調的;外來的,
日常生活對話,explicit,adj. 詳盡的;清楚的,
日常生活對話,exquisite,adj. 精緻的;精良的;精選的,
教育與學術,extracurricular,adj. 課外的,
情緒與性格,fabulous,adj. 極好的;驚人的,
日常生活對話,feasible,adj. 可行的;可能的,
日常生活對話,finite,adj. 有限的,
日常生活對話,fireproof,adj. 防火的;耐火的,
休閒與運動,fluid,adj. 流動的;液體的;流暢的,
情緒與性格,formidable,adj. 令人畏懼的;難對付的,
日常生活對話,forthcoming,adj. 即將到來的,
日常生活對話,foster,adj. 收養的,
日常生活對話,fragile,adj. 易碎的;虛弱的,
日常生活對話,frail,adj. 身體虛弱的;易損壞的,
教育與學術,genetic,adj. 基因的;遺傳(學)的,
日常生活對話,gloomy,adj. 陰暗的;憂鬱的,
休閒與運動,graphic,adj. 生動的;寫實的;圖解的,
商務與職場,honorary,adj. (學位等)名譽上的;名譽職位的,
自然與環境,hospitable,adj. 好客的;(氣候等)宜人的,
交通與旅遊,humanitarian,adj. 人道主義的;博愛的,
日常生活對話,hysterical,adj. 歇斯底里的;極可笑的,
日常生活對話,immune,adj. 免疫的;免於...的,
日常生活對話,imperative,adj. 必要的;命令式的;祈使法的,
日常生活對話,implicit,adj. 不言明的;含蓄的,
自然與環境,imposing,adj. 壯觀的;氣勢宏偉的;莊嚴的,
日常生活對話,incentive,"adj. 刺激的;鼓勵的,獎勵的",
日常生活對話,incidental,adj. 易發生的;附帶的,
日常生活對話,inclusive,adj. 包含的;包括在內的,
日常生活對話,inevitable,adj. 不可避免的,
日常生活對話,infectious,adj. 傳染的;有感染力的,
日常生活對話,ingenious,adj. 心靈手巧的;足智多謀的,
日常生活對話,inherent,adj. 固有的;與生俱來的,
日常生活對話,initiative,adj. 開始的;初步的;創始的,
日常生活對話,innovative,adj. 創新的,
休閒與運動,intact,adj. 完整無缺的;原封不動的,
日常生活對話,invaluable,adj. 非常貴重的;無價的,
飲食與餐飲,ironic,adj. 具有諷刺意味的;挖苦的,
情緒與性格,irritable,adj. 易怒的;急躁的,
休閒與運動,joyous,adj. 快樂的;高興的,
日常生活對話,legendary,adj. 傳說的;傳奇的,
日常生活對話,legislative,adj. 立法的;有立法權的,
日常生活對話,legitimate,adj. 合法的;合法婚姻所生的;合理的,
日常生活對話,lengthy,adj. 長的;冗長的;囉唆的,
日常生活對話,liable,adj. 易...的;可能的;負有法律責任的,
日常生活對話,literal,adj. 照字面的;原義的;如實的,
教育與學術,literate,adj. 能讀寫的;有文化修養的,
日常生活對話,lunatic,adj. 瘋的;瘋狂的,
日常生活對話,lush,adj. 蒼翠繁茂的;豐富的,
休閒與運動,lyric,adj. 抒情的;適於歌唱的,
自然與環境,medieval,adj. 中世紀的;中古風的;守舊的,
情緒與性格,melancholy,adj. 憂鬱的;令人沮喪的,
飲食與餐飲,mellow,adj. (水果)成熟的;(人)圓熟的,
日常生活對話,metropolitan,adj. 大都市的,
日常生活對話,militant,adj. 好戰的;激進的,
日常生活對話,miniature,adj. 小型的;小規模的,
日常生活對話,miraculous,adj. 神奇的;奇蹟般的,
自然與環境,mischievous,adj. 惡作劇的;淘氣的,
教育與學術,missionary,adj. 傳教的;教會的;傳教士的,
日常生活對話,monotonous,adj. 單調的;無變化的,
醫療與健康,mournful,adj. 憂傷的;悲切的,
日常生活對話,municipal,adj. 市的;市政的,
日常生活對話,mute,adj. 沈默的;啞的,
日常生活對話,narrative,adj. 敘事的;故事形式的,
日常生活對話,naval,adj. 海軍的,
日常生活對話,neutral,adj. 中立的;中立國的;空檔的,
情緒與性格,notorious,adj. 惡名昭彰的,
日常生活對話,nutrient,"adj. 營養的,滋養的",
日常生活對話,nutritious,adj. 有營養的,
日常生活對話,obscure,adj. 暗的;模糊的;偏僻的;微賤的,
日常生活對話,operational,adj. 操作上的;經營上的,
日常生活對話,optional,adj. 隨意的;非必須的,
日常生活對話,orderly,adj. 整齊的;有條理的,
飲食與餐飲,outrageous,adj. 可恥的;無法無天的;令人吃驚的,
日常生活對話,outright,adj. 全部的;直率的;公開的,
日常生活對話,overhead,adj. 在上頭的;高架的,
情緒與性格,pathetic,adj. 可憐的;可悲的,
情緒與性格,patriotic,adj. 愛國的,
日常生活對話,pedestrian,adj. 徒步的;行人的,
日常生活對話,persistent,adj. 堅持不懈的;固執的;持續的,
日常生活對話,perspective,"adj. 透視的,透視畫的",
自然與環境,petty,adj. 小的;瑣碎的;氣量小的,
休閒與運動,photographic,adj. 攝影(術)的;攝影用的,
日常生活對話,picturesque,adj. 圖畫般的;美麗的,
情緒與性格,pious,adj. 虔誠的;篤信的,
自然與環境,pollutant,adj. 受污染的;造成污染的,
日常生活對話,preliminary,adj. 預備的;初步的,
自然與環境,premature,adj. 過早的;草率的;早產的,
日常生活對話,premier,adj. 首位的;最早的,
日常生活對話,presidential,adj. 總統的;總統選舉的,
醫療與健康,preventive,adj. 預防的;防病的,
日常生活對話,profound,adj. 深刻的;深度的,
日常生活對話,progressive,adj. 逐漸的,
日常生活對話,prone,adj. 有...傾向的;俯伏的,
日常生活對話,prospective,adj. 預期的;盼望中的;未來的,
自然與環境,provincial,adj. 省的;鄉氣的,
日常生活對話,punctual,adj. 準時的,
情緒與性格,quarrelsome,adj. 喜歡爭吵的,
日常生活對話,radiant,adj. 光芒四射的;容光煥發的;發熱的,
日常生活對話,radiate,adj. 具輻射部的;輻射狀的,
日常生活對話,radical,adj. 基本的;徹底的,
日常生活對話,random,adj. 胡亂的;隨機的,
日常生活對話,rash,adj. 輕率的;急躁的,
日常生活對話,rational,adj. 理性的;明事理的;合理的,
日常生活對話,recipient,adj. 接受的;受領的,
休閒與運動,recreational,adj. 消遣的;娛樂的;休養的,
日常生活對話,redundant,adj. 多餘的;過剩的,
日常生活對話,reflective,adj. 反射的;沈思的;反映的,
日常生活對話,regardless,"adj. 不注意的,不留心的;不關心的",
日常生活對話,relevant,adj. 有關的;切題的,
日常生活對話,renowned,adj. 有名的;有聲譽的,
居家與生活,residential,adj. 居住的;住宅的,
日常生活對話,resistant,adj. 抵抗的,
日常生活對話,resolute,adj. 堅決的;不屈不撓的,
日常生活對話,respective,adj. 分別的;各自的,
日常生活對話,retail,adj. 零售的,
日常生活對話,rhythmic,adj. 有節奏的;有韻律的,
日常生活對話,rigorous,adj. 嚴格的;嚴厲的;嚴密的,
教育與學術,ritual,adj. (宗教)儀式的;典禮的,
自然與環境,ruby,adj. 紅寶石色的,
日常生活對話,sane,adj. 神志正常的;頭腦清楚的,
交通與旅遊,scenic,adj. 風景的;景色秀麗的,
日常生活對話,selective,adj. 有選擇性的,
情緒與性格,sentimental,adj. 情深的;情感;多愁善感的,
日常生活對話,serene,adj. 安詳的;寧靜的,
日常生活對話,sheer,adj. 全然的;(紡織物)極薄的;陡峭的,
日常生活對話,shrewd,adj. 精明的;狡猾的;機靈的,
日常生活對話,simultaneous,adj. 同時發生的;同步的,
日常生活對話,skeptical,adj. 懷疑的;多疑的,
日常生活對話,sneaky,adj. 鬼鬼祟祟的,
情緒與性格,sociable,adj. 好交際的;善交際的,
日常生活對話,sophisticated,adj. 老於世故的;精通的;精密的,
日常生活對話,spacious,adj. 寬敞的;廣闊的,
日常生活對話,spectacular,adj. 壯觀的;壯麗的,
日常生活對話,spiral,adj. 螺旋(形)的;盤旋的,
日常生活對話,spontaneous,adj. 自發的;自然的,
休閒與運動,stationary,adj. 不動的;定居的,
日常生活對話,strategic,adj. 戰略的,
日常生活對話,subjective,adj. 主觀的;個人的;主詞的,
日常生活對話,subordinate,adj. 下級的;次要的;從屬的,
日常生活對話,subsequent,adj. 隨後的;接著發生的,
日常生活對話,subtle,adj. 微妙的;難捉摸的,
日常生活對話,suburban,adj. 郊區的;近郊的,
日常生活對話,successive,adj. 連續的;後繼的;繼承的,
交通與旅遊,superb,"adj. 宏偉的;華麗的; 上乘的,一流的",
交通與旅遊,supersonic,adj. 超音波的;超音速的,
日常生活對話,superstitious,adj. 迷信的,
日常生活對話,surplus,adj. 過剩的;剩餘的,
日常生活對話,symbolic,adj. 象徵的;符號的,
日常生活對話,synthetic,adj. 綜合(性)的;合成的;人造的,
飲食與餐飲,tedious,adj. 冗長乏味的;使人厭煩的,
日常生活對話,textile,adj. 紡織的,
休閒與運動,theatrical,adj. 劇場的;戲劇的;戲劇性的,
教育與學術,theoretical,adj. 理論的;非應用的;假設的,
日常生活對話,thrifty,adj. 節儉的;茂盛的,
日常生活對話,tranquil,adj. 平靜的;安靜的;安寧的,
日常生活對話,triumphant,adj. 勝利的;得意洋洋的,
日常生活對話,trivial,adj. 瑣細的;平凡的,
日常生活對話,tropic,adj. 熱帶的,
商務與職場,truant,adj. 逃學的;玩忽職守的,
日常生活對話,ultimate,adj. 最後的;最終的,
日常生活對話,unanimous,adj. 全體一致的,
日常生活對話,utmost,adj. 最大的;最遠的;極度的,
情緒與性格,valiant,adj. 勇敢的;英勇的,
日常生活對話,valid,adj. 有根據的;有效的,
日常生活對話,variable,adj. 易變的;變異的,
休閒與運動,versatile,adj. 多才多藝的;多功能的,
醫療與健康,vicious,adj. 惡意的;惡毒的,
日常生活對話,victorious,adj. 勝利的,
日常生活對話,virtual,adj. 實質上的;虛擬的,
日常生活對話,vocal,adj. 聲音的;用言語表達的,
商務與職場,vocational,adj. 職業的,
日常生活對話,vulgar,adj. 粗俗的;下流的,
醫療與健康,vulnerable,adj. 易受傷的;有弱點的,
日常生活對話,waterproof,adj. 防水的,
日常生活對話,watertight,adj. 不透水的;無懈可擊的,
日常生活對話,whatsoever,adj. 不管什麼樣的;無論怎麼的,
自然與環境,witty,adj. 機智的;說話風趣的,
日常生活對話,abbreviate,v. 縮寫,
日常生活對話,abound,v. 大量存在;富足;充滿,
日常生活對話,abuse,v. 濫用;虐待,
日常生活對話,accelerate,v. 加快;增長,
居家與生活,accommodate,v. 能容納;能提供...膳宿;給...方便,
日常生活對話,accord,v. (與...)一致;調解,
日常生活對話,accumulate,v. 累積;積聚,
日常生活對話,addict,v. 使沈溺;使成癮,
日常生活對話,administer,v. 管理;給予;執行,
日常生活對話,administrate,v. 管理;支配,
日常生活對話,advocate,v. 擁護;提倡,
日常生活對話,affirm,v. 斷言;申明;堅稱,
日常生活對話,alienate,v. 使疏遠;離間,
日常生活對話,allocate,v. 分派;分配,
日常生活對話,ambush,v. 埋伏下;伏擊,
日常生活對話,amplify,v. 放大(聲音等);擴大,
休閒與運動,animate,v. 賦予生命;繪製(卡通影片),
教育與學術,anticipate,v. 預期;預先考慮到,
教育與學術,apprentice,v. 當學徒,
日常生活對話,approximate,v. 接近;近似;大致估計,
日常生活對話,articulate,v. 清晰地講話;相互連貫,
日常生活對話,assassinate,"v. 暗殺,詆毀",
日常生活對話,assert,v. 斷言;堅持,
日常生活對話,assess,v. 估價;評價,
日常生活對話,attain,v. 達到;獲得,
日常生活對話,auction,v. 拍賣,
日常生活對話,authorize,v. 授權給;批准,
教育與學術,autograph,v. 親筆簽名於,
日常生活對話,beckon,v. (招手或點頭)示意;召喚,
情緒與性格,besiege,v. 圍攻;圍困;煩擾,
日常生活對話,betray,v. 背叛;出賣,
日常生活對話,bias,v. 使存偏見,
日常生活對話,blunder,v. 犯大錯;出漏子,
日常生活對話,blunt,v. 使鈍;使遲鈍;減弱,
日常生活對話,bombard,v. 砲擊;不斷攻擊;連續提出問題,
休閒與運動,boost,v. 舉;抬;推動;促進,
日常生活對話,boycott,v. 聯合抵制,
日常生活對話,brew,v. 釀造;醞釀著,
居家與生活,buckle,v. 扣住;垮掉;讓步,
日常生活對話,canvas,v. 用帆布覆蓋;用帆布裝備,
日常生活對話,caption,v. 加標題於,
情緒與性格,caress,v. 愛撫;撫摸;寵愛,
日常生活對話,cater,v. 承辦宴席;迎合,
教育與學術,certify,v. 證明;保證;發證書(或執照等),
日常生活對話,characterize,v. 描繪...的特性;具有...的特徵,
交通與旅遊,chariot,v. 駕馭(戰車或馬車),
日常生活對話,chuckle,v. 咯咯地笑;暗自發笑,
日常生活對話,civilize,"v. 使文明,使開化",
居家與生活,clamp,v. 鉗緊;夾住;強行實施;取締,
居家與生活,cleanse,v. 清洗;淨化,
日常生活對話,clench,v. 緊握;緊咬,
日常生活對話,clone,v. 複製,
日常生活對話,coincide,v. 同時發生;巧合;一致,
日常生活對話,collide,v. 相撞;衝突;抵觸,
交通與旅遊,commemorate,v. 慶祝;紀念,
教育與學術,commence,v. 開始;著手;得學位,
商務與職場,compensate,v. 補償;賠償;酬報,
科技與數位,compile,v. 匯編;收集(資料等);編譯(程式),
日常生活對話,complement,v. 補充;補足;與...相配,
日常生活對話,comprise,v. 包括;由...組成,
日常生活對話,concede,v. (勉強)承認;讓步;承認失敗,
日常生活對話,condense,v. 濃縮;縮短;凝結,
商務與職場,confer,v. 授予(學位等);給予;協商,
日常生活對話,conform,v. 遵照;符合;使一致,
日常生活對話,contradict,v. 否定(陳述等);反駁;與...矛盾,
日常生活對話,coordinate,"v. 協調,調節; 協調一致",
飲食與餐飲,core,v. 挖去...的果核,
日常生活對話,covet,v. 垂涎;貪圖,
商務與職場,cramp,v. 用夾鉗夾緊;限制;約束,
日常生活對話,crook,v. 使彎曲;成鉤形,
交通與旅遊,cruise,v. 巡航;航遊;緩慢巡行,
日常生活對話,crumble,v. 粉碎;崩潰;(希望等)破滅,
日常生活對話,crust,v. 結成外殼;覆有硬皮,
自然與環境,cultivate,v. 栽培(作物等);養殖(魚等);培育,
日常生活對話,decline,"v. 下降,下跌,衰退,婉拒,謝絕",
日常生活對話,dedicate,v. 奉獻;獻身於;舉行落成典禮,
日常生活對話,deem,v. 認為;視作,
休閒與運動,defect,v. 逃跑;脫離;背叛,
日常生活對話,degrade,v. 貶低;降級;降低,
商務與職場,deliberate,v. 仔細考慮;商議,
日常生活對話,denounce,v. 譴責;告發,
日常生活對話,depict,v. 描畫;雕出;描述,
日常生活對話,deprive,v. 剝奪,
日常生活對話,derive,v. 取得;衍生出,
交通與旅遊,descend,v. (走)下來;下降;來自於,
日常生活對話,designate,v. 標出;指定;定名為;委任,
日常生活對話,detach,v. 分開;拆卸;派遣,
居家與生活,detain,v. 留住;扣留,
居家與生活,deter,v. 嚇住;使斷念,
情緒與性格,deteriorate,v. 惡化;(價值)下降;退化;墮落,
日常生活對話,devalue,v. 降低價值;(貨幣)貶值,
醫療與健康,diagnose,v. 診斷,
日常生活對話,diagram,"v. 用圖解法表示,圖示",
日常生活對話,dictate,"v. 口授,口述,",
日常生活對話,differentiate,v. 構成差別;區分,
日常生活對話,diminish,v. 減少;減小;縮減,
醫療與健康,disable,v. 使失去能力;使傷殘,
日常生活對話,disapprove,v. 不贊成;不同意,
日常生活對話,discharge,v. 卸貨;發射;排出;釋放;解雇,
日常生活對話,disclose,v. 使露出;揭發;透露,
日常生活對話,discomfort,v. 使不舒服;使不安,
日常生活對話,disgrace,v. 使丟臉,
日常生活對話,dismantle,v. 去掉覆蓋物;拆除,
情緒與性格,dismay,v. 使驚慌;使沮喪,
日常生活對話,dispatch,v. 派遣;發送,
日常生活對話,disperse,v. 驅散;解散;散佈,
商務與職場,displace,v. 迫使離開;取代;免職,
日常生活對話,displease,v. 使不高興;得罪,
日常生活對話,disregard,v. 漠視,
日常生活對話,dissolve,v. 分解;使融化,
日常生活對話,dissuade,v. 勸阻,
日常生活對話,distort,v. 扭曲;曲解;變形,
日常生活對話,distract,v. 轉移(目標);使分心,
日常生活對話,distrust,v. 不信任;懷疑,
日常生活對話,diversify,v. 使多樣化,
交通與旅遊,divert,v. 轉向;改道;使分心,
日常生活對話,dome,v. 成圓頂狀,
日常生活對話,donate,"v. 捐獻,捐贈",
日常生活對話,doom,v. 注定;使失敗;毀滅,
自然與環境,drizzle,v. 下毛毛雨,
飲食與餐飲,dynamite,v. 用炸藥爆破;炸毀,
日常生活對話,ebb,v. 退潮;衰退,
交通與旅遊,embark,v. 上船(或飛機等);從事,
交通與旅遊,emigrate,v. 移居外國(或外地),
休閒與運動,enact,v. 制定(法律);扮演(角色),
日常生活對話,enhance,"v. 提高,增加",
日常生活對話,enlighten,v. 啟發;啟迪,
日常生活對話,enrich,v. 使富裕;使豐富;使肥沃,
日常生活對話,erode,v. 腐蝕;侵蝕;磨損,
日常生活對話,escalate,v. 使逐步上升(增強或擴大),
日常生活對話,evacuate,v. 撤離;避難;疏散,
日常生活對話,evolve,v. 使逐步形成;發展,
日常生活對話,excerpt,v. 摘錄;引用,
日常生活對話,exert,v. 用(力);施加,
日常生活對話,expel,v. 驅逐;排出;開除,
自然與環境,expire,v. 失效;滿期;吐氣,
日常生活對話,exploit,"v. 開發,開採,開拓",
日常生活對話,extract,v. 取出;抽出;提煉;摘錄,
日常生活對話,facilitate,v. 使容易;促進;幫助,
醫療與健康,flare,v. 閃耀;(搖曳不定地)燃燒;閃亮,
日常生活對話,flicker,v. 閃爍;搖曳;忽隱忽現,
日常生活對話,fling,v. (用力地)扔;擲,
醫療與健康,flutter,v. 振翼;飄動;(心臟等)不規則跳動,
日常生活對話,foresee,v. 預見;預知,
日常生活對話,formulate,v. 使公式化;規劃;配製,
日常生活對話,forsake,v. 拋棄;革除,
商務與職場,fortify,v. 築防禦工事於;增強,
日常生活對話,foster,v. 養育;培養;促進,
醫療與健康,fracture,v. 使斷裂;使折斷;使骨折,
日常生活對話,fragment,v. 使成碎片,
日常生活對話,freak,v. 使瘋狂;使反常,
飲食與餐飲,fret,v. 使苦惱;使煩躁,
日常生活對話,generalize,v. 泛論;概括,
日常生活對話,generate,v. 產生;發生(熱;電;光等),
日常生活對話,glisten,v. 閃耀;閃亮,
日常生活對話,graph,v. 用圖表表示,
飲食與餐飲,grill,v. (用烤架)烤(魚、肉等);拷問,
日常生活對話,grope,v. 觸摸;暗中摸;探索,
日常生活對話,hack,v. 劈;砍,
日常生活對話,hail,v. 向...歡呼;招呼;下冰雹,
情緒與性格,harass,v. 騷擾;使煩惱,
交通與旅遊,hazard,v. 冒險作出,
日常生活對話,highlight,v. 用強光照射;使顯著;使突出,
居家與生活,hospitalize,v. 住院治療,
日常生活對話,humiliate,v. 羞辱;使丟臉,
日常生活對話,hunch,v. 隆起;彎成弓狀,
日常生活對話,hurdle,v. 跨(欄);克服(困難),
日常生活對話,illuminate,v. 照亮;用燈裝飾;啟發,
日常生活對話,implement,v. 履行;實施;執行,
日常生活對話,imprison,v. 監禁;束縛,
日常生活對話,incline,v. 傾斜;屈身;有意,
日常生活對話,infer,"v. 推斷,推論",
居家與生活,inhabit,v. 居住於;棲息於,
醫療與健康,inject,v. 注射(藥液等),
日常生活對話,integrate,v. 使結合;求積分,
日常生活對話,intervene,v. 介入;干預;調停,
日常生活對話,intimidate,v. 威嚇;脅迫,
日常生活對話,intrude,v. 侵入;闖入,
日常生活對話,inventory,v. 把...登入目錄;盤存,
情緒與性格,irritate,v. 使惱怒;使煩躁,
日常生活對話,kidnap,v. 綁架;劫持,
醫療與健康,lament,v. 哀悼;悲痛;痛哭,
日常生活對話,legitimate,v. 使合法,
日常生活對話,liberate,"v. 解放,使獲自由",
日常生活對話,lounge,v. (懶洋洋地)倚靠;閒蕩,
日常生活對話,lure,v. 誘惑;以誘餌吸引,
休閒與運動,manipulate,v. 操作;運用;操縱;對...做手腳,
醫療與健康,mar,v. 毀損;損傷;玷污,
日常生活對話,massacre,v. 屠殺;使慘敗,
日常生活對話,meditate,v. 沈思;深思熟慮,
日常生活對話,mellow,v. 使成熟;使圓熟,
日常生活對話,merchandise,v. 買賣;經營,
日常生活對話,merge,v. 合併;融合,
休閒與運動,migrate,v. 移居;定期移棲;回游,
日常生活對話,mimic,v. 模仿;與...極相似,
休閒與運動,miniature,v. 是...的縮影,
日常生活對話,minimize,v. 使減到最少(或最小);低估,
休閒與運動,mobilize,v. 動員;調動,
日常生活對話,mold,v. 鑄造;塑造;發霉,
日常生活對話,mute,v. 消除(聲音);減輕(聲音),
日常生活對話,narrate,v. 講(故事);敘述;作旁白,
日常生活對話,nourish,v. 養育;滋養,
日常生活對話,nurture,v. 養育;培育,
日常生活對話,oblige,v. 使不得不;迫使;施恩於,
日常生活對話,obscure,v. 使變暗;遮掩;使難理解,
日常生活對話,oppress,v. 壓迫;壓制,
日常生活對話,originate,v. 發源;來自,
日常生活對話,outfit,v. 裝備;配備;供給,
日常生活對話,outlaw,v. 宣佈...為不合法;禁止,
日常生活對話,outnumber,v. 數量上超過,
情緒與性格,outrage,v. 激起義憤;激怒;施暴行,
日常生活對話,overlap,v. 與...部分重疊,
日常生活對話,overturn,v. 使翻轉;翻倒;推翻,
日常生活對話,paralyze,v. 使麻痺;使癱瘓,
日常生活對話,peddle,v. 挨戶兜售;沿街叫賣,
日常生活對話,pension,v. 發給...退休金(或養老金等),
日常生活對話,persevere,v. 堅持不懈;不屈不撓,
日常生活對話,phase,v. 使定相;使同步;分階段實行,
居家與生活,pierce,v. 刺穿;穿透,
飲食與餐飲,poach,v. 水煮(蛋);偷獵;侵佔,
教育與學術,ponder,v. 仔細考慮;衡量;回想,
居家與生活,populate,v. 居住於;移民於,
日常生活對話,posture,v. 擺出姿勢;故作姿態,
日常生活對話,precede,v. 處在...之前;(地位等)高於,
日常生活對話,preface,v. 為...加序言(或開場白),
日常生活對話,prejudice,v. 使抱偏見;使懷成見,
醫療與健康,prescribe,v. 規定;指定;開(藥方),
日常生活對話,preside,v. 主持;管轄,
日常生活對話,presume,v. 假定;認為;擅自(做),
日常生活對話,prohibit,v. 禁止,
休閒與運動,propel,v. 推進;推動;驅策,
日常生活對話,prosecute,v. 對...起訴;告發,
休閒與運動,provoke,v. 對...挑釁;煽動;激怒,
飲食與餐飲,prowl,v. (野獸等)四處覓食;徘徊,
日常生活對話,purify,v. 使純淨;淨化,
日常生活對話,quench,v. 壓制;抑制;解(渴);熄滅,
日常生活對話,query,v. 詢問;對...表示疑問,
日常生活對話,radiate,v. (光、熱等)散發;輻射;煥發,
休閒與運動,raft,v. 用筏子運送;划筏,
日常生活對話,raid,v. 襲擊;劫掠,
日常生活對話,ransom,v. 贖回;向...勒索贖金,
日常生活對話,ravage,v. 蹂躪;使荒蕪,
日常生活對話,reconcile,v. 和解;使一致;使安於,
日常生活對話,recruit,v. 徵募;雇用;補充,
日常生活對話,recur,v. 再發生;再現,
日常生活對話,refine,v. 提煉;精鍊,
日常生活對話,refund,v. 退還;歸還;償還,
休閒與運動,rehearse,"v. 排練,排演",
居家與生活,rein,v. (用韁繩)勒住;駕馭;控制,
日常生活對話,reinforce,v. 增援;加強;加深,
日常生活對話,relay,v. 轉達;轉播,
情緒與性格,relish,v. 喜愛;愛好;加佐料,
日常生活對話,render,v. 使得;使成為;提供,
日常生活對話,repress,v. 抑制;鎮壓,
日常生活對話,retail,v. 以零售方式;以零售價格,
日常生活對話,retaliate,v. 報復,
日常生活對話,retrieve,v. 收回;檢索;使恢復,
休閒與運動,ridicule,v. 嘲笑;戲弄,
休閒與運動,riot,v. 參加(或發動)暴亂;放縱,
日常生活對話,rotate,v. 旋轉;輪流,
日常生活對話,safeguard,v. 保護;防衛,
日常生活對話,sanction,v. 對...實施制裁,
日常生活對話,script,v. 把...改編為劇本,
日常生活對話,seduce,v. 誘惑;引誘,
日常生活對話,sequence,v. 排序,
日常生活對話,shed,v. 流出;毛髮等脫落;蛻(殼等),
商務與職場,shoplift,v. 冒充顧客在商店內偷竊,
日常生活對話,shun,v. 躲開;迴避,
飲食與餐飲,signify,v. 表示...的意思;意味著,
日常生活對話,simplify,"v. 簡化,精簡;使單純;使平易",
教育與學術,skim,"v. 去,去除;瀏覽,略讀",
日常生活對話,slang,"v. 用粗話罵;欺騙,詐取",
日常生活對話,slash,v. (用刀;劍等)砍;大幅度削減,
日常生活對話,slot,v. 開狹長的孔;把...納入序列中,
日常生活對話,slum,v. 去貧民窟,
飲食與餐飲,smack,v. 略有滋味;掌摑;咂(嘴);響吻,
居家與生活,smother,v. 使窒息;悶住(火);扼殺,
交通與旅遊,smuggle,v. 走私,
日常生活對話,snare,v. (用陷阱等)捕捉;誘...入圈套,
日常生活對話,sneer,v. 輕蔑地笑;譏諷,
休閒與運動,soar,v. 往上飛舞;翱翔;暴漲,
日常生活對話,socialize,v. 交際;社會主義化,
日常生活對話,soothe,v. 安慰;哄;減輕,
交通與旅遊,span,v. 跨越;在...架橋,
居家與生活,specialize,v. 專攻;專門從事,
日常生活對話,specify,v. 具體指定;詳細指明,
日常生活對話,speculate,v. 推測;投機;推斷,
居家與生活,spike,v. 用大釘釘牢;用尖物刺穿,
日常生活對話,spiral,v. 盤旋;成螺旋形,
日常生活對話,spire,v. 螺旋形上升;發芽,
日常生活對話,sponsor,v. 發起;主辦;倡議;贊助,
日常生活對話,sprawl,v. 伸開四肢躺(或爬);蔓生,
日常生活對話,stabilize,v. 使穩定;使穩固,
日常生活對話,stalk,v. 偷偷靠近;追蹤,
飲食與餐飲,stammer,v. 口吃;結結巴巴地說話,
教育與學術,staple,v. 用U形釘固定;用釘書針釘,
居家與生活,starch,v. 給(衣服等)上澱粉漿,
情緒與性格,stimulate,v. 刺激;激勵;使興奮;促使,
商務與職場,stock,v. 給(商店)辦貨;貯存,
居家與生活,strangle,v. 勒死;扼住;悶住,
休閒與運動,stunt,v. 表演絕技;妨礙,
日常生活對話,subordinate,v. 使居次要地位;使隸屬;使服從,
日常生活對話,subscribe,v. 訂閱;認捐;簽名,
日常生活對話,suffocate,v. 使窒息;扼制,
日常生活對話,supplement,v. 增補;為...補編附錄,
日常生活對話,surpass,v. 勝過;大於;多於,
日常生活對話,swap,v. 交換;以...作交換,
日常生活對話,symbolize,"v. 象徵,標誌",
日常生活對話,terminate,v. 使結束;使終止;解雇,
日常生活對話,texture,v. 使...行成紋理,
日常生活對話,thrive,v. 興旺;繁榮;茂盛生長,
醫療與健康,throb,v. (心臟;脈搏等)跳動;抽動;抽痛,
商務與職場,toll,v. 徵收捐稅(或通行費等);敲鐘,
日常生活對話,topple,v. 使倒塌;推翻,
休閒與運動,transit,v. 通過;運送過,
日常生活對話,transmit,v. 傳送;傳達;發射;播送;傳染,
自然與環境,transplant,v. 移植;移種,
日常生活對話,tread,v. 踩;踏;步行,
飲食與餐飲,trek,v. 艱苦跋涉或移居,
日常生活對話,trespass,v. 擅自進入;侵入,
日常生活對話,trigger,v. 扣扳機開(槍);發射;觸發,
教育與學術,truant,v. 逃學;逃避責任;偷懶,
日常生活對話,uncover,v. 揭開...的蓋子;揭露,
日常生活對話,underestimate,v. 低估,
醫療與健康,undergo,v. 經歷;接受(治療、檢查等),
日常生活對話,undermine,v. 侵蝕...的基礎;暗中破壞,
日常生活對話,undertake,v. 著手做;進行,
居家與生活,undo,v. 解開;脫去(衣服等);取消,
日常生活對話,unfold,v. 展開;呈現,
日常生活對話,unify,v. 統一;聯合;使一致,
居家與生活,unlock,v. 開鎖;開啟,
交通與旅遊,unpack,v. 打開包裹(或行李等),
日常生活對話,upgrade,v. 上坡; 使升級,
日常生活對話,uphold,v. 舉起;支撐;維護,
日常生活對話,usher,v. 引領;迎接;當引座員,
日常生活對話,utilize,v. 利用,
日常生活對話,vend,v. 出售;販賣,
日常生活對話,verge,v. 處在邊沿;瀕臨,
飲食與餐飲,victimize,v. 使犧牲;使痛苦,
日常生活對話,visualize,v. 使顯現;使形象化,
日常生活對話,vomit,v. 嘔吐;使嘔吐,
日常生活對話,waterproof,v. 使不透水,
日常生活對話,withstand,v. 抵擋;反抗;禁得起,
日常生活對話,woo,v. 追求;追逐,
飲食與餐飲,wrench,v. 猛扭;攫取;使痛苦,
日常生活對話,wrestle,v. 與...摔角;與...搏鬥,
日常生活對話,xerox,v. 複印,
日常生活對話,yearn,v. 思念;渴望;嚮往,
日常生活對話,accordingly,adv. 照著;相應地;因此,
日常生活對話,alongside,adv. 在旁邊;沿著,
日常生活對話,deadly,"adv. 死一般地;非常,極度地",
日常生活對話,hereafter,adv. 此後;在來世,
日常生活對話,likewise,adv. 同樣地;也;又,
日常生活對話,outright,adv. 全部地;無保留地;公然,
日常生活對話,overhead,adv. 在頭頂上;在上頭;高高地,
日常生活對話,regardless,adv. 無論如何,
日常生活對話,retail,adv. 以零售方式;以零售價格,
日常生活對話,sheer,adv. 全然;十足地;陡峭地,
日常生活對話,smack,adv. 猛然地;砰然作聲地;不偏不倚地,
日常生活對話,thereafter,adv. 之後;以後,
日常生活對話,thereby,adv. 因此;由此,
日常生活對話,alongside,prep. 在...旁邊;沿著...的邊,
日常生活對話,abbreviation,n. 縮寫;省略,
休閒與運動,aboriginal,n. 土著居民; 土生動物(或植物),
自然與環境,aborigine,n. 土著居民,
日常生活對話,abstraction,n. 抽象,
日常生活對話,abundance,n. 豐富;充足,
日常生活對話,abuse,n. 濫用;虐待,
交通與旅遊,acceleration,n. 加速;促進,
日常生活對話,accessory,n. 附件;配件;從犯,
居家與生活,accommodation,n. 適應;方便設施;住處,
日常生活對話,accord,n. 一致;符合,
日常生活對話,accordance,n. 一致;和諧;符合,
教育與學術,accounting,n. 會計;會計學,
日常生活對話,accumulation,n. 累積;積聚,
日常生活對話,accusation,n. 指控;指責,
日常生活對話,acquisition,n. 收購;取得,
休閒與運動,activist,n. 激進主義份子;行動主義者,
日常生活對話,adaptation,n. 適應;改寫,
日常生活對話,addict,n. 入迷的人;有癮的人,
日常生活對話,addiction,n. 沈溺;上癮,
居家與生活,administration,n. 管理;經營;管理部門,
日常生活對話,administrator,n. 管理人;行政官員,
日常生活對話,advocate,n. 提倡者;擁護者,
日常生活對話,aggression,n. 侵略;侵犯行為,
飲食與餐飲,alcoholic,n. 酒鬼,
日常生活對話,alliance,n. 結盟;聯盟,
日常生活對話,alternative,n. 選擇的自由(或餘地),
日常生活對話,ambiguity,n. 意義不明確;模稜兩可的話,
交通與旅遊,ambulance,n. 救護車,
日常生活對話,ambush,n. 埋伏;伏擊,
日常生活對話,analects,n. 文選;論集,
日常生活對話,analogy,n. 相似;類推;類比,
日常生活對話,analyst,n. 分析師,
日常生活對話,anchorman,n. 男主播,
日常生活對話,anchorwoman,n. 女主播,
日常生活對話,anecdote,n. 軼事;祕史,
情緒與性格,annoyance,n. 惱怒;打擾;討厭的東西(或人),
日常生活對話,Antarctic,n. 南極區,
自然與環境,antenna,n. 觸角;觸鬚;天線,
醫療與健康,antibiotic,n. 抗生素;抗菌素,
日常生活對話,antibody,n. 抗體,
日常生活對話,anticipation,n. 預期,
日常生活對話,antonym,n. 反義字,
教育與學術,apprentice,n. 學徒;生手,
自然與環境,aptitude,n. 傾向;習性;天資,
日常生活對話,Arctic,n. 北極地帶;北極圈,
交通與旅遊,artery,n. 動脈;要道,
商務與職場,artifact,n. 人工製品;手工藝品,
日常生活對話,assessment,n. 估價;評價,
日常生活對話,assumption,n. 假設;擔任,
醫療與健康,asthma,n. 氣喘(病);哮喘,
醫療與健康,asylum,n. 收容院;避難所;政治庇護,
教育與學術,attainment,"n. 達到;獲得;到達;成就;學識,才能",
日常生活對話,attendant,n. 出席者;陪從;服務員,
日常生活對話,attic,n. 頂樓;閣樓,
日常生活對話,auction,n. 拍賣,
教育與學術,autograph,n. (尤指名人的)親筆簽名,
醫療與健康,autonomy,n. 自治;自治權;自治團體,
交通與旅遊,aviation,n. 航空;飛行,
自然與環境,barometer,n. 晴雨表;顯示變化的事物,
飲食與餐飲,beverage,n. 飲料,
日常生活對話,bias,n. 偏見;成見;斜線,
日常生活對話,binoculars,n. 雙筒望遠鏡,
教育與學術,biochemistry,n. 生物化學,
日常生活對話,blunder,n. 大錯,
日常生活對話,bondage,n. 奴隸身分;奴役;束縛,
休閒與運動,boost,n. 一舉;一抬;推動;促進,
醫療與健康,bout,n. (拳擊等)比賽;較量;(疾病等)發作,
日常生活對話,boycott,n. 聯合抵制,
日常生活對話,breakdown,n. 故障;損壞;崩潰;分析,
日常生活對話,breakthrough,n. 突圍;突破;突破性進展,
日常生活對話,breakup,n. 分裂;關係破裂;解體,
飲食與餐飲,brew,n. 釀製飲料,
日常生活對話,brink,n. 邊;邊緣,
日常生活對話,brochure,n. 小冊子,
日常生活對話,brute,n. 畜生;殘暴的人,
日常生活對話,buckle,n. 帶釦;搭鉤,
醫療與健康,bureaucracy,n. 官僚政治;(總稱)官僚,
日常生活對話,burial,n. 埋葬;葬禮;墓地,
科技與數位,byte,n. (電腦)位元組,
飲食與餐飲,caffeine,n. 咖啡因,
日常生活對話,calcium,n. 鈣,
日常生活對話,canvas,n. 油畫布,
日常生活對話,capability,n. 能力;性能,
日常生活對話,capsule,n. 小盒;膠囊;太空艙,
日常生活對話,caption,n. 標題;字幕,
日常生活對話,captive,n. 俘虜;獵獲物;著迷的人,
日常生活對話,captivity,n. 囚禁;束縛,
飲食與餐飲,carbohydrate,n. 碳水化合物;含醣食物,
情緒與性格,caress,n. 愛撫;撫摸;寵愛,
日常生活對話,carol,n. (耶誕)頌歌;讚美詩,
日常生活對話,cashier,n. 出納員,
醫療與健康,casualty,n. 傷亡人員,
日常生活對話,catastrophe,n. 大災難;慘敗,
交通與旅遊,cavalry,n. 騎兵;騎兵部隊,
醫療與健康,cavity,n. 洞;(身體的)腔;(牙的)蛀洞,
日常生活對話,cemetery,n. 公墓;墓地,
日常生活對話,certainty,n. 確實;必然,
飲食與餐飲,champagne,n. 香檳酒;香檳酒色,
日常生活對話,chaos,n. 混亂;雜亂的一團,
教育與學術,charcoal,n. 木炭;炭筆;深灰色,
交通與旅遊,chariot,n. (古代的)雙輪戰車,
日常生活對話,cholesterol,n. 膽固醇,
日常生活對話,chuckle,n. 咯咯聲;輕笑聲,
飲食與餐飲,chunk,n. (肉、木材等的)大塊;厚片,
日常生活對話,clamp,n. 螺絲鉗;鐵箍,
日常生活對話,clarity,n. (思想、文體等的)清楚;明晰,
日常生活對話,clearance,n. 清掃;出空;清倉大拍賣,
日常生活對話,clench,n. 緊握;緊咬,
日常生活對話,clone,n. 無性繁殖系;複製品,
日常生活對話,closure,n. 關閉;打烊;結束;終止,
日常生活對話,coffin,n. 棺材;靈柩,
日常生活對話,coincidence,n. 巧合,
日常生活對話,collective,n. 集體農場(或企業);集團,
居家與生活,collector,n. 收集者;收藏家,
日常生活對話,collision,n. 相撞;衝突;抵觸,
居家與生活,columnist,n. 專欄作家,
日常生活對話,commentary,n. 評論;註釋,
日常生活對話,commitment,"n. 託付,交託; 承諾, 保證",
日常生活對話,companionship,n. 友誼;交往;伴侶關係,
商務與職場,compensation,n. 補償;賠償;報酬,
商務與職場,competence,n. 能力;勝任;稱職,
日常生活對話,complement,n. 補充物;補足物,
日常生活對話,complexion,n. 面色;膚色,
日常生活對話,complexity,n. 複雜(性);錯綜(性),
醫療與健康,complication,n. 複雜(化);併發症;(新出現的)困難,
日常生活對話,component,n. 構成要素;零件;成分,
日常生活對話,conceit,n. 自滿;自負,
日常生活對話,conception,n. 概念;創始,
日常生活對話,concession,n. 讓步;讓予物,
日常生活對話,confrontation,n. 對抗,
醫療與健康,congressman,n. 美國眾議院議員,
日常生活對話,congresswoman,n. 國會女議員;女眾議員,
日常生活對話,conquest,n. 征服;克服;佔領,
日常生活對話,consensus,n. 一致;合意;輿論,
日常生活對話,conservation,n. 保存;(對自然資源的)保護,
日常生活對話,consolation,n. 安慰;慰藉,
日常生活對話,conspiracy,n. 陰謀;謀叛;共謀,
日常生活對話,constituent,n. 成分;組成的要素;選民,
商務與職場,consultation,n. 諮詢;商議,
日常生活對話,consumption,n. 消耗;用盡;消耗量,
日常生活對話,contemplation,n. 凝視;沈思;冥想,
休閒與運動,contestant,n. 參加競賽者;角逐者,
商務與職場,contractor,n. 承包商;立契約者,
日常生活對話,contradiction,n. 矛盾;否認;反駁,
日常生活對話,controversy,n. 爭論;爭議,
日常生活對話,conviction,n. 定罪;證明有罪;確信,
日常生活對話,coordinate,n. 同等的人(或物);座標,
飲食與餐飲,core,n. 果核;精髓;要義,
日常生活對話,corps,n. 兵團;部隊;團,
日常生活對話,corpse,n. 屍體;殘骸,
日常生活對話,correspondent,n. 通信者;通訊記者,
日常生活對話,corruption,n. 墮落;腐化;貪污;賄賂,
日常生活對話,cosmetics,"n. 化妝品,美容品",
居家與生活,cosmopolitan,n. 世界主義者;四海為家者,
日常生活對話,counterpart,n. 對應的人(或物),
日常生活對話,coverage,n. 覆蓋範圍;保險項目;新聞報導,
日常生活對話,cramp,n. 抽筋;夾鉗;束縛,
日常生活對話,credibility,n. 可信性;確實性,
日常生活對話,criterion,n. (判斷、批評的)標準;尺度,
日常生活對話,crook,n. 彎曲的東西;騙子;偷兒,
交通與旅遊,cruise,n. 巡航;航遊;巡邏,
交通與旅遊,cruiser,n. 巡洋艦;遊艇;警察巡邏車,
飲食與餐飲,crumb,n. 麵包屑;碎屑;少許,
飲食與餐飲,crumble,n. 酥皮點心(水果派),
飲食與餐飲,crust,n. 麵包皮;派餅皮;硬外皮,
自然與環境,daffodil,n. 黃水仙花;淡黃色,
日常生活對話,dandruff,n. 頭皮屑,
日常生活對話,daybreak,n. 黎明;破曉,
日常生活對話,decline,n. 下降;減少;衰退;傾斜,
日常生活對話,dedication,n. 奉獻;揭幕儀式;獻身,
日常生活對話,defect,n. 缺點;缺陷;不足之處,
日常生活對話,deficiency,n. 不足;缺陷;缺點,
日常生活對話,delinquent,n. 青少年罪犯;違法者,
日常生活對話,density,n. 密度,
商務與職場,deputy,"n. 代表,代理人;副職,副手",
日常生活對話,descendant,n. 後裔;從某一來源傳下的東西,
醫療與健康,descent,n. 下降;下傾;血統,
飲食與餐飲,diabetes,n. 糖尿病,
教育與學術,diagnosis,n. 診斷;診斷書;調查分析,
日常生活對話,diagram,n. 圖表;(曲)線圖,
日常生活對話,diameter,n. 直徑,
日常生活對話,dictation,n. 口述;聽寫,
日常生活對話,dictator,n. 獨裁者,
日常生活對話,dilemma,n. 困境;進退兩難,
日常生活對話,dimension,n. (長;寬;厚;高等的)尺寸;大小,
日常生活對話,diplomacy,n. 外交;外交手腕,
居家與生活,directory,n. 姓名住址簿;使用手冊,
日常生活對話,disability,n. 無能;殘障,
日常生活對話,discharge,n. 卸貨;發射;排出;釋放;解雇,
日常生活對話,disclosure,n. 透露;揭發的事情,
日常生活對話,discomfort,n. 不舒服;不安,
日常生活對話,discrimination,n. 歧視;辨別力,
日常生活對話,disgrace,n. 恥辱;丟臉的事(或人),
情緒與性格,dismay,n. 驚慌;沮喪,
日常生活對話,dispatch,n. 派遣;發送,
日常生活對話,disposable,n. 用完即丟棄的物品(如紙尿布),
日常生活對話,disposal,n. 處理;(自由)處置權,
日常生活對話,disregard,n. 漠視,
日常生活對話,dissident,n. 不贊成者;持不同政見者,
日常生活對話,distraction,n. 分心;注意力分散,
日常生活對話,distrust,n. 不信任;懷疑,
日常生活對話,disturbance,n. 擾亂;打擾,
日常生活對話,diversion,n. 轉向;轉移;分散注意力,
日常生活對話,diversity,n. 差異;多樣性,
教育與學術,doctrine,n. 教義;信條,
休閒與運動,documentary,n. 記錄影片,
居家與生活,dome,n. 圓屋頂;穹窿;半球形物,
日常生活對話,donation,n. 捐獻;捐款,
日常生活對話,donor,n. 贈送人;捐贈者,
休閒與運動,doom,n. 厄運;毀滅,
醫療與健康,dosage,n. (藥的)劑量;服法,
日常生活對話,drawback,n. 缺點;不利條件;障礙,
自然與環境,drizzle,n. 毛毛雨,
日常生活對話,drought,n. 旱災,
飲食與餐飲,dynamite,n. 炸藥;具有爆炸性的事,
日常生活對話,ebb,n. 退潮;衰退,
日常生活對話,eccentric,n. 古怪的人,
教育與學術,ecology,n. 生態學;生態,
情緒與性格,ecstasy,n. 狂喜;入迷,
日常生活對話,editorial,n. 社論,
科技與數位,electron,n. 電子,
日常生活對話,elite,n. 精華;精英,
日常生活對話,eloquence,n. 雄辯;(流利的)口才,
日常生活對話,emigrant,n. (往他國的)移民;移出者,
日常生活對話,emigration,n. 移居;(總稱)移民,
日常生活對話,enactment,"n. (法律的)制定;法規,條例",
日常生活對話,enclosure,n. 封入;圈地;圍牆;附件,
教育與學術,encyclopedia,n. 百科全書,
日常生活對話,endurance,"n. 忍耐,耐久力",
日常生活對話,enhancement,"n. 提高,增加",
教育與學術,enlightenment,n. 啟蒙;教化;開明,
飲食與餐飲,enrichment,n. 致富;豐富;添加肥料;增強食品營養,
醫療與健康,epidemic,n. 流行病;(流行病)傳播;流行,
日常生活對話,episode,n. 一個事件;一節;一齣;一集,
科技與數位,equation,n. 方程式;等式;相等,
日常生活對話,equivalent,n. 相等物;等價物,
日常生活對話,eruption,n. 爆發;噴出,
日常生活對話,essence,n. 本質;要素;精華;精油,
日常生活對話,eternity,n. 永遠;永恆;永世,
自然與環境,ethnic,n. 維護語言或風俗的小組成員,
日常生活對話,evolution,"n. 發展,進展",
日常生活對話,excerpt,n. 摘錄;引用,
日常生活對話,execution,n. 實行;執行;死刑,
休閒與運動,exotic,n. 隨音樂表演豔舞者,
日常生活對話,expedition,n. 遠征(隊);探險(隊),
居家與生活,expertise,n. 專門知識;專門技術,
自然與環境,expiration,n. 失效;期滿;吐氣,
情緒與性格,exploit,"n. 功績,功勳;英勇的行為",
日常生活對話,exploration,n. 勘查;探測,
日常生活對話,extract,n. 提取物;摘錄,
日常生活對話,eyesight,"n. 視力,目力",
日常生活對話,faction,n. 派別;小集團;派系之爭,
教育與學術,faculty,n. (學校的)全體教員;官能,
日常生活對話,familiarity,n. 熟悉;通曉,
日常生活對話,famine,n. 饑荒,
日常生活對話,fascination,n. 迷戀;陶醉,
日常生活對話,federation,n. 聯邦政府;聯邦制度;聯盟,
日常生活對話,feedback,n. 反饋的信息,
日常生活對話,fertility,n. 肥沃;繁殖力,
情緒與性格,fidelity,n. 忠誠;忠貞,
日常生活對話,flare,n. 閃耀的火光;閃光信號;照明彈,
交通與旅遊,fleet,n. 艦隊;機群;車隊,
日常生活對話,flicker,n. 閃爍;忽隱忽現,
休閒與運動,fling,n. 扔;擲;(手;腳等的)揮動,
日常生活對話,fluid,n. 液體,
醫療與健康,flutter,n. 振翼;飄動;(心臟等的)撲動,
醫療與健康,fracture,n. 折斷;骨折;裂縫,
日常生活對話,fragment,n. 碎片;斷片,
日常生活對話,fraud,n. 詭計;騙子;假貨,
休閒與運動,freak,n. 畸形人(或動植物);反常現象;怪人,
日常生活對話,friction,n. 摩擦;不和;爭執,
自然與環境,galaxy,n. 星系,
日常生活對話,generator,n. 發電機;產生器,
教育與學術,genetics,n. 遺傳學,
日常生活對話,glamour,"n. 魅力,誘惑力;迷人的美;妖豔",
日常生活對話,glassware,n. 玻璃器皿,
日常生活對話,glisten,n. 閃耀;閃光,
日常生活對話,graph,n. (曲線)圖;圖表,
日常生活對話,graphic,n. 畫像,
飲食與餐飲,grill,n. 烤架;燒烤的肉類食物,
飲食與餐飲,grocer,n. 食品雜貨商,
日常生活對話,grope,n. 觸摸;探索,
休閒與運動,guerrilla,n. 游擊隊(員),
日常生活對話,habitat,n. 棲地,
日常生活對話,hacker,n. 駭客,
日常生活對話,hail,n. 歡呼;打招呼;冰雹,
日常生活對話,harassment,n. 騷擾,
日常生活對話,hazard,n. 危險;危害物,
休閒與運動,hemisphere,n. (地球的)半球;半球體,
日常生活對話,hereafter,n. 未來;來世,
日常生活對話,heritage,n. 遺產;繼承物;傳統,
日常生活對話,heroin,n. 海洛因,
飲食與餐飲,highlight,n. 強光(效果);最精彩的部分,
日常生活對話,hormone,n. 荷爾蒙,
日常生活對話,hospitality,n. 好客;殷勤招待,
休閒與運動,hostility,n. 敵意;敵視;戰爭行動,
交通與旅遊,humanitarian,n. 人道主義者;慈善家,
飲食與餐飲,hunch,n. 預感;隆肉;肉峰,
休閒與運動,hurdle,n. 跳欄;跨欄賽跑;障礙,
教育與學術,hygiene,n. 衛生;衛生學;保健法,
情緒與性格,hypocrisy,n. 偽善;虛偽,
情緒與性格,hypocrite,n. 偽善者;偽君子,
日常生活對話,illusion,n. 錯覺;假象;幻想,
自然與環境,imperative,n. 必要的事;命令;祈使語氣,
商務與職場,implement,n. 工具;器具;裝備,
日常生活對話,implication,n. 含意;言外之意;暗示,
日常生活對話,imprisonment,n. 監禁;限止,
休閒與運動,incentive,n. 鼓勵;動機,
日常生活對話,incline,n. 傾斜;斜面;斜坡,
情緒與性格,indignation,n. 憤怒;憤慨;義憤,
日常生活對話,inference,"n. 推論,推斷",
日常生活對話,ingenuity,n. 心靈手巧;獨創性;足智多謀,
居家與生活,inhabitant,"n. 居民,居住者",
休閒與運動,initiative,n. 倡議;主動權,
日常生活對話,injection,n. 注射,
日常生活對話,injustice,n. 非正義;不公正,
日常生活對話,innovation,n. 革新;創新;新事物,
日常生活對話,inquiry,"n. 詢問,打聽;質詢",
日常生活對話,insight,n. 洞察力;洞悉,
日常生活對話,insistence,n. 堅持,
日常生活對話,installation,n. 設施;安裝,
日常生活對話,installment,n. 分期付款;安置,
日常生活對話,institution,n. 機構,
日常生活對話,integration,n. 整合;積分,
醫療與健康,integrity,n. 正直;廉正;健全,
日常生活對話,intellect,n. 智力;理解力;有才智的人,
交通與旅遊,intersection,n. 交叉點;十字路口,
日常生活對話,interval,n. 間隔;距離,
日常生活對話,intervention,n. 介入;干預;調停,
日常生活對話,intimacy,n. 熟悉;親密;親近,
日常生活對話,intruder,n. 侵入者;闖入者,
日常生活對話,inventory,n. 存貨清單,
教育與學術,investigator,n. 調查者;研究者,
飲食與餐飲,irony,n. 反語;諷刺;出乎意料的結果,
情緒與性格,irritation,n. 激怒;惱怒,
飲食與餐飲,kernel,"n. (果核或果殼內的)仁;核心,要點",
醫療與健康,lament,n. 悲痛之情;哀悼;悼詞,
日常生活對話,lava,n. 熔岩;火山岩,
商務與職場,layman,n. (未受神職的)一般信徒;外行人,
日常生活對話,layout,n. 設計;佈局;版面設計,
商務與職場,legislator,n. 立法委員;國會議員,
日常生活對話,legislature,n. 立法機關;(美國的)州議會,
日常生活對話,liberation,n. 解放;釋出,
日常生活對話,limo,n. limousine,
交通與旅遊,limousine,n. 大轎車,
教育與學術,liner,n. 班輪;眼線筆,
教育與學術,linguist,n. 語言學者;通曉數種外語的人,
日常生活對話,liquid crystal display,n. 液晶顯示 (LCD),
日常生活對話,liter,n. 公升,
教育與學術,literacy,n. 識字;讀寫能力,
教育與學術,literate,n. 能讀寫的人,
日常生活對話,longevity,n. 長壽;壽命,
交通與旅遊,lounge,n. (旅館等的)會客廳;候機室;躺椅,
日常生活對話,lunatic,n. 瘋子;瘋傻的人,
日常生活對話,lure,n. 誘惑物;魅力;誘餌,
日常生活對話,lyric,n. 抒情作品;歌詞,
日常生活對話,magnitude,n. 巨大;重大;強度,
日常生活對話,malaria,n. 瘧疾,
日常生活對話,manuscript,n. 手稿;打字稿;原稿,
日常生活對話,massacre,n. 大屠殺;慘敗,
醫療與健康,mastery,n. 支配;統治;精通;掌握,
日常生活對話,material,"n. 材料,原料",
日常生活對話,materialism,n. 唯物論;唯物主義,
居家與生活,mattress,n. 床墊,
科技與數位,mechanism,n. 機械裝置;機械作用;結構,
醫療與健康,medication,n. 藥物治療;藥物,
日常生活對話,meditation,n. 沈思;默想;冥想,
情緒與性格,melancholy,n. 憂鬱;愁思,
醫療與健康,mentality,n. 智力;精神性;心理狀態,
商務與職場,merchandise,n. 商品;貨物,
日常生活對話,metaphor,n. 隱喻;象徵,
日常生活對話,metropolitan,n. 大城市人,
日常生活對話,migration,n. 遷移;遷徙;移民群,
日常生活對話,militant,n. 好鬥者;激進分子,
商務與職場,miller,n. 磨坊主;碾磨工,
休閒與運動,mimic,n. 善於模仿的人;滑稽劇演員,
日常生活對話,miniature,n. 縮樣;縮圖;小型物,
教育與學術,missionary,n. 傳教士;鼓吹者;(外交)使節,
日常生活對話,modernization,n. 現代化;現代化的事物,
日常生活對話,mold,n. 模子;鑄型;模製品;霉,
休閒與運動,momentum,n. 動量;氣勢;動力,
日常生活對話,monopoly,n. 獨佔;專賣;壟斷,
日常生活對話,monotony,n. 單調;千篇一律,
交通與旅遊,morale,n. 士氣;鬥志;道德,
交通與旅遊,morality,n. 道德;倫理;寓意,
日常生活對話,motto,n. 座右銘;格言,
休閒與運動,mouthpiece,n. 樂器的吹口;電話的送話口;代言人,
日常生活對話,mute,n. 啞巴;弱音器,
日常生活對話,mythology,n. (總稱)神話,
日常生活對話,narrative,n. 記敘文;故事;敘述,
日常生活對話,narrator,n. 解說員;敘述者,
居家與生活,nationalism,n. 民族主義;國家主義,
居家與生活,naturalist,n. 博物學家,
日常生活對話,navel,n. 肚臍;中央;中心,
交通與旅遊,navigation,n. 航海;航空;導航,
商務與職場,negotiation,"n. 談判,協商",
日常生活對話,neon,n. 氖;霓虹燈,
日常生活對話,neutral,n. 中立者;中立國;空檔,
日常生活對話,newlywed,n. 新結婚的人,
日常生活對話,newscaster,n. 新聞廣播員,
日常生活對話,nomination,n. 提名;任命,
日常生活對話,nominee,n. 被提名人,
日常生活對話,norm,n. 基準;規範;定額,
飲食與餐飲,nourishment,"n. 食物,營養品;養育,滋養",
日常生活對話,nuisance,n. 討厭的人(或事物);騷擾行為,
日常生活對話,nurture,n. 營養物;養育;培育,
日常生活對話,nutrient,"n. 營養物,滋養物",
日常生活對話,nutrition,"n. 營養,滋養",
交通與旅遊,obligation,n. (道義上或法律上的)義務,
教育與學術,offering,n. 提供;供奉;捐獻物;供物;課程,
日常生活對話,offspring,n. 子女;子孫;後代,
日常生活對話,opposition,n. 反對;反抗,
日常生活對話,oppression,n. 壓迫;壓制,
日常生活對話,option,n. 選擇;選擇權,
教育與學術,ordeal,n. 嚴峻考驗;折磨,
日常生活對話,orderly,"n. 勤務員,護理員",
日常生活對話,organism,n. 生物;有機體,
日常生活對話,originality,n. 創造力;獨創性;創見;創舉,
休閒與運動,outbreak,n. 爆發;暴動,
居家與生活,outfit,n. 全套(工具、衣物等),
交通與旅遊,outing,n. 遠足;郊遊,
日常生活對話,outlaw,n. 罪犯;亡命之徒,
交通與旅遊,outlet,n. 出口;出路;商店,
自然與環境,outlook,n. 觀點;展望;風光;瞭望,
日常生活對話,outrage,n. 暴行;不法行為;凌辱;義憤,
日常生活對話,outset,n. 最初;開始;開端,
自然與環境,overhead,n. 經常費用;天花板,
日常生活對話,overlap,n. 重疊,
日常生活對話,overturn,"n. 翻轉,傾覆;周轉,流通",
商務與職場,pact,n. 契約;協定,
日常生活對話,pamphlet,n. 小冊子,
日常生活對話,parliament,"n. 議會,國會",
日常生活對話,pedestrian,n. 步行者;行人,
交通與旅遊,peninsula,n. 半島,
日常生活對話,pension,n. 退休金;養老金,
日常生活對話,perception,n. 感知;察覺;認知,
日常生活對話,perseverance,n. 堅持不懈;堅忍不拔,
日常生活對話,persistence,n. 堅持;固執;持續,
交通與旅遊,perspective,n. 看法;遠景;前途;透視圖,
自然與環境,pesticide,n. 殺蟲劑,
自然與環境,petroleum,n. 石油,
醫療與健康,pharmacist,n. 配藥者;藥劑師,
居家與生活,pharmacy,n. 製藥業;藥房,
日常生活對話,phase,n. 階段;相,
情緒與性格,piety,n. 虔誠;孝順,
日常生活對話,pipeline,n. 導管;輸油管,
日常生活對話,pitcher,n. 大水罐;一壺的量;投手,
日常生活對話,plight,n. 境況;困境,
日常生活對話,pneumonia,n. 肺炎,
飲食與餐飲,poacher,n. 煮蛋用的鍋;蒸鍋;偷獵者,
自然與環境,pollutant,n. 污染物;污染源,
日常生活對話,posture,n. 姿勢;姿態,
日常生活對話,precedent,n. 先例;慣例,
日常生活對話,precision,n. 精確(性);準確(性);清晰(性),
日常生活對話,predecessor,n. 前任;祖先,
日常生活對話,prediction,n. 預言;預報,
日常生活對話,preface,n. 序言;緒言,
日常生活對話,prejudice,n. 偏見;歧視,
教育與學術,preliminary,n. 初步;初試;預賽,
日常生活對話,premier,n. 首相;總理,
日常生活對話,prescription,n. 指示;法規;處方,
商務與職場,presidency,n. 公司總裁(大學校長等)的職位,
日常生活對話,prestige,n. 名望;聲望,
日常生活對話,preventive,n. 預防法;預防措施;預防物,
日常生活對話,productivity,n. 生產力;生產率,
日常生活對話,proficiency,n. 精通;熟練,
日常生活對話,progressive,n. 革新主義者,
日常生活對話,prohibition,n. 禁止;禁令,
休閒與運動,projection,n. 規劃;投影;投射;預測,
日常生活對話,propaganda,n. 宣傳,
日常生活對話,propeller,n. 螺旋槳;推進器,
日常生活對話,prose,n. 散文;平凡,
日常生活對話,prosecution,n. 起訴;告發,
日常生活對話,provincial,n. 地方居民;鄉下人,
飲食與餐飲,prowl,n. 四處覓食;徘徊,
居家與生活,purity,n. 純淨;清潔;純潔,
日常生活對話,qualification,"n. 資格,能力",
日常生活對話,query,n. 質問;詢問,
日常生活對話,questionnaire,n. 問卷;意見調查表,
日常生活對話,racism,n. 種族主義;種族歧視,
日常生活對話,radiant,"n. 發光(或發熱)的物體,光點",
日常生活對話,radiation,n. 放射線,
日常生活對話,radiator,n. 散熱器,
日常生活對話,radical,n. 根部;基礎;基本原理,
日常生活對話,raft,n. 筏子;橡皮艇,
日常生活對話,raid,n. 突然襲擊;劫掠,
日常生活對話,ransom,n. 贖金,
日常生活對話,rash,n. 疹子,
日常生活對話,ravage,"n. 毀滅;蹂躪;劫掠;災害,災難",
日常生活對話,realism,n. 現實性;現實主義,
日常生活對話,realization,n. 領悟;體現,
日常生活對話,rebellion,n. 反叛;反抗,
日常生活對話,recession,n. 衰退,
日常生活對話,recipient,n. 接受者,
日常生活對話,recommendation,n. 推薦;推薦信,
日常生活對話,recruit,n. 新兵;新手;補給品,
日常生活對話,refinement,"n. 優雅,高雅;提煉,精煉",
飲食與餐飲,refreshment,n. 茶點;精力恢復,
日常生活對話,refund,n. 償還;退款,
日常生活對話,regime,n. 政體;政權,
教育與學術,rehearsal,"n. 排練,試演;練習",
日常生活對話,rein,n. 韁繩;駕馭;控制,
休閒與運動,relay,n. 轉達;轉播;接力賽跑,
日常生活對話,reliance,n. 信任;依賴,
飲食與餐飲,relish,n. 滋味;愛好;開胃食品,
日常生活對話,remainder,n. 剩餘物;其餘的人;餘數,
商務與職場,removal,n. 除去;免職,
休閒與運動,renaissance,n. 文藝復興,
居家與生活,rental,n. 租金;租賃;出租,
日常生活對話,resemblance,n. 相似,
日常生活對話,reservoir,n. 蓄水庫;貯水池,
日常生活對話,restoration,n. 恢復;復辟;修復;重建;歸還,
日常生活對話,restraint,n. 克制;控制;管押,
日常生活對話,retail,n. 零售,
自然與環境,revelation,n. 揭示;顯示;天啟,
居家與生活,revenue,n. (國家的)歲入;稅收,
日常生活對話,revival,n. 甦醒;再生;復興,
教育與學術,rhetoric,n. 修辭;修辭學;辭令,
日常生活對話,ridicule,n. 嘲笑;揶揄;奚落,
日常生活對話,riot,n. 暴亂;騷亂;狂歡,
日常生活對話,rite,n. 儀式;慣例,
日常生活對話,ritual,n. 儀式;典禮;老規矩,
日常生活對話,rivalry,n. (競爭或對抗)行為,
日常生活對話,rotation,n. 旋轉;自轉;輪流,
商務與職場,royalty,n. (總稱)皇族或王族;王位;專利權稅,
自然與環境,ruby,n. 紅寶石;暗紅色,
日常生活對話,safeguard,n. 保護;防衛;預防措施,
飲食與餐飲,saloon,n. (旅館;輪船等的)大廳;酒館,
自然與環境,salvation,n. 拯救;救星;救世,
日常生活對話,sanction,n. 國際制裁,
日常生活對話,sanctuary,n. 聖所;聖殿;庇護所,
日常生活對話,sanitation,n. 公共衛生;衛生設備,
日常生活對話,scope,n. 範圍;領域,
教育與學術,script,n. 筆跡;(戲劇、廣播等的)腳本,
居家與生活,sector,n. 扇形;扇形面部分;部門,
商務與職場,seminar,n. 專題討論(課或會議),
日常生活對話,senator,n. 參議員,
日常生活對話,sequence,n. 連續;一連串;次序,
日常生活對話,serenity,n. 晴朗;平靜;沈著,
飲食與餐飲,serving,n. 服務;侍候;(食物、飲料等)一份,
日常生活對話,session,n. 開庭;會期;講習會,
日常生活對話,setback,n. 挫折;倒退,
交通與旅遊,sewer,n. 污水管;下水道,
居家與生活,shed,n. 分水嶺;小屋;堆房,
日常生活對話,shilling,n. 先令,
日常生活對話,siege,n. 圍攻;包圍;圍城,
日常生活對話,signature,"n. 簽名,簽署",
日常生活對話,silicon,n. 矽,
日常生活對話,simplicity,n. 簡單;單純,
日常生活對話,skim,n. 掠過,
日常生活對話,slang,n. slang,
日常生活對話,slash,n. 猛砍;亂砍;大幅度削減,
日常生活對話,slavery,n. 奴隸身分;奴役,
飲食與餐飲,slot,n. 狹長孔;投幣口;位置;吃角子老虎,
日常生活對話,slum,n. 貧民窟;陋巷,
飲食與餐飲,smack,n. 滋味;少許;掌摑;咂嘴(聲);響吻,
自然與環境,smallpox,n. 天花,
日常生活對話,smother,n. 窒息狀態,
自然與環境,snare,n. (捕捉鳥、獸的)陷阱;圈套,
日常生活對話,sneer,n. 冷笑;嘲笑,
日常生活對話,socialism,n. 社會主義,
日常生活對話,socialist,n. 社會主義者,
教育與學術,sociology,n. 社會學,
日常生活對話,sodium,n. 鈉,
日常生活對話,solidarity,n. 團結一致,
日常生活對話,solitude,n. 孤獨;隱居,
居家與生活,sovereignty,n. 統治權;主權;主權國家,
日常生活對話,span,n. 礅距;跨度;一段時間,
日常生活對話,specialty,n. 專業;專長,
日常生活對話,spectacular,n. 奇觀;壯觀,
日常生活對話,spectrum,n. 光譜;頻譜,
休閒與運動,sphere,n. 球;球體;球形,
居家與生活,spike,n. 牆頭釘;尖鐵;釘鞋;細高跟,
日常生活對話,spiral,n. 螺旋(形);盤旋,
日常生活對話,spire,n. 尖塔;尖頂,
日常生活對話,spokesman,"n. 發言人,代言人",
日常生活對話,spokesperson,n. 發言人,
日常生活對話,spokeswoman,n. 女發言人,
日常生活對話,sponsor,n. 發起者;主辦者,
日常生活對話,spouse,n. 配偶,
日常生活對話,sprawl,n. 伸開四肢的躺臥姿勢;蔓生,
日常生活對話,squad,n. 班;小隊;小組,
日常生活對話,squash,n. 擠壓;壓碎的東西;南瓜,
日常生活對話,stability,n. 穩定;穩定性;安定,
日常生活對話,stalk,n. 悄悄的追蹤;莖;柄,
飲食與餐飲,stammer,n. 口吃;結巴,
教育與學術,staple,n. U形釘;釘書針;日常必需品,
教育與學術,stapler,n. 釘書機,
日常生活對話,starch,n. 澱粉,
飲食與餐飲,starvation,n. 飢餓;挨餓,
日常生活對話,stationery,n. 文具,
日常生活對話,stature,n. 身高;高度,
交通與旅遊,steamer,n. 汽船;蒸鍋;蒸籠,
情緒與性格,stimulation,n. 刺激;興奮;激勵,
情緒與性格,stimulus,n. 刺激;刺激品;興奮劑,
交通與旅遊,stock,n. (公司的)股票;存貨,
自然與環境,stunt,n. 絕技;噱頭;矮小的人(或樹),
商務與職場,subordinate,n. 部下;下級職員,
日常生活對話,subscription,n. 訂閱費;會費;捐款;署名,
日常生活對話,substitution,n. 代替;代替物,
日常生活對話,succession,n. 連續;一連串;繼承權,
日常生活對話,successor,n. 繼任者;繼承人,
居家與生活,suite,n. 套房;系列,
日常生活對話,superiority,n. 優越;優勢;上級,
日常生活對話,supervision,n. 管理;監督,
教育與學術,supplement,n. 增補;(書籍的)補遺;附錄,
日常生活對話,surplus,n. 過剩;剩餘物;盈餘,
日常生活對話,suspense,n. 掛慮;懸疑;暫時停止,
商務與職場,suspension,n. 暫停;中止;停職,
日常生活對話,swap,n. 交換;交換的東西,
日常生活對話,symmetry,n. 對稱(性),
醫療與健康,symptom,"n. 症狀,徵候",
日常生活對話,synonym,n. 同義字;同物異名,
日常生活對話,synthetic,n. 合成物;合成纖維,
日常生活對話,tact,n. 老練;機智;得體,
日常生活對話,tactic,n. 戰術;策略;手法,
商務與職場,tariff,n. 關稅;稅率,
自然與環境,temperament,n. 氣質;性情,
休閒與運動,tempest,n. 暴風雨;暴風雪;騷動,
日常生活對話,textile,n. 紡織品;紡織原料,
日常生活對話,texture,n. (織物的)結構;質地;紋理;肌理,
日常生活對話,theft,"n. 偷竊,盜竊",
居家與生活,therapist,n. 治療技師或專家,
醫療與健康,therapy,"n. 治療,療法",
日常生活對話,thermometer,n. 溫度計;寒暑錶,
居家與生活,threshold,n. 門檻;開端;起點,
日常生活對話,thrift,n. 節儉;繁茂;互助儲蓄銀行,
醫療與健康,throb,n. 跳動;悸動;抽動;抽痛,
醫療與健康,toll,n. 通行費;長途電話費;傷亡人數;鐘聲,
自然與環境,tornado,n. 龍捲風,
日常生活對話,trait,n. 特徵;特點;特性;少許,
日常生活對話,tranquilizer,n. 鎮定劑;精神安定劑,
商務與職場,transaction,n. 辦理;處置;執行;交易,
日常生活對話,transcript,n. 抄本;謄本;成績報告單,
日常生活對話,transformation,n. 變化;轉變;變形;變質,
日常生活對話,transistor,n. 電晶體,
科技與數位,transit,n. 運輸;通過;公共交通系統;轉變,
日常生活對話,transition,n. 過渡;過渡時期;轉變,
交通與旅遊,transmission,n. 傳送;傳染;傳播;變速器;播送,
自然與環境,transplant,n. 移植,
醫療與健康,trauma,n. 外傷;傷口;(感情方面的)創傷,
居家與生活,tread,n. 踩;踏;樓梯踏板;輪胎面;鞋底,
日常生活對話,treason,n. 叛國罪;謀反罪;叛國;背叛,
飲食與餐飲,trek,n. (長途而辛苦的)旅行或移居,
日常生活對話,tremor,n. 震顫;顫抖,
日常生活對話,trespass,n. 擅自進入;非法侵入,
日常生活對話,trigger,n. (槍砲的)扳機;觸發器,
日常生活對話,trophy,n. 戰利品;獎品,
日常生活對話,tropic,n. 回歸線;熱帶,
商務與職場,truant,n. 逃學者;玩忽職守者,
日常生活對話,truce,n. 停戰;休戰協定,
醫療與健康,tuberculosis,n. 結核病,
日常生活對話,tumor,n. 腫瘤;腫塊,
休閒與運動,turmoil,n. 騷動;混亂,
日常生活對話,twilight,n. 微明;薄暮;暮年;朦朧狀態,
日常生活對話,tyranny,n. 暴政;專制;暴虐,
日常生活對話,ulcer,n. 潰瘍,
日常生活對話,ultimate,n. 最終的事物;終極,
日常生活對話,underestimate,n. 低估;估計不足,
日常生活對話,unemployment,n. 失業;失業狀態,
教育與學術,upbringing,n. 養育;教養,
日常生活對話,upgrade,n. 上坡;升級,
日常生活對話,uranium,n. 鈾,
日常生活對話,urgency,n. 緊急;迫切;急事,
日常生活對話,urine,n. 尿,
日常生活對話,usher,n. (劇場等的)引座員;接待員,
日常生活對話,utensil,n. 器皿;用具,
日常生活對話,utility,n. 效用;實用;公用事業,
日常生活對話,utmost,n. 極限;極度;最大可能,
日常生活對話,vaccine,n. 疫苗,
日常生活對話,validity,n. 確實;有效性,
自然與環境,vanilla,n. 香草精,
日常生活對話,variable,n. 可變物;可變因素,
日常生活對話,variation,n. 變化;變異,
日常生活對話,vendor,n. 小販,
日常生活對話,verge,n. 邊沿;邊緣,
日常生活對話,version,n. 譯文;版本,
醫療與健康,vet,n. 獸醫; 老兵,
日常生活對話,veteran,n. 富有經驗的人;退役軍人,
醫療與健康,veterinarian,n. 獸醫,
休閒與運動,vibration,n. 顫動;振動;震動,
情緒與性格,vice,n. 惡;罪行;惡習,
日常生活對話,victor,n. 勝利者,
居家與生活,villa,n. 別墅;(城郊)住宅,
日常生活對話,vineyard,n. 葡萄園,
日常生活對話,vitality,n. 活力;生命力,
休閒與運動,vocal,n. 母音;濁音;聲樂作品,
商務與職場,vocation,n. 行業;天職,
自然與環境,vogue,n. 風行;時髦事物(人物),
日常生活對話,vomit,n. 嘔吐;嘔吐物,
居家與生活,wardrobe,n. 衣櫃;(個人的)全部服裝,
日常生活對話,warfare,n. 戰爭;衝突;鬥爭,
教育與學術,warranty,n. 保證書;保單,
交通與旅遊,windshield,n. (汽車等的)擋風玻璃,
飲食與餐飲,wrench,n. 猛扭;扳手;痛苦,
日常生活對話,wrestle,n. 摔角;角力;搏鬥,
日常生活對話,Xerox,n. 複印件,
情緒與性格,zeal,n. 熱心;熱誠,
